filename,ground_truth,predicted_verdict,score,is_blocking,duration_ms,error
"CVE-2010-0188_PDF_05C415D57E92F43578D8DEA73932068B","malware","low_risk",40,False,12.49,"[Errno 22] Invalid argument: 'D:\\PDFSafe\\Testing Folders\\Testing Folders\\MALWARE_PDF_CVEsorted_173_files\\CVE-2010-0188_PDF_49files\\CVE-2010-0188_PDF_05C415D57E92F43578D8DEA73932068B'"
"CVE-2010-0188_PDF_05CB1CB01D66A3B5BAB693377235E24F","malware","low_risk",40,False,12.85,"[Errno 22] Invalid argument: 'D:\\PDFSafe\\Testing Folders\\Testing Folders\\MALWARE_PDF_CVEsorted_173_files\\CVE-2010-0188_PDF_49files\\CVE-2010-0188_PDF_05CB1CB01D66A3B5BAB693377235E24F'"
"CVE-2010-0188_PDF_022776A7AD7B521B1A51AFE8FF28AE15","malware","low_risk",40,False,40.14,"[Errno 22] Invalid argument: 'D:\\PDFSafe\\Testing Folders\\Testing Folders\\MALWARE_PDF_CVEsorted_173_files\\CVE-2010-0188_PDF_49files\\CVE-2010-0188_PDF_022776A7AD7B521B1A51AFE8FF28AE15'"
"CVE-2010-0188_PDF_06D8AFC570BA0ACDC1AFE5B2FCC06CB1","malware","low_risk",40,False,14.45,"[Errno 22] Invalid argument: 'D:\\PDFSafe\\Testing Folders\\Testing Folders\\MALWARE_PDF_CVEsorted_173_files\\CVE-2010-0188_PDF_49files\\CVE-2010-0188_PDF_06D8AFC570BA0ACDC1AFE5B2FCC06CB1'"
"CVE-2010-0188_PDF_07786908BA5EA0838A6E941028651DB7","malware","low_risk",40,False,14.26,"[Errno 22] Invalid argument: 'D:\\PDFSafe\\Testing Folders\\Testing Folders\\MALWARE_PDF_CVEsorted_173_files\\CVE-2010-0188_PDF_49files\\CVE-2010-0188_PDF_07786908BA5EA0838A6E941028651DB7'"
"CVE-2010-0188_PDF_06562CAD895504CD07E9466DF0CEFD57","malware","low_risk",40,False,44.39,"[Errno 22] Invalid argument: 'D:\\PDFSafe\\Testing Folders\\Testing Folders\\MALWARE_PDF_CVEsorted_173_files\\CVE-2010-0188_PDF_49files\\CVE-2010-0188_PDF_06562CAD895504CD07E9466DF0CEFD57'"
"CVE-2010-0188_PDF_078A661FD38B794192388DFCAF9DBA0B","malware","low_risk",40,False,13.35,"[Errno 22] Invalid argument: 'D:\\PDFSafe\\Testing Folders\\Testing Folders\\MALWARE_PDF_CVEsorted_173_files\\CVE-2010-0188_PDF_49files\\CVE-2010-0188_PDF_078A661FD38B794192388DFCAF9DBA0B'"
"CVE-2010-0188_PDF_07BC66B278DD8E810C8F8D5F82933494","malware","low_risk",40,False,14.31,"[Errno 22] Invalid argument: 'D:\\PDFSafe\\Testing Folders\\Testing Folders\\MALWARE_PDF_CVEsorted_173_files\\CVE-2010-0188_PDF_49files\\CVE-2010-0188_PDF_07BC66B278DD8E810C8F8D5F82933494'"
"CVE-2010-0188_PDF_07E48E0152B0ED7AF0DF7E296A0D17E2","malware","low_risk",40,False,13.58,"[Errno 22] Invalid argument: 'D:\\PDFSafe\\Testing Folders\\Testing Folders\\MALWARE_PDF_CVEsorted_173_files\\CVE-2010-0188_PDF_49files\\CVE-2010-0188_PDF_07E48E0152B0ED7AF0DF7E296A0D17E2'"
"CVE-2010-0188_PDF_08AF64224367146A4E0808A3E7247B81","malware","low_risk",40,False,12.83,"[Errno 22] Invalid argument: 'D:\\PDFSafe\\Testing Folders\\Testing Folders\\MALWARE_PDF_CVEsorted_173_files\\CVE-2010-0188_PDF_49files\\CVE-2010-0188_PDF_08AF64224367146A4E0808A3E7247B81'"
"CVE-2010-0188_PDF_09056DB3F3D6E9C5457A74CB06DA8DC2","malware","low_risk",40,False,13.36,"[Errno 22] Invalid argument: 'D:\\PDFSafe\\Testing Folders\\Testing Folders\\MALWARE_PDF_CVEsorted_173_files\\CVE-2010-0188_PDF_49files\\CVE-2010-0188_PDF_09056DB3F3D6E9C5457A74CB06DA8DC2'"
"CVE-2010-0188_PDF_09381CDB8AD8B3A65EE324AE4C1148FA","malware","low_risk",40,False,15.89,"[Errno 22] Invalid argument: 'D:\\PDFSafe\\Testing Folders\\Testing Folders\\MALWARE_PDF_CVEsorted_173_files\\CVE-2010-0188_PDF_49files\\CVE-2010-0188_PDF_09381CDB8AD8B3A65EE324AE4C1148FA'"
"CVE-2010-0188_PDF_094D8AE63ED0EB6647DE8226838F9901","malware","low_risk",40,False,13.82,"[Errno 22] Invalid argument: 'D:\\PDFSafe\\Testing Folders\\Testing Folders\\MALWARE_PDF_CVEsorted_173_files\\CVE-2010-0188_PDF_49files\\CVE-2010-0188_PDF_094D8AE63ED0EB6647DE8226838F9901'"
"CVE-2010-0188_PDF_09C78713A571C59D03DA71CA47178E8C","malware","low_risk",40,False,12.30,"[Errno 22] Invalid argument: 'D:\\PDFSafe\\Testing Folders\\Testing Folders\\MALWARE_PDF_CVEsorted_173_files\\CVE-2010-0188_PDF_49files\\CVE-2010-0188_PDF_09C78713A571C59D03DA71CA47178E8C'"
"CVE-2010-0188_PDF_09DA6543CA1F586F82F2DE451B1A7B2C","malware","low_risk",40,False,12.63,"[Errno 22] Invalid argument: 'D:\\PDFSafe\\Testing Folders\\Testing Folders\\MALWARE_PDF_CVEsorted_173_files\\CVE-2010-0188_PDF_49files\\CVE-2010-0188_PDF_09DA6543CA1F586F82F2DE451B1A7B2C'"
"CVE-2010-0188_PDF_0A0E4B020F33705BD5F52FD5A5B2D78C","malware","low_risk",40,False,77.71,"[Errno 22] Invalid argument: 'D:\\PDFSafe\\Testing Folders\\Testing Folders\\MALWARE_PDF_CVEsorted_173_files\\CVE-2010-0188_PDF_49files\\CVE-2010-0188_PDF_0A0E4B020F33705BD5F52FD5A5B2D78C'"
"CVE-2010-0188_PDF_0A20193B85AD3E0363BBA1A081A93D56","malware","low_risk",40,False,99.40,"[Errno 22] Invalid argument: 'D:\\PDFSafe\\Testing Folders\\Testing Folders\\MALWARE_PDF_CVEsorted_173_files\\CVE-2010-0188_PDF_49files\\CVE-2010-0188_PDF_0A20193B85AD3E0363BBA1A081A93D56'"
"CVE-2010-0188_PDF_0AAA76F7DCAACF8D4BE3BD9EB4ADAEC6","malware","low_risk",40,False,41.49,"[Errno 22] Invalid argument: 'D:\\PDFSafe\\Testing Folders\\Testing Folders\\MALWARE_PDF_CVEsorted_173_files\\CVE-2010-0188_PDF_49files\\CVE-2010-0188_PDF_0AAA76F7DCAACF8D4BE3BD9EB4ADAEC6'"
"CVE-2010-0188_PDF_0AD787D359B8133D9DD62E962742BAB5","malware","low_risk",40,False,60.90,"[Errno 22] Invalid argument: 'D:\\PDFSafe\\Testing Folders\\Testing Folders\\MALWARE_PDF_CVEsorted_173_files\\CVE-2010-0188_PDF_49files\\CVE-2010-0188_PDF_0AD787D359B8133D9DD62E962742BAB5'"
"CVE-2010-0188_PDF_0B86453BCCEC6B52B98029C14C03C7D5","malware","low_risk",40,False,108.56,"[Errno 22] Invalid argument: 'D:\\PDFSafe\\Testing Folders\\Testing Folders\\MALWARE_PDF_CVEsorted_173_files\\CVE-2010-0188_PDF_49files\\CVE-2010-0188_PDF_0B86453BCCEC6B52B98029C14C03C7D5'"
"CVE-2010-0188_PDF_0BCE5D99D43837DF3BEE032A0A92F036","malware","low_risk",40,False,56.71,"[Errno 22] Invalid argument: 'D:\\PDFSafe\\Testing Folders\\Testing Folders\\MALWARE_PDF_CVEsorted_173_files\\CVE-2010-0188_PDF_49files\\CVE-2010-0188_PDF_0BCE5D99D43837DF3BEE032A0A92F036'"
"CVE-2010-0188_PDF_0BE85FEC3D98D70F1FB6D08CCEF7FD65","malware","low_risk",40,False,52.31,"[Errno 22] Invalid argument: 'D:\\PDFSafe\\Testing Folders\\Testing Folders\\MALWARE_PDF_CVEsorted_173_files\\CVE-2010-0188_PDF_49files\\CVE-2010-0188_PDF_0BE85FEC3D98D70F1FB6D08CCEF7FD65'"
"CVE-2010-0188_PDF_0C0D4B0B5D5C7CF353C949AFB49E3A66","malware","low_risk",40,False,62.17,"[Errno 22] Invalid argument: 'D:\\PDFSafe\\Testing Folders\\Testing Folders\\MALWARE_PDF_CVEsorted_173_files\\CVE-2010-0188_PDF_49files\\CVE-2010-0188_PDF_0C0D4B0B5D5C7CF353C949AFB49E3A66'"
"CVE-2010-0188_PDF_0C1E79D71B93905CE6016C179E7E5A0B","malware","low_risk",40,False,82.77,"[Errno 22] Invalid argument: 'D:\\PDFSafe\\Testing Folders\\Testing Folders\\MALWARE_PDF_CVEsorted_173_files\\CVE-2010-0188_PDF_49files\\CVE-2010-0188_PDF_0C1E79D71B93905CE6016C179E7E5A0B'"
"CVE-2010-0188_PDF_1C013154B528B332CD1552451F8AD1A3","malware","low_risk",40,False,82.69,"[Errno 22] Invalid argument: 'D:\\PDFSafe\\Testing Folders\\Testing Folders\\MALWARE_PDF_CVEsorted_173_files\\CVE-2010-0188_PDF_49files\\CVE-2010-0188_PDF_1C013154B528B332CD1552451F8AD1A3'"
"CVE-2010-0188_PDF_202066E48F2A3B9D2B6A1379EB4BB9B0","malware","low_risk",40,False,62.34,"[Errno 22] Invalid argument: 'D:\\PDFSafe\\Testing Folders\\Testing Folders\\MALWARE_PDF_CVEsorted_173_files\\CVE-2010-0188_PDF_49files\\CVE-2010-0188_PDF_202066E48F2A3B9D2B6A1379EB4BB9B0'"
"CVE-2010-0188_PDF_241D98EEE2FE9B8D604C0E0EAE330D16","malware","low_risk",40,False,41.65,"[Errno 22] Invalid argument: 'D:\\PDFSafe\\Testing Folders\\Testing Folders\\MALWARE_PDF_CVEsorted_173_files\\CVE-2010-0188_PDF_49files\\CVE-2010-0188_PDF_241D98EEE2FE9B8D604C0E0EAE330D16'"
"CVE-2010-0188_PDF_2E2124D77A3892566C7F2DF207229960","malware","low_risk",40,False,40.54,"[Errno 22] Invalid argument: 'D:\\PDFSafe\\Testing Folders\\Testing Folders\\MALWARE_PDF_CVEsorted_173_files\\CVE-2010-0188_PDF_49files\\CVE-2010-0188_PDF_2E2124D77A3892566C7F2DF207229960'"
"CVE-2010-0188_PDF_354E8E20997C7D6D1D547D829005331D","malware","low_risk",40,False,39.93,"[Errno 22] Invalid argument: 'D:\\PDFSafe\\Testing Folders\\Testing Folders\\MALWARE_PDF_CVEsorted_173_files\\CVE-2010-0188_PDF_49files\\CVE-2010-0188_PDF_354E8E20997C7D6D1D547D829005331D'"
"CVE-2010-0188_PDF_517E74D09FBA08F34BC45B45057A4B80","malware","low_risk",40,False,38.41,"[Errno 22] Invalid argument: 'D:\\PDFSafe\\Testing Folders\\Testing Folders\\MALWARE_PDF_CVEsorted_173_files\\CVE-2010-0188_PDF_49files\\CVE-2010-0188_PDF_517E74D09FBA08F34BC45B45057A4B80'"
"CVE-2010-0188_PDF_53E98AD3C5D14619B7AB7BFA66F673F7","malware","low_risk",40,False,36.95,"[Errno 22] Invalid argument: 'D:\\PDFSafe\\Testing Folders\\Testing Folders\\MALWARE_PDF_CVEsorted_173_files\\CVE-2010-0188_PDF_49files\\CVE-2010-0188_PDF_53E98AD3C5D14619B7AB7BFA66F673F7'"
"CVE-2010-0188_PDF_0997C11E184C952F66F4D12F62D9D86A","malware","low_risk",40,False,1361.39,""
"CVE-2010-0188_PDF_560BB1F62714CCB8B42EF95B4CB32A40","malware","low_risk",40,False,1460.89,"[Errno 22] Invalid argument: 'D:\\PDFSafe\\Testing Folders\\Testing Folders\\MALWARE_PDF_CVEsorted_173_files\\CVE-2010-0188_PDF_49files\\CVE-2010-0188_PDF_560BB1F62714CCB8B42EF95B4CB32A40'"
"CVE-2010-0188_PDF_7D4D4912FBB187DBE614401CE7DF8352","malware","low_risk",40,False,365.83,"[Errno 22] Invalid argument: 'D:\\PDFSafe\\Testing Folders\\Testing Folders\\MALWARE_PDF_CVEsorted_173_files\\CVE-2010-0188_PDF_49files\\CVE-2010-0188_PDF_7D4D4912FBB187DBE614401CE7DF8352'"
"CVE-2010-0188_PDF_866A5A17DC3BD4D800F82A8286A5C2FE","malware","low_risk",40,False,40.86,"[Errno 22] Invalid argument: 'D:\\PDFSafe\\Testing Folders\\Testing Folders\\MALWARE_PDF_CVEsorted_173_files\\CVE-2010-0188_PDF_49files\\CVE-2010-0188_PDF_866A5A17DC3BD4D800F82A8286A5C2FE'"
"CVE-2010-0188_PDF_8A95DB16B47C6C95833D6018F1DF62DB","malware","low_risk",40,False,34.44,"[Errno 22] Invalid argument: 'D:\\PDFSafe\\Testing Folders\\Testing Folders\\MALWARE_PDF_CVEsorted_173_files\\CVE-2010-0188_PDF_49files\\CVE-2010-0188_PDF_8A95DB16B47C6C95833D6018F1DF62DB'"
"CVE-2010-0188_PDF_727F8D903636D47BBA07D0159E6E8E94","malware","low_risk",40,False,1363.20,"[Errno 22] Invalid argument: 'D:\\PDFSafe\\Testing Folders\\Testing Folders\\MALWARE_PDF_CVEsorted_173_files\\CVE-2010-0188_PDF_49files\\CVE-2010-0188_PDF_727F8D903636D47BBA07D0159E6E8E94'"
"CVE-2010-0188_PDF_900C530BC5B68FE4B339EC53627B99C5","malware","low_risk",40,False,41.83,"[Errno 22] Invalid argument: 'D:\\PDFSafe\\Testing Folders\\Testing Folders\\MALWARE_PDF_CVEsorted_173_files\\CVE-2010-0188_PDF_49files\\CVE-2010-0188_PDF_900C530BC5B68FE4B339EC53627B99C5'"
"CVE-2010-0188_PDF_9A3768A8374A1E489A94745C9CD185FC","malware","low_risk",40,False,34.52,"[Errno 22] Invalid argument: 'D:\\PDFSafe\\Testing Folders\\Testing Folders\\MALWARE_PDF_CVEsorted_173_files\\CVE-2010-0188_PDF_49files\\CVE-2010-0188_PDF_9A3768A8374A1E489A94745C9CD185FC'"
"CVE-2010-0188_PDF_A52545F2DC2EF9D914FD7D254BE3FB89","malware","low_risk",40,False,43.07,"[Errno 22] Invalid argument: 'D:\\PDFSafe\\Testing Folders\\Testing Folders\\MALWARE_PDF_CVEsorted_173_files\\CVE-2010-0188_PDF_49files\\CVE-2010-0188_PDF_A52545F2DC2EF9D914FD7D254BE3FB89'"
"CVE-2010-0188_PDF_C0B4A2320DF6F05DC1C73DC7385251BF","malware","low_risk",40,False,147.54,""
"CVE-2010-0188_PDF_0958329B4BD2A97907C44998EAB6FDBF","malware","low_risk",20,False,3007.08,""
"CVE-2010-0188_PDF_6AC220194E8B53C70CFACD6D3ED1F455","malware","low_risk",40,False,2201.20,"[Errno 22] Invalid argument: 'D:\\PDFSafe\\Testing Folders\\Testing Folders\\MALWARE_PDF_CVEsorted_173_files\\CVE-2010-0188_PDF_49files\\CVE-2010-0188_PDF_6AC220194E8B53C70CFACD6D3ED1F455'"
"CVE-2010-0188_PDF_E27F901BE05A4422C763A17BEBC02839","malware","low_risk",40,False,41.10,"[Errno 22] Invalid argument: 'D:\\PDFSafe\\Testing Folders\\Testing Folders\\MALWARE_PDF_CVEsorted_173_files\\CVE-2010-0188_PDF_49files\\CVE-2010-0188_PDF_E27F901BE05A4422C763A17BEBC02839'"
"CVE-2010-0188_PDF_E3C4ACEC0283AC0EEE81F23F6FF6EA8D","malware","low_risk",40,False,46.90,"[Errno 22] Invalid argument: 'D:\\PDFSafe\\Testing Folders\\Testing Folders\\MALWARE_PDF_CVEsorted_173_files\\CVE-2010-0188_PDF_49files\\CVE-2010-0188_PDF_E3C4ACEC0283AC0EEE81F23F6FF6EA8D'"
"CVE-2010-0188_PDF_F1E966769E544B4B67F203CA51909B9D","malware","low_risk",40,False,41.52,"[Errno 22] Invalid argument: 'D:\\PDFSafe\\Testing Folders\\Testing Folders\\MALWARE_PDF_CVEsorted_173_files\\CVE-2010-0188_PDF_49files\\CVE-2010-0188_PDF_F1E966769E544B4B67F203CA51909B9D'"
"CVE-2010-0188_PDF_94BA29C25CA0D032685CEACB84625AFA","malware","low_risk",40,False,460.76,"[Errno 22] Invalid argument: 'D:\\PDFSafe\\Testing Folders\\Testing Folders\\MALWARE_PDF_CVEsorted_173_files\\CVE-2010-0188_PDF_49files\\CVE-2010-0188_PDF_94BA29C25CA0D032685CEACB84625AFA'"
"CVE-2010-0188_PDF_CDF08BC02638CFCCB2687C3FFAD08119","malware","low_risk",40,False,373.93,"[Errno 22] Invalid argument: 'D:\\PDFSafe\\Testing Folders\\Testing Folders\\MALWARE_PDF_CVEsorted_173_files\\CVE-2010-0188_PDF_49files\\CVE-2010-0188_PDF_CDF08BC02638CFCCB2687C3FFAD08119'"
"CVE-2010-0188_PDF_C3FDCD761A60E77B8D58D5FB27CA3C87","malware","low_risk",40,False,573.26,"[Errno 22] Invalid argument: 'D:\\PDFSafe\\Testing Folders\\Testing Folders\\MALWARE_PDF_CVEsorted_173_files\\CVE-2010-0188_PDF_49files\\CVE-2010-0188_PDF_C3FDCD761A60E77B8D58D5FB27CA3C87'"
"CVE-2011-2462_2E08F95D7B8FD48DAE554A12344BE707","malware","malicious",99,True,755.49,""
"CVE-2011-2462_2B203FF7805A789F64EC614DEE2A7E7B","malware","malicious",99,True,804.12,""
"CVE-2011-2462_36EE5F9C51316E060657AA86D48670E8","malware","malicious",98,True,738.98,""
"CVE-2011-2462_3BA7FC002D19E6A9D8F21E6567604AA0","malware","malicious",98,True,587.02,""
"CVE-2011-2462_62BF2E0B1B14A0D8EC1DC0FFBB44E812","malware","low_risk",40,False,385.60,"[Errno 22] Invalid argument: 'D:\\PDFSafe\\Testing Folders\\Testing Folders\\MALWARE_PDF_CVEsorted_173_files\\CVE-2011-2462_PDF_25files\\CVE-2011-2462_62BF2E0B1B14A0D8EC1DC0FFBB44E812'"
"CVE-2011-2462_517EE5788F07AE3A3EAAC73806C50982","malware","low_risk",40,False,600.81,"[Errno 22] Invalid argument: 'D:\\PDFSafe\\Testing Folders\\Testing Folders\\MALWARE_PDF_CVEsorted_173_files\\CVE-2011-2462_PDF_25files\\CVE-2011-2462_517EE5788F07AE3A3EAAC73806C50982'"
"CVE-2011-2462_4F234CC4CF3EC00632D8C5B372A79830","malware","low_risk",40,False,966.53,"[Errno 22] Invalid argument: 'D:\\PDFSafe\\Testing Folders\\Testing Folders\\MALWARE_PDF_CVEsorted_173_files\\CVE-2011-2462_PDF_25files\\CVE-2011-2462_4F234CC4CF3EC00632D8C5B372A79830'"
"CVE-2011-2462_84397B1C8A2F27721F59D72D1100FA92","malware","malicious",99,True,333.85,""
"CVE-2011-2462_5ADABD34F483BB31F5B4E62E28D1AAB4","malware","low_risk",40,False,1754.91,"[Errno 22] Invalid argument: 'D:\\PDFSafe\\Testing Folders\\Testing Folders\\MALWARE_PDF_CVEsorted_173_files\\CVE-2011-2462_PDF_25files\\CVE-2011-2462_5ADABD34F483BB31F5B4E62E28D1AAB4'"
"CVE-2011-2462_9F413AE3CA046FA50581F84A1C373E49","malware","low_risk",40,False,32.89,"[Errno 22] Invalid argument: 'D:\\PDFSafe\\Testing Folders\\Testing Folders\\MALWARE_PDF_CVEsorted_173_files\\CVE-2011-2462_PDF_25files\\CVE-2011-2462_9F413AE3CA046FA50581F84A1C373E49'"
"CVE-2011-2462_A7A01741409A2C115C80DED73C3CA19F","malware","malicious",99,True,832.19,""
"CVE-2011-2462_6A33F1F7FABDE12CCFD3447D0043BBEC","malware","low_risk",40,False,2533.07,"[Errno 22] Invalid argument: 'D:\\PDFSafe\\Testing Folders\\Testing Folders\\MALWARE_PDF_CVEsorted_173_files\\CVE-2011-2462_PDF_25files\\CVE-2011-2462_6A33F1F7FABDE12CCFD3447D0043BBEC'"
"CVE-2011-2462_7FA99279012B867EA68D7344F0398DCD","malware","low_risk",40,False,2880.26,"[Errno 22] Invalid argument: 'D:\\PDFSafe\\Testing Folders\\Testing Folders\\MALWARE_PDF_CVEsorted_173_files\\CVE-2011-2462_PDF_25files\\CVE-2011-2462_7FA99279012B867EA68D7344F0398DCD'"
"CVE-2011-2462_8E97A7331349222D967739EE1DB142AC","malware","low_risk",40,False,2310.85,"[Errno 22] Invalid argument: 'D:\\PDFSafe\\Testing Folders\\Testing Folders\\MALWARE_PDF_CVEsorted_173_files\\CVE-2011-2462_PDF_25files\\CVE-2011-2462_8E97A7331349222D967739EE1DB142AC'"
"CVE-2011-2462_B9C26D2E6334C74D3F9664685755BBEF","malware","low_risk",40,False,137.56,"[Errno 22] Invalid argument: 'D:\\PDFSafe\\Testing Folders\\Testing Folders\\MALWARE_PDF_CVEsorted_173_files\\CVE-2011-2462_PDF_25files\\CVE-2011-2462_B9C26D2E6334C74D3F9664685755BBEF'"
"CVE-2011-2462_B848B312B3EDF39F9EF445DBC6996A19","malware","malicious",100,True,756.78,""
"CVE-2011-2462_E22691F6932847B9737490E38D494DCC","malware","low_risk",40,False,148.67,"[Errno 22] Invalid argument: 'D:\\PDFSafe\\Testing Folders\\Testing Folders\\MALWARE_PDF_CVEsorted_173_files\\CVE-2011-2462_PDF_25files\\CVE-2011-2462_E22691F6932847B9737490E38D494DCC'"
"CVE-2011-2462_D98FD2085B696B9C55C1E31C16C74FE6","malware","malicious",98,True,548.51,""
"CVE-2011-2462_DDE3FD3E45FB8ADAA1243BEC826FEDCD","malware","malicious",99,True,707.53,""
"CVE-2011-2462_E5C11CA58CD9347DA82F7B91F6659AA1","malware","malicious",98,True,491.34,""
"CVE-2011-2462_EE4955487137E6F29D0EA706C86CC5C8","malware","malicious",99,True,418.18,""
"CVE-2011-2462_F6717C6B056E89460719C2ED7C6F75C2","malware","low_risk",40,False,133.76,"[Errno 22] Invalid argument: 'D:\\PDFSafe\\Testing Folders\\Testing Folders\\MALWARE_PDF_CVEsorted_173_files\\CVE-2011-2462_PDF_25files\\CVE-2011-2462_F6717C6B056E89460719C2ED7C6F75C2'"
"CVE-2012-0754_PDF_B87830C02FA21676AF9AAE42D870A5A8","malware","low_risk",40,False,330.38,"[Errno 22] Invalid argument: 'D:\\PDFSafe\\Testing Folders\\Testing Folders\\MALWARE_PDF_CVEsorted_173_files\\CVE-2012-0754_PDF_1file\\CVE-2012-0754_PDF_B87830C02FA21676AF9AAE42D870A5A8'"
"CVE-2011-2462_F6CF9C71ECB5B10E595B076B0EA9178D","malware","low_risk",40,False,422.42,"[Errno 22] Invalid argument: 'D:\\PDFSafe\\Testing Folders\\Testing Folders\\MALWARE_PDF_CVEsorted_173_files\\CVE-2011-2462_PDF_25files\\CVE-2011-2462_F6CF9C71ECB5B10E595B076B0EA9178D'"
"CVE-2011-2462_B4A0D3B3187AA63AA67F90A793A83242","malware","low_risk",40,False,2949.68,"[Errno 22] Invalid argument: 'D:\\PDFSafe\\Testing Folders\\Testing Folders\\MALWARE_PDF_CVEsorted_173_files\\CVE-2011-2462_PDF_25files\\CVE-2011-2462_B4A0D3B3187AA63AA67F90A793A83242'"
"CVE-2013-0640_PDF_2A42BF17393C3CAAA663A6D1DADE9C93_Mandiant.pdf_","malware","low_risk",40,False,354.72,"[Errno 22] Invalid argument: 'D:\\PDFSafe\\Testing Folders\\Testing Folders\\MALWARE_PDF_CVEsorted_173_files\\CVE-2013-0640_PDF_21files\\CVE-2013-0640_PDF_2A42BF17393C3CAAA663A6D1DADE9C93_Mandiant.pdf_'"
"CVE-2013-0640_PDF_151ADD98EEC006F532C635EA3FC205CE_action_plan.pdf_","malware","low_risk",40,False,1093.09,"[Errno 22] Invalid argument: 'D:\\PDFSafe\\Testing Folders\\Testing Folders\\MALWARE_PDF_CVEsorted_173_files\\CVE-2013-0640_PDF_21files\\CVE-2013-0640_PDF_151ADD98EEC006F532C635EA3FC205CE_action_plan.pdf_'"
"CVE-2013-0640_PDF_3668B018B4BB080D1875AEE346E3650A_action_plan.pdf_","malware","low_risk",40,False,803.93,"[Errno 22] Invalid argument: 'D:\\PDFSafe\\Testing Folders\\Testing Folders\\MALWARE_PDF_CVEsorted_173_files\\CVE-2013-0640_PDF_21files\\CVE-2013-0640_PDF_3668B018B4BB080D1875AEE346E3650A_action_plan.pdf_'"
"CVE-2013-0640_PDF_0CDF55626E56FFBF1B198BEB4F6ED559_report.pdf2","malware","low_risk",40,False,1971.31,"[Errno 22] Invalid argument: 'D:\\PDFSafe\\Testing Folders\\Testing Folders\\MALWARE_PDF_CVEsorted_173_files\\CVE-2013-0640_PDF_21files\\CVE-2013-0640_PDF_0CDF55626E56FFBF1B198BEB4F6ED559_report.pdf2'"
"CVE-2013-0640_PDF_3119ABBA449D16355CEB385FD778B525_mousikomi.pdf_","malware","low_risk",40,False,860.08,"[Errno 22] Invalid argument: 'D:\\PDFSafe\\Testing Folders\\Testing Folders\\MALWARE_PDF_CVEsorted_173_files\\CVE-2013-0640_PDF_21files\\CVE-2013-0640_PDF_3119ABBA449D16355CEB385FD778B525_mousikomi.pdf_'"
"CVE-2011-2462_F3EB5B07D122490821DB71B7C483C9C3","malware","low_risk",40,False,2790.98,"[Errno 22] Invalid argument: 'D:\\PDFSafe\\Testing Folders\\Testing Folders\\MALWARE_PDF_CVEsorted_173_files\\CVE-2011-2462_PDF_25files\\CVE-2011-2462_F3EB5B07D122490821DB71B7C483C9C3'"
"CVE-2013-0640_PDF_37A9C45B78F4DEE9DA8FD8019F66005A_sample.pdf_","malware","low_risk",40,False,450.79,"[Errno 22] Invalid argument: 'D:\\PDFSafe\\Testing Folders\\Testing Folders\\MALWARE_PDF_CVEsorted_173_files\\CVE-2013-0640_PDF_21files\\CVE-2013-0640_PDF_37A9C45B78F4DEE9DA8FD8019F66005A_sample.pdf_'"
"CVE-2013-0640_PDF_6945E1FBEF586468A6D4F0C4F184AF8B_report.pdf_","malware","low_risk",40,False,411.85,"[Errno 22] Invalid argument: 'D:\\PDFSafe\\Testing Folders\\Testing Folders\\MALWARE_PDF_CVEsorted_173_files\\CVE-2013-0640_PDF_21files\\CVE-2013-0640_PDF_6945E1FBEF586468A6D4F0C4F184AF8B_report.pdf_'"
"CVE-2013-0640_PDF_3F301758AA3D5D123A9DDBAD1890853B_EUAG_report.pdf_","malware","low_risk",40,False,1071.12,"[Errno 22] Invalid argument: 'D:\\PDFSafe\\Testing Folders\\Testing Folders\\MALWARE_PDF_CVEsorted_173_files\\CVE-2013-0640_PDF_21files\\CVE-2013-0640_PDF_3F301758AA3D5D123A9DDBAD1890853B_EUAG_report.pdf_'"
"CVE-2013-0640_PDF_7005E9EE9F673EDAD5130B3341BF5E5F_2013-Yilliq Noruz Bayram Merikisige Teklip.pdf_","malware","low_risk",40,False,880.28,"[Errno 22] Invalid argument: 'D:\\PDFSafe\\Testing Folders\\Testing Folders\\MALWARE_PDF_CVEsorted_173_files\\CVE-2013-0640_PDF_21files\\CVE-2013-0640_PDF_7005E9EE9F673EDAD5130B3341BF5E5F_2013-Yilliq Noruz Bayram Merikisige Teklip.pdf_'"
"CVE-2013-0640_PDF_88292D7181514FDA5390292D73DA28D4_ASEM_Seminar.pdf_","malware","low_risk",40,False,1371.05,"[Errno 22] Invalid argument: 'D:\\PDFSafe\\Testing Folders\\Testing Folders\\MALWARE_PDF_CVEsorted_173_files\\CVE-2013-0640_PDF_21files\\CVE-2013-0640_PDF_88292D7181514FDA5390292D73DA28D4_ASEM_Seminar.pdf_'"
"CVE-2013-0640_PDF_9C572606A22A756A1FCC76924570E92A_pdf.pdf_","malware","low_risk",40,False,780.58,"[Errno 22] Invalid argument: 'D:\\PDFSafe\\Testing Folders\\Testing Folders\\MALWARE_PDF_CVEsorted_173_files\\CVE-2013-0640_PDF_21files\\CVE-2013-0640_PDF_9C572606A22A756A1FCC76924570E92A_pdf.pdf_'"
"CVE-2013-0640_PDF_701E3F3973E8A8A7FCEC5F8902ECBFD9_701E3F3973E8A8A7FCEC5F8902ECBFD9","malware","low_risk",40,False,1448.64,"[Errno 22] Invalid argument: 'D:\\PDFSafe\\Testing Folders\\Testing Folders\\MALWARE_PDF_CVEsorted_173_files\\CVE-2013-0640_PDF_21files\\CVE-2013-0640_PDF_701E3F3973E8A8A7FCEC5F8902ECBFD9_701E3F3973E8A8A7FCEC5F8902ECBFD9'"
"CVE-2013-0640_PDF_8E3B08A46502C5C4C45D3E47CEB38D5A_cc08_v143.pdf_","malware","low_risk",40,False,1296.97,"[Errno 22] Invalid argument: 'D:\\PDFSafe\\Testing Folders\\Testing Folders\\MALWARE_PDF_CVEsorted_173_files\\CVE-2013-0640_PDF_21files\\CVE-2013-0640_PDF_8E3B08A46502C5C4C45D3E47CEB38D5A_cc08_v143.pdf_'"
"CVE-2013-0640_PDF_AE52908370DCDF6C150B6E2AD3D8B11B_AE52908370DCDF6C150B6E2AD3D8B11B","malware","low_risk",40,False,698.67,"[Errno 22] Invalid argument: 'D:\\PDFSafe\\Testing Folders\\Testing Folders\\MALWARE_PDF_CVEsorted_173_files\\CVE-2013-0640_PDF_21files\\CVE-2013-0640_PDF_AE52908370DCDF6C150B6E2AD3D8B11B_AE52908370DCDF6C150B6E2AD3D8B11B'"
"CVE-2013-0640_PDF_A7C89D433F737B3FDC45B9FFBC947C4D_A7C89D433F737B3FDC45B9FFBC947C4D","malware","low_risk",40,False,764.93,"[Errno 22] Invalid argument: 'D:\\PDFSafe\\Testing Folders\\Testing Folders\\MALWARE_PDF_CVEsorted_173_files\\CVE-2013-0640_PDF_21files\\CVE-2013-0640_PDF_A7C89D433F737B3FDC45B9FFBC947C4D_A7C89D433F737B3FDC45B9FFBC947C4D'"
"CVE-2013-0640_PDF_AD668992E15806812DD9A1514CFC065B_arp.pdf_","malware","low_risk",40,False,802.07,"[Errno 22] Invalid argument: 'D:\\PDFSafe\\Testing Folders\\Testing Folders\\MALWARE_PDF_CVEsorted_173_files\\CVE-2013-0640_PDF_21files\\CVE-2013-0640_PDF_AD668992E15806812DD9A1514CFC065B_arp.pdf_'"
"CVE-2013-0640_PDF_AF061F8C63CD1D4AD83DC2BF81F36AF8_readme.pdf_","malware","low_risk",40,False,454.43,"[Errno 22] Invalid argument: 'D:\\PDFSafe\\Testing Folders\\Testing Folders\\MALWARE_PDF_CVEsorted_173_files\\CVE-2013-0640_PDF_21files\\CVE-2013-0640_PDF_AF061F8C63CD1D4AD83DC2BF81F36AF8_readme.pdf_'"
"CVE-2013-0640_PDF_EF90F2927421D61875751A7FE3C7A131_action_plan.pdf3","malware","low_risk",40,False,639.89,"[Errno 22] Invalid argument: 'D:\\PDFSafe\\Testing Folders\\Testing Folders\\MALWARE_PDF_CVEsorted_173_files\\CVE-2013-0640_PDF_21files\\CVE-2013-0640_PDF_EF90F2927421D61875751A7FE3C7A131_action_plan.pdf3'"
"CVE-2013-0640_PDF_C03BCB0CDE62B3F45B4D772AB635E2B0_The 2013 Armenian Economic Association.pdf_","malware","low_risk",40,False,764.56,"[Errno 22] Invalid argument: 'D:\\PDFSafe\\Testing Folders\\Testing Folders\\MALWARE_PDF_CVEsorted_173_files\\CVE-2013-0640_PDF_21files\\CVE-2013-0640_PDF_C03BCB0CDE62B3F45B4D772AB635E2B0_The 2013 Armenian Economic Association.pdf_'"
"CVE-2013-0640_PDF_D00E4AC94F1E4FF67E0E0DFCF900C1A8_联名信.pdf_","malware","low_risk",40,False,864.77,"[Errno 22] Invalid argument: 'D:\\PDFSafe\\Testing Folders\\Testing Folders\\MALWARE_PDF_CVEsorted_173_files\\CVE-2013-0640_PDF_21files\\CVE-2013-0640_PDF_D00E4AC94F1E4FF67E0E0DFCF900C1A8_联名信.pdf_'"
"CVE_2010-2883_PDF_25C8BFA4E24CC20CC56ECA4E3EB57673","malware","low_risk",40,False,373.85,"[Errno 22] Invalid argument: 'D:\\PDFSafe\\Testing Folders\\Testing Folders\\MALWARE_PDF_CVEsorted_173_files\\CVE_2010-2883_PDF_25files\\CVE_2010-2883_PDF_25C8BFA4E24CC20CC56ECA4E3EB57673'"
"CVE-2013-0640_PDF_F3B9663A01A73C5ECA9D6B2A0519049E_Visaform Turkey.pdf_","malware","low_risk",40,False,1040.49,"[Errno 22] Invalid argument: 'D:\\PDFSafe\\Testing Folders\\Testing Folders\\MALWARE_PDF_CVEsorted_173_files\\CVE-2013-0640_PDF_21files\\CVE-2013-0640_PDF_F3B9663A01A73C5ECA9D6B2A0519049E_Visaform Turkey.pdf_'"
"CVE_2010-2883_PDF_169A71147C9F5F883C9F11F53AF35E81","malware","low_risk",40,False,724.18,"[Errno 22] Invalid argument: 'D:\\PDFSafe\\Testing Folders\\Testing Folders\\MALWARE_PDF_CVEsorted_173_files\\CVE_2010-2883_PDF_25files\\CVE_2010-2883_PDF_169A71147C9F5F883C9F11F53AF35E81'"
"CVE_2010-2883_PDF_27EEA8D0ECF2DC7217E76A7EC98DE90F","malware","low_risk",40,False,649.53,"[Errno 22] Invalid argument: 'D:\\PDFSafe\\Testing Folders\\Testing Folders\\MALWARE_PDF_CVEsorted_173_files\\CVE_2010-2883_PDF_25files\\CVE_2010-2883_PDF_27EEA8D0ECF2DC7217E76A7EC98DE90F'"
"CVE_2010-2883_PDF_374E8905E2907646882E94A889CAE4AD","malware","low_risk",40,False,472.75,"[Errno 22] Invalid argument: 'D:\\PDFSafe\\Testing Folders\\Testing Folders\\MALWARE_PDF_CVEsorted_173_files\\CVE_2010-2883_PDF_25files\\CVE_2010-2883_PDF_374E8905E2907646882E94A889CAE4AD'"
"CVE_2010-2883_PDF_39EBEAC8AB262D5C936F6167ED0CEF93","malware","low_risk",40,False,400.02,"[Errno 22] Invalid argument: 'D:\\PDFSafe\\Testing Folders\\Testing Folders\\MALWARE_PDF_CVEsorted_173_files\\CVE_2010-2883_PDF_25files\\CVE_2010-2883_PDF_39EBEAC8AB262D5C936F6167ED0CEF93'"
"CVE_2010-2883_PDF_37B2FDB17AF07C4AEC25EF641CB594FC","malware","low_risk",40,False,477.86,"[Errno 22] Invalid argument: 'D:\\PDFSafe\\Testing Folders\\Testing Folders\\MALWARE_PDF_CVEsorted_173_files\\CVE_2010-2883_PDF_25files\\CVE_2010-2883_PDF_37B2FDB17AF07C4AEC25EF641CB594FC'"
"CVE_2010-2883_PDF_3670A3F864BB4DCDE9D399CC4E814798","malware","low_risk",40,False,932.83,"[Errno 22] Invalid argument: 'D:\\PDFSafe\\Testing Folders\\Testing Folders\\MALWARE_PDF_CVEsorted_173_files\\CVE_2010-2883_PDF_25files\\CVE_2010-2883_PDF_3670A3F864BB4DCDE9D399CC4E814798'"
"CVE_2010-2883_PDF_683A3CE69FF7D521EF24B37DED206E64","malware","low_risk",40,False,358.45,"[Errno 22] Invalid argument: 'D:\\PDFSafe\\Testing Folders\\Testing Folders\\MALWARE_PDF_CVEsorted_173_files\\CVE_2010-2883_PDF_25files\\CVE_2010-2883_PDF_683A3CE69FF7D521EF24B37DED206E64'"
"CVE_2010-2883_PDF_406F873FE7CCA6CBC22A1A9D2B6CC931","malware","low_risk",40,False,784.75,"[Errno 22] Invalid argument: 'D:\\PDFSafe\\Testing Folders\\Testing Folders\\MALWARE_PDF_CVEsorted_173_files\\CVE_2010-2883_PDF_25files\\CVE_2010-2883_PDF_406F873FE7CCA6CBC22A1A9D2B6CC931'"
"CVE_2010-2883_PDF_4E6B17825E645732A1CF6394844A5B47","malware","malicious",100,True,645.94,""
"CVE_2010-2883_PDF_75B18E14DA86C7B751FD7576347A2692","malware","low_risk",40,False,771.25,"[Errno 22] Invalid argument: 'D:\\PDFSafe\\Testing Folders\\Testing Folders\\MALWARE_PDF_CVEsorted_173_files\\CVE_2010-2883_PDF_25files\\CVE_2010-2883_PDF_75B18E14DA86C7B751FD7576347A2692'"
"CVE_2010-2883_PDF_93D2F270432C39B5C9B6B4DA7413C3CF","malware","malicious",98,True,116.04,""
"CVE_2010-2883_PDF_931FE142211DB71D4A101D41175C2292","malware","low_risk",40,False,540.70,"[Errno 22] Invalid argument: 'D:\\PDFSafe\\Testing Folders\\Testing Folders\\MALWARE_PDF_CVEsorted_173_files\\CVE_2010-2883_PDF_25files\\CVE_2010-2883_PDF_931FE142211DB71D4A101D41175C2292'"
"CVE_2010-2883_PDF_851D895614645756999BD9F6E002C127","malware","low_risk",40,False,581.02,"[Errno 22] Invalid argument: 'D:\\PDFSafe\\Testing Folders\\Testing Folders\\MALWARE_PDF_CVEsorted_173_files\\CVE_2010-2883_PDF_25files\\CVE_2010-2883_PDF_851D895614645756999BD9F6E002C127'"
"CVE_2010-2883_PDF_AF6B71B2BA0E9DC903DC2CE677FFB5ED","malware","low_risk",40,False,461.38,"[Errno 22] Invalid argument: 'D:\\PDFSafe\\Testing Folders\\Testing Folders\\MALWARE_PDF_CVEsorted_173_files\\CVE_2010-2883_PDF_25files\\CVE_2010-2883_PDF_AF6B71B2BA0E9DC903DC2CE677FFB5ED'"
"CVE_2010-2883_PDF_954F611F7A6D77050394D3C03FD05F77","malware","low_risk",40,False,864.12,"[Errno 22] Invalid argument: 'D:\\PDFSafe\\Testing Folders\\Testing Folders\\MALWARE_PDF_CVEsorted_173_files\\CVE_2010-2883_PDF_25files\\CVE_2010-2883_PDF_954F611F7A6D77050394D3C03FD05F77'"
"CVE_2010-2883_PDF_975D4C98A7FF531C26AB255447127EBB","malware","low_risk",40,False,768.59,"[Errno 22] Invalid argument: 'D:\\PDFSafe\\Testing Folders\\Testing Folders\\MALWARE_PDF_CVEsorted_173_files\\CVE_2010-2883_PDF_25files\\CVE_2010-2883_PDF_975D4C98A7FF531C26AB255447127EBB'"
"CVE_2010-2883_PDF_BAB80236FBAA1E241CC0F856C4351A84","malware","malicious",100,True,595.66,""
"CVE_2010-2883_PDF_BAE689ECAC665833B71670752DED0C4F","malware","low_risk",40,False,1246.25,"[Errno 22] Invalid argument: 'D:\\PDFSafe\\Testing Folders\\Testing Folders\\MALWARE_PDF_CVEsorted_173_files\\CVE_2010-2883_PDF_25files\\CVE_2010-2883_PDF_BAE689ECAC665833B71670752DED0C4F'"
"CVE_2010-2883_PDF_C0522399C51F160B59139838CE96AF47","malware","low_risk",40,False,1975.00,"[Errno 22] Invalid argument: 'D:\\PDFSafe\\Testing Folders\\Testing Folders\\MALWARE_PDF_CVEsorted_173_files\\CVE_2010-2883_PDF_25files\\CVE_2010-2883_PDF_C0522399C51F160B59139838CE96AF47'"
"CVE_2010-2883_PDF_83627FF5E21B8AD89224926CE9913110","malware","low_risk",40,False,3572.43,"[Errno 22] Invalid argument: 'D:\\PDFSafe\\Testing Folders\\Testing Folders\\MALWARE_PDF_CVEsorted_173_files\\CVE_2010-2883_PDF_25files\\CVE_2010-2883_PDF_83627FF5E21B8AD89224926CE9913110'"
"CVE_2010-2883_PDF_E2322875C0152DC3F51C0A099E95CB7F","malware","low_risk",40,False,1313.44,"[Errno 22] Invalid argument: 'D:\\PDFSafe\\Testing Folders\\Testing Folders\\MALWARE_PDF_CVEsorted_173_files\\CVE_2010-2883_PDF_25files\\CVE_2010-2883_PDF_E2322875C0152DC3F51C0A099E95CB7F'"
"CVE_2010-2883_PDF_E8366734DF10017887A037E0A6EA1C2B","malware","low_risk",40,False,582.35,"[Errno 22] Invalid argument: 'D:\\PDFSafe\\Testing Folders\\Testing Folders\\MALWARE_PDF_CVEsorted_173_files\\CVE_2010-2883_PDF_25files\\CVE_2010-2883_PDF_E8366734DF10017887A037E0A6EA1C2B'"
"CVE_2010-2883_PDF_EF3AE347BAD444C2723F3C4349CD7154","malware","low_risk",40,False,571.16,"[Errno 22] Invalid argument: 'D:\\PDFSafe\\Testing Folders\\Testing Folders\\MALWARE_PDF_CVEsorted_173_files\\CVE_2010-2883_PDF_25files\\CVE_2010-2883_PDF_EF3AE347BAD444C2723F3C4349CD7154'"
"CVE_2010-2883_PDF_C07436906953F1BB3F81BD73AA8BFE19","malware","low_risk",40,False,2260.00,"[Errno 22] Invalid argument: 'D:\\PDFSafe\\Testing Folders\\Testing Folders\\MALWARE_PDF_CVEsorted_173_files\\CVE_2010-2883_PDF_25files\\CVE_2010-2883_PDF_C07436906953F1BB3F81BD73AA8BFE19'"
"PDF-XDP_464493AC7E730BA2A8E0F5FB2995DB20_Tony Blair Facing Pressure.xdp_","malware","low_risk",40,False,105.23,""
"PDF-XDP_81FD626D6DEF04B59F1D6B0F39DFC009_地震に関する研究レポート.xdp_","malware","low_risk",40,False,593.41,"[Errno 22] Invalid argument: 'D:\\PDFSafe\\Testing Folders\\Testing Folders\\MALWARE_PDF_CVEsorted_173_files\\PDF-XDP_3files\\PDF-XDP_81FD626D6DEF04B59F1D6B0F39DFC009_地震に関する研究レポート.xdp_'"
"PDF-XDP_17290367B3FC3A43525D5BC18AF03FFD_weekly-06-13-12.xdp_","malware","low_risk",40,False,690.73,"[Errno 22] Invalid argument: 'D:\\PDFSafe\\Testing Folders\\Testing Folders\\MALWARE_PDF_CVEsorted_173_files\\PDF-XDP_3files\\PDF-XDP_17290367B3FC3A43525D5BC18AF03FFD_weekly-06-13-12.xdp_'"
"3D_adesk_site-3d.pdf","clean","clean",0,False,746.80,""
"3D_castle-3DPDF.pdf","clean","clean",0,False,169.96,""
"3D_embedded_pdf_sample.pdf","clean","clean",0,False,130.81,""
"3D_BDP_Proposal.pdf","clean","low_risk",20,False,844.68,""
"3D_ch2mhill_pump_station_3.pdf","clean","clean",0,False,312.42,""
"3D_MarklandKlaschka_LMH_1.pdf","clean","clean",0,False,245.21,""
"3D_statue.pdf","clean","low_risk",35,False,286.30,""
"3D_OSiCarrauntoohil.pdf","clean","clean",0,False,551.80,""
"Example PDF - Encrypted with Low Quality Printing and Password to View.pdf","clean","low_risk",30,False,282.18,""
"Example PDF - Encrypted with Everything Disabled.pdf","clean","suspicious",51,True,627.60,""
"Flash-In-PDF-Converter.pdf","clean","suspicious",77,True,189.94,""
"3D_Wooden_structures_training_manual.pdf","clean","clean",0,False,889.38,""
"purepdf_animatedgif.pdf","clean","clean",0,False,48.70,""
"purepdf_annotatedchunk.pdf","clean","suspicious",65,True,53.15,""
"3D_CraneAnimationSequence.pdf","clean","malicious",91,True,1487.14,""
"purepdf_annotations.pdf","clean","low_risk",30,False,136.31,""
"purepdf_arabictext.pdf","clean","clean",0,False,82.67,""
"purepdf_barcodes.pdf","clean","clean",0,False,87.00,""
"PDFwithjar.pdf","clean","malicious",100,True,474.57,""
"purepdf_chinesekoreanjapanese.pdf","clean","suspicious",60,True,76.75,""
"purepdf_calculator.pdf","clean","malicious",84,True,156.29,""
"purepdf_chunkhorizontalscale.pdf","clean","clean",0,False,45.05,""
"purepdf_chunkskew.pdf","clean","clean",0,False,38.54,""
"purepdf_drawingpaths.pdf","clean","clean",0,False,37.67,""
"purepdf_columntextexample.pdf","clean","clean",0,False,55.70,""
"purepdf_fileattachment1.pdf","clean","clean",0,False,44.20,""
"purepdf_formwithtooltip.pdf","clean","clean",0,False,59.83,""
"purepdf_generictag.pdf","clean","clean",0,False,35.90,""
"purepdf_flyerexample.pdf","clean","clean",0,False,167.56,""
"purepdf_graphicstate.pdf","clean","clean",0,False,37.83,""
"purepdf_headerfooter1.pdf","clean","clean",0,False,79.39,""
"purepdf_headerfooter2.pdf","clean","clean",0,False,118.01,""
"purepdf_hellochunk.pdf","clean","clean",0,False,54.12,""
"purepdf_hellosplitcharacter.pdf","clean","clean",0,False,42.69,""
"purepdf_clippingpath.pdf","clean","clean",0,False,417.76,""
"purepdf_hellounicode.pdf","clean","clean",0,False,59.93,""
"purepdf_helloworld.pdf","clean","clean",0,False,64.50,""
"purepdf_helloworld2.pdf","clean","clean",0,False,47.94,""
"purepdf_helloworld3.pdf","clean","clean",0,False,63.21,""
"purepdf_helloworld4.pdf","clean","clean",0,False,50.37,""
"purepdf_helloworld5.pdf","clean","clean",0,False,76.94,""
"purepdf_helloworldanchor.pdf","clean","clean",0,False,74.30,""
"purepdf_helloworldbookmark.pdf","clean","clean",0,False,68.11,""
"purepdf_helloworldfullcompression.pdf","clean","clean",0,False,68.03,""
"purepdf_helloworldgoto.pdf","clean","clean",0,False,53.22,""
"purepdf_helloworldchapterautonumber.pdf","clean","clean",0,False,117.33,""
"purepdf_helloworldinternalanchor.pdf","clean","clean",0,False,46.09,""
"purepdf_helloworldmaximum.pdf","clean","clean",0,False,60.31,""
"purepdf_helloworldttf.pdf","clean","clean",0,False,102.18,""
"purepdf_imagetypes.pdf","clean","clean",0,False,85.47,""
"purepdf_javascript1.pdf","clean","malicious",89,True,66.91,""
"purepdf_javascript2.pdf","clean","malicious",84,True,80.87,""
"purepdf_kalligraphy.pdf","clean","clean",0,False,45.65,""
"purepdf_layers.pdf","clean","clean",0,False,48.03,""
"purepdf_layermembershipexample.pdf","clean","clean",0,False,72.75,""
"purepdf_imagebitmapdata.pdf","clean","clean",0,False,295.02,""
"purepdf_listexample1.pdf","clean","clean",0,False,56.17,""
"purepdf_linestyles.pdf","clean","clean",0,False,65.18,""
"purepdf_listexample2.pdf","clean","clean",0,False,42.53,""
"purepdf_multicolumnirregular.pdf","clean","clean",0,False,78.37,""
"purepdf_nestinglist.pdf","clean","clean",0,False,87.58,""
"purepdf_pagelabels.pdf","clean","clean",0,False,64.50,""
"purepdf_multicolumnpoem.pdf","clean","clean",0,False,158.62,""
"purepdf_paragraphexample.pdf","clean","clean",0,False,75.95,""
"purepdf_patterns.pdf","clean","clean",0,False,70.91,""
"purepdf_pdfptableabsolutecolumns.pdf","clean","clean",0,False,59.54,""
"purepdf_pdfptablealigned.pdf","clean","clean",0,False,59.16,""
"purepdf_pdfptablecellheights.pdf","clean","clean",0,False,72.98,""
"purepdf_pdfptablecolors.pdf","clean","clean",0,False,53.43,""
"purepdf_pdfptablecolumnwidths.pdf","clean","clean",0,False,48.46,""
"purepdf_pdfptablecompare.pdf","clean","clean",0,False,47.53,""
"purepdf_pdfptableexample1.pdf","clean","clean",0,False,46.55,""
"purepdf_pdfptableabsolutepositions.pdf","clean","clean",0,False,221.43,""
"purepdf_pdfptableimages.pdf","clean","clean",0,False,65.44,""
"purepdf_readoutloud.pdf","clean","clean",0,False,60.78,""
"purepdf_phraseexample.pdf","clean","clean",0,False,104.24,""
"purepdf_pdfptablememoryfriendly.pdf","clean","clean",0,False,161.45,""
"purepdf_registrationform.pdf","clean","clean",0,False,56.52,""
"purepdf_rotatepage.pdf","clean","clean",0,False,51.27,""
"purepdf_separationcolors.pdf","clean","clean",0,False,61.03,""
"purepdf_shadingmultiplecolors.pdf","clean","clean",0,False,55.53,""
"purepdf_shadinggradienttransparency.pdf","clean","clean",0,False,76.24,""
"purepdf_shadingpatterns.pdf","clean","clean",0,False,57.22,""
"purepdf_simpletextfield.pdf","clean","clean",0,False,39.17,""
"purepdf_simpleannotation.pdf","clean","clean",0,False,54.69,""
"purepdf_taggedcontent.pdf","clean","clean",0,False,129.16,""
"purepdf_slideshow.pdf","clean","clean",0,False,163.09,""
"purepdf_textrender.pdf","clean","clean",0,False,83.31,""
"purepdf_tooltipexample.pdf","clean","suspicious",65,True,141.28,""
"purepdf_transparency.pdf","clean","clean",0,False,142.12,""
"purepdf_verticaltextexample.pdf","clean","suspicious",60,True,122.68,""
"purepdf_viewerexample.pdf","clean","clean",0,False,132.87,""
"purepdf_tableexample2.pdf","clean","clean",0,False,676.72,""
"PDFwithEmbeddedEverythingReflection.pdf","clean","clean",0,False,4077.36,""
"RichContentorFlash (2).pdf","clean","malicious",97,True,1375.64,""
"RichContentorFlash (10).pdf","clean","malicious",94,True,2216.92,""
"RichContentorFlash (3).pdf","clean","malicious",94,True,1201.93,""
"RichContentorFlash (4).pdf","clean","malicious",90,True,1682.13,""
"RichContentorFlash (7).pdf","clean","malicious",94,True,1450.26,""
"RichContentorFlash (5).pdf","clean","malicious",94,True,3848.55,""
"RichContentorFlash (9).pdf","clean","malicious",94,True,1883.60,""
"Self_Print_print.pdf","clean","malicious",95,True,36.82,""
"Streaming-Video-From-YouTube.pdf","clean","suspicious",77,True,158.32,""
"RichContentorFlash (8).pdf","clean","malicious",97,True,5598.50,""
"print_test.pdf","clean","suspicious",65,True,51.46,""
"test.pdf","clean","clean",0,False,37.09,""
"Video-In-PDF-Converter.pdf","clean","suspicious",77,True,2614.17,""
"02eounrel.pdf","clean","clean",0,False,392.49,""
"02frrltr.pdf","clean","clean",0,False,296.21,""
"02govbnd.pdf","clean","clean",0,False,285.43,""
"030.pdf","clean","low_risk",30,False,231.34,""
"02solp.pdf","clean","clean",0,False,343.45,""
"032.pdf","clean","clean",0,False,103.62,""
"031mandelson.pdf","clean","clean",0,False,223.03,""
"033.pdf","clean","low_risk",30,False,137.86,""
"036.pdf","clean","low_risk",30,False,155.53,""
"03herman.pdf","clean","low_risk",30,False,286.12,""
"041.pdf","clean","malicious",82,True,406.01,""
"041211-arl-ala-reply-comments.pdf","clean","clean",0,False,554.84,""
"041211-MLA.pdf","clean","malicious",82,True,507.17,""
"041211-society-of-american-archivists.pdf","clean","clean",0,False,410.59,""
"041411jgregg-gautereaux.pdf","clean","clean",0,False,470.29,""
"041411riaa-aaim.pdf","clean","clean",0,False,310.66,""
"041412arsc.pdf","clean","clean",0,False,345.80,""
"041413nab.pdf","clean","clean",0,False,477.81,""
"041413patrick-loughney.pdf","clean","low_risk",35,False,226.47,""
"041413sirius-xm-radio.pdf","clean","clean",0,False,219.70,""
"041413future-music-coalition.pdf","clean","low_risk",35,False,1266.44,""
"042301f.pdf","clean","clean",0,False,213.31,""
"042302f.pdf","clean","clean",0,False,129.84,""
"042303f.pdf","clean","clean",0,False,189.60,""
"042304f.pdf","clean","clean",0,False,162.83,""
"042305f.pdf","clean","clean",0,False,257.16,""
"042306f.pdf","clean","clean",0,False,345.31,""
"RichContentorFlash (6).pdf","clean","malicious",96,True,12667.87,""
"042307f.pdf","clean","clean",0,False,215.51,""
"042308f.pdf","clean","clean",0,False,193.19,""
"042902f.pdf","clean","clean",0,False,168.95,""
"042901f.pdf","clean","clean",0,False,309.55,""
"043.pdf","clean","low_risk",30,False,179.92,""
"RichContentorFlash (1).pdf","clean","malicious",99,True,15676.10,""
"042903f.pdf","clean","clean",0,False,399.11,""
"043102f.pdf","clean","clean",0,False,282.13,""
"043103f.pdf","clean","clean",0,False,270.42,""
"043101f.pdf","clean","clean",0,False,401.56,""
"044101f.pdf","clean","clean",0,False,303.51,""
"044102f.pdf","clean","clean",0,False,174.73,""
"045time_warner.pdf","clean","clean",0,False,157.57,""
"044103f.pdf","clean","clean",0,False,254.98,""
"04alm.pdf","clean","clean",0,False,215.41,""
"04dubin.pdf","clean","clean",0,False,325.86,""
"04finkelstein.pdf","clean","low_risk",30,False,259.60,""
"04fidart.pdf","clean","clean",0,False,396.75,""
"050201f.pdf","clean","clean",0,False,226.37,""
"050202f.pdf","clean","clean",0,False,224.53,""
"04ludasa.pdf","clean","malicious",87,True,487.10,""
"04spintr.pdf","clean","low_risk",35,False,386.75,""
"050societyaa.pdf","clean","clean",0,False,166.68,""
"050203f.pdf","clean","clean",0,False,222.57,""
"051001f.pdf","clean","clean",0,False,193.81,""
"051802f.pdf","clean","clean",0,False,159.33,""
"051nfais.pdf","clean","clean",0,False,167.24,""
"051801f.pdf","clean","clean",0,False,328.57,""
"052501f.pdf","clean","clean",0,False,161.87,""
"055.pdf","clean","suspicious",65,True,187.07,""
"055201f.pdf","clean","clean",0,False,226.26,""
"052005-lore.pdf","clean","clean",0,False,523.42,""
"055202f.pdf","clean","clean",0,False,274.33,""
"055203f.pdf","clean","clean",0,False,277.22,""
"058hull.pdf","clean","clean",0,False,156.56,""
"05co1120sfigb.pdf","clean","clean",0,False,121.63,""
"059siia.pdf","clean","clean",0,False,200.99,""
"05co1120sfige.pdf","clean","clean",0,False,94.38,""
"05co1120sfigf.pdf","clean","clean",0,False,91.12,""
"056arromdee.pdf","clean","low_risk",30,False,519.20,""
"060901f.pdf","clean","clean",0,False,216.23,""
"05eonta.pdf","clean","clean",0,False,306.45,""
"060902f.pdf","clean","clean",0,False,360.57,""
"061702f.pdf","clean","clean",0,False,286.02,""
"061701f.pdf","clean","clean",0,False,358.98,""
"061703f.pdf","clean","clean",0,False,256.67,""
"062201f.pdf","clean","clean",0,False,251.26,""
"062701f.pdf","clean","clean",0,False,379.34,""
"062801f.pdf","clean","clean",0,False,266.28,""
"064301f.pdf","clean","clean",0,False,270.61,""
"05lohmann.pdf","clean","low_risk",30,False,1138.65,""
"064401f.pdf","clean","clean",0,False,177.72,""
"064601f.pdf","clean","clean",0,False,236.93,""
"064602f.pdf","clean","clean",0,False,223.58,""
"069.pdf","clean","clean",0,False,216.89,""
"069hull_gorden.pdf","clean","clean",0,False,128.74,""
"065101f.pdf","clean","clean",0,False,240.90,""
"06cofiges.pdf","clean","clean",0,False,171.98,""
"06cofigfs.pdf","clean","clean",0,False,182.21,""
"06cofigbs.pdf","clean","clean",0,False,287.06,""
"06weisman.pdf","clean","low_risk",30,False,203.12,""
"070401f.pdf","clean","clean",0,False,212.21,""
"071701f.pdf","clean","clean",0,False,215.77,""
"072.pdf","clean","clean",0,False,168.63,""
"071801f.pdf","clean","clean",0,False,254.67,""
"06itcorptaxsnap.pdf","clean","suspicious",60,True,705.94,""
"071702f.pdf","clean","clean",0,False,358.32,""
"072502f.pdf","clean","clean",0,False,255.59,""
"072perlman.pdf","clean","clean",0,False,168.27,""
"072501f.pdf","clean","clean",0,False,438.72,""
"072005-lore.pdf","clean","clean",0,False,591.61,""
"072101f.pdf","clean","suspicious",55,True,585.45,""
"073.pdf","clean","clean",0,False,249.45,""
"073802f.pdf","clean","clean",0,False,209.54,""
"073301f.pdf","clean","clean",0,False,356.68,""
"073oram_cpsr.pdf","clean","clean",0,False,162.69,""
"073801f.pdf","clean","clean",0,False,461.50,""
"074hoy_dvdcca.pdf","clean","clean",0,False,181.37,""
"074401f.pdf","clean","clean",0,False,397.12,""
"0745018.pdf","clean","low_risk",35,False,425.54,""
"075001f.pdf","clean","clean",0,False,324.23,""
"075smith_nlm.pdf","clean","clean",0,False,180.46,""
"076mcgivern_ascap.pdf","clean","clean",0,False,251.68,""
"077sigall_riaa.pdf","clean","clean",0,False,214.68,""
"07cofigbs.pdf","clean","clean",0,False,294.27,""
"07cofigfs.pdf","clean","clean",0,False,149.60,""
"075201f.pdf","clean","clean",0,False,651.12,""
"07cofiges.pdf","clean","clean",0,False,230.44,""
"07pfound.pdf","clean","clean",0,False,379.23,""
"07rppscecco.pdf","clean","clean",0,False,531.25,""
"07eocharteobull.pdf","clean","clean",0,False,634.84,""
"07eocharitiessnap.pdf","clean","suspicious",60,True,881.97,""
"07rppsdiamond.pdf","clean","clean",0,False,754.44,""
"07rppsjohnson.pdf","clean","clean",0,False,578.83,""
"07rppsmilleville.pdf","clean","suspicious",60,True,379.04,""
"07ubgraph1.pdf","clean","clean",0,False,163.76,""
"07rppsweber.pdf","clean","clean",0,False,358.42,""
"07ubgraph2.pdf","clean","clean",0,False,159.78,""
"07tyrrell.pdf","clean","low_risk",30,False,431.71,""
"07rppsliu.pdf","clean","clean",0,False,1018.96,""
"081401.pdf","clean","clean",0,False,227.90,""
"082005-lore.pdf","clean","clean",0,False,361.58,""
"082801f.pdf","clean","clean",0,False,332.66,""
"082802f.pdf","clean","clean",0,False,306.26,""
"080101f.pdf","clean","clean",0,False,561.16,""
"082804f.pdf","clean","clean",0,False,245.92,""
"083hendrix_ala.pdf","clean","clean",0,False,173.66,""
"082803f.pdf","clean","clean",0,False,335.31,""
"084101f.pdf","clean","clean",0,False,318.08,""
"084201f.pdf","clean","clean",0,False,270.84,""
"084601f.pdf","clean","clean",0,False,488.50,""
"084doyle_amp.pdf","clean","clean",0,False,309.42,""
"084602f.pdf","clean","clean",0,False,409.38,""
"084301f.pdf","clean","clean",0,False,669.31,""
"085201f.pdf","clean","clean",0,False,368.97,""
"088brown_naa.pdf","clean","low_risk",30,False,371.57,""
"08fallbulforcorpper.pdf","clean","clean",0,False,457.50,""
"08inccsnap.pdf","clean","clean",0,False,368.63,""
"08fallbulsolprop.pdf","clean","clean",0,False,715.29,""
"08inratesharesnap.pdf","clean","clean",0,False,381.53,""
"08fallbultebond.pdf","clean","clean",0,False,549.02,""
"08rpgangiunece.pdf","clean","clean",0,False,450.84,""
"08pfsnap.pdf","clean","suspicious",60,True,604.38,""
"08perkins.pdf","clean","low_risk",30,False,664.77,""
"08pareturnsnap.pdf","clean","suspicious",60,True,890.06,""
"08rpweber.pdf","clean","clean",0,False,147.19,""
"08rpscali.pdf","clean","clean",0,False,278.00,""
"08rpjohnson.pdf","clean","clean",0,False,490.43,""
"08rppsbryant.pdf","clean","clean",0,False,426.35,""
"090maddux.pdf","clean","clean",0,False,146.58,""
"091macarthur.pdf","clean","clean",0,False,107.05,""
"090801f.pdf","clean","clean",0,False,337.06,""
"092101f.pdf","clean","clean",0,False,228.43,""
"092102f.pdf","clean","clean",0,False,212.62,""
"092greenman.pdf","clean","clean",0,False,116.53,""
"092005-lore.pdf","clean","clean",0,False,391.27,""
"0930029.pdf","clean","low_risk",30,False,214.54,""
"092103f.pdf","clean","clean",0,False,290.79,""
"093701f.pdf","clean","clean",0,False,180.60,""
"094rodgers_hrrc.pdf","clean","clean",0,False,117.72,""
"093801f.pdf","clean","low_risk",20,False,347.64,""
"094301f.pdf","clean","clean",0,False,288.46,""
"095001f.pdf","clean","clean",0,False,282.62,""
"098bmi.pdf","clean","low_risk",35,False,254.27,""
"094302f.pdf","clean","clean",0,False,489.30,""
"09crocker.pdf","clean","low_risk",30,False,303.63,""
"09ebsnap.pdf","clean","suspicious",60,True,832.50,""
"09fallbulfodcorp.pdf","clean","low_risk",48,False,1066.05,""
"09estrustsnap.pdf","clean","suspicious",60,True,1170.96,""
"09in01gender.pdf","clean","clean",0,False,393.04,""
"09fallbulchar.pdf","clean","clean",0,False,1625.72,""
"09inratesnap.pdf","clean","clean",0,False,702.14,""
"0_ea-2a_1108.pdf","clean","clean",0,False,828.30,""
"09rplatereturnsps.pdf","clean","clean",0,False,1300.94,""
"09sumbulcoftc.pdf","clean","clean",0,False,1288.59,""
"100301f.pdf","clean","clean",0,False,344.84,""
"1-meredith-filak.pdf","clean","low_risk",30,False,983.73,""
"100501f.pdf","clean","clean",0,False,469.35,""
"100901f.pdf","clean","clean",0,False,254.33,""
"1010cole.pdf","clean","clean",0,False,87.10,""
"100502f.pdf","clean","low_risk",20,False,464.88,""
"100902f.pdf","clean","clean",0,False,367.23,""
"101watkins.pdf","clean","clean",0,False,306.91,""
"101501f.pdf","clean","clean",0,False,448.62,""
"101502f.pdf","clean","clean",0,False,650.36,""
"102602f.pdf","clean","clean",0,False,317.17,""
"102601f.pdf","clean","clean",0,False,379.29,""
"10-13_comm.pdf","clean","clean",0,False,1604.95,""
"103001f.pdf","clean","clean",0,False,340.83,""
"102901f.pdf","clean","clean",0,False,406.73,""
"103101f.pdf","clean","clean",0,False,406.02,""
"103002f.pdf","clean","clean",0,False,572.31,""
"103hommedieu.pdf","clean","clean",0,False,258.63,""
"105.pdf","clean","clean",0,False,128.91,""
"103901f.pdf","clean","clean",0,False,323.49,""
"106hallpbs.pdf","clean","clean",0,False,113.76,""
"105reedelsevier.pdf","clean","clean",0,False,170.77,""
"109selzer_bcis.pdf","clean","clean",0,False,177.40,""
"105001f.pdf","clean","clean",0,False,346.79,""
"105101f.pdf","clean","clean",0,False,540.17,""
"10esgiftsnap.pdf","clean","suspicious",60,True,569.20,""
"10esnonresestatsnap.pdf","clean","suspicious",60,True,562.11,""
"10estrustsnap.pdf","clean","suspicious",60,True,533.57,""
"10sprbulgifts07.pdf","clean","clean",0,False,222.72,""
"10eositrustsnap.pdf","clean","suspicious",60,True,1008.54,""
"10sprbulfidincpan.pdf","clean","clean",0,False,324.31,""
"11-erica-redler-naba-wbu.pdf","clean","clean",0,False,215.20,""
"10sultzberger_NYFU.pdf","clean","low_risk",30,False,433.44,""
"10sumbulcoftc.pdf","clean","clean",0,False,564.90,""
"10winbulreturnfilings.pdf","clean","clean",0,False,496.32,""
"111101f.pdf","clean","clean",0,False,303.47,""
"111701f.pdf","clean","clean",0,False,345.52,""
"112700mem.pdf","clean","clean",0,False,164.47,""
"1120021.pdf","clean","low_risk",30,False,190.10,""
"112metalitz.pdf","clean","clean",0,False,281.93,""
"112701f.pdf","clean","low_risk",20,False,401.22,""
"113nandy.pdf","clean","clean",0,False,184.14,""
"11382f.pdf","clean","clean",0,False,498.59,""
"11381f.pdf","clean","clean",0,False,527.69,""
"114.pdf","clean","clean",0,False,130.47,""
"113901f.pdf","clean","clean",0,False,424.45,""
"114702f.pdf","clean","clean",0,False,469.63,""
"114701f.pdf","clean","clean",0,False,583.55,""
"114703f.pdf","clean","clean",0,False,576.06,""
"114gross_eff.pdf","clean","clean",0,False,267.63,""
"114704f.pdf","clean","clean",0,False,621.93,""
"115001f.pdf","clean","low_risk",20,False,634.77,""
"115iverson_sony.pdf","clean","clean",0,False,527.03,""
"118bsa.pdf","clean","clean",0,False,249.37,""
"115101f.pdf","clean","clean",0,False,827.27,""
"114_list.pdf","clean","clean",0,False,990.80,""
"119vaughn_aau.pdf","clean","clean",0,False,308.75,""
"11ebsnap.pdf","clean","clean",0,False,422.54,""
"11eo07busintaxwinbull.pdf","clean","clean",0,False,565.94,""
"11ebfallbulmunbond.pdf","clean","clean",0,False,764.45,""
"11ebtebondwinbull.pdf","clean","clean",0,False,962.96,""
"11esgiftsprbul.pdf","clean","clean",0,False,392.76,""
"11esgiftsnap.pdf","clean","suspicious",60,True,986.68,""
"11esnonresestatsnap.pdf","clean","suspicious",60,True,999.13,""
"11eofallbulteorg.pdf","clean","clean",0,False,1718.53,""
"11insitrusts09winbull.pdf","clean","clean",0,False,959.78,""
"12-0021.pdf","clean","clean",0,False,323.20,""
"12-0020.pdf","clean","clean",0,False,371.34,""
"12-0019.pdf","clean","clean",0,False,701.35,""
"11pfdomwinbull.pdf","clean","clean",0,False,1403.82,""
"12-0022.pdf","clean","clean",0,False,672.53,""
"12-0023.pdf","clean","clean",0,False,636.81,""
"12-0024.pdf","clean","clean",0,False,595.94,""
"12-0025.pdf","clean","low_risk",20,False,274.18,""
"12-0029.pdf","clean","clean",0,False,304.95,""
"12-0027.pdf","clean","clean",0,False,478.72,""
"12-0026.pdf","clean","clean",0,False,502.63,""
"12-0028.pdf","clean","clean",0,False,597.66,""
"12-0030.pdf","clean","clean",0,False,393.33,""
"12-0032.pdf","clean","clean",0,False,450.85,""
"12-0031.pdf","clean","clean",0,False,507.08,""
"12-0033.pdf","clean","clean",0,False,365.68,""
"12-0034.pdf","clean","clean",0,False,345.93,""
"12-0036.pdf","clean","clean",0,False,273.72,""
"12-0035.pdf","clean","clean",0,False,514.91,""
"12-0039.pdf","clean","clean",0,False,234.32,""
"12-0037.pdf","clean","clean",0,False,467.02,""
"12-0038.pdf","clean","clean",0,False,386.82,""
"12-0041.pdf","clean","clean",0,False,139.01,""
"12-0040.pdf","clean","clean",0,False,201.17,""
"12-0042.pdf","clean","clean",0,False,130.44,""
"12-0043.pdf","clean","clean",0,False,306.34,""
"12-george-kerscher.pdf","clean","clean",0,False,511.21,""
"1201-503rev.pdf","clean","low_risk",30,False,648.58,""
"1201-502rev.pdf","clean","low_risk",30,False,740.98,""
"1201mem.pdf","clean","suspicious",60,True,235.97,""
"1201-504rev.pdf","clean","low_risk",30,False,693.47,""
"1201-518.pdf","clean","low_risk",30,False,521.58,""
"121.pdf","clean","clean",0,False,171.65,""
"1201_recommendation.pdf","clean","suspicious",60,True,544.97,""
"121501f.pdf","clean","low_risk",20,False,545.00,""
"121401f.pdf","clean","clean",0,False,776.70,""
"121202f.pdf","clean","clean",0,False,926.15,""
"121201f.pdf","clean","low_risk",20,False,1095.33,""
"121699a.pdf","clean","suspicious",65,True,182.98,""
"121602f.pdf","clean","clean",0,False,447.28,""
"121mcininch.pdf","clean","clean",0,False,288.10,""
"121701f.pdf","clean","clean",0,False,621.87,""
"1233016.pdf","clean","low_risk",30,False,451.62,""
"121601f.pdf","clean","clean",0,False,918.57,""
"1233023.pdf","clean","clean",0,False,111.24,""
"1233019.pdf","clean","clean",0,False,491.48,""
"1233021.pdf","clean","clean",0,False,327.83,""
"1233025.pdf","clean","clean",0,False,563.59,""
"1233022.pdf","clean","clean",0,False,715.55,""
"1233024.pdf","clean","clean",0,False,633.96,""
"1233026.pdf","clean","clean",0,False,635.00,""
"1233029.pdf","clean","clean",0,False,220.56,""
"1233028.pdf","clean","clean",0,False,289.57,""
"1233030.pdf","clean","clean",0,False,332.20,""
"1233031.pdf","clean","clean",0,False,248.50,""
"1233032.pdf","clean","clean",0,False,315.62,""
"1233033.pdf","clean","clean",0,False,320.16,""
"123mpaa.pdf","clean","clean",0,False,253.14,""
"12feinst.pdf","clean","clean",0,False,169.30,""
"125junger.pdf","clean","clean",0,False,509.66,""
"128mitelman.pdf","clean","low_risk",30,False,389.13,""
"12kahle.pdf","clean","low_risk",30,False,318.05,""
"12proj.pdf","clean","clean",0,False,227.13,""
"130b6109.pdf","clean","clean",0,False,115.87,""
"13-stuart-holland.pdf","clean","clean",0,False,195.80,""
"133.pdf","clean","clean",0,False,98.40,""
"134.pdf","clean","clean",0,False,98.98,""
"136.pdf","clean","suspicious",60,True,79.63,""
"13431705.pdf","clean","clean",0,False,114.86,""
"139d_faqs_final_2_oc.pdf","clean","clean",0,False,153.35,""
"13montoro.pdf","clean","low_risk",30,False,116.74,""
"141.pdf","clean","clean",0,False,134.50,""
"147.pdf","clean","clean",0,False,220.09,""
"1436_00.pdf","clean","clean",0,False,305.91,""
"1318-DV2012Instructions-ENGL.pdf","clean","clean",0,False,667.30,""
"1446-pia.pdf","clean","clean",0,False,341.29,""
"148.pdf","clean","clean",0,False,217.34,""
"14granick_WAreply.pdf","clean","low_risk",30,False,366.53,""
"15-keith-kupferschmid.pdf","clean","clean",0,False,341.40,""
"153.pdf","clean","clean",0,False,292.66,""
"158.pdf","clean","clean",0,False,190.76,""
"15marman.pdf","clean","low_risk",30,False,247.86,""
"161.pdf","clean","clean",0,False,313.41,""
"164.pdf","clean","clean",0,False,266.62,""
"149519-03.pdf","clean","suspicious",68,True,911.73,""
"162.pdf","clean","clean",0,False,575.86,""
"168k.pdf","clean","clean",0,False,267.68,""
"165.pdf","clean","clean",0,False,481.40,""
"171.pdf","clean","clean",0,False,367.22,""
"1790act.pdf","clean","suspicious",60,True,202.63,""
"17markovski.pdf","clean","suspicious",65,True,246.98,""
"172.pdf","clean","clean",0,False,410.29,""
"18-christopher-friend.pdf","clean","clean",0,False,439.21,""
"182.pdf","clean","clean",0,False,437.69,""
"183.pdf","clean","clean",0,False,451.00,""
"184.pdf","clean","clean",0,False,732.38,""
"189.pdf","clean","clean",0,False,584.42,""
"17_sec_sop.pdf","clean","clean",0,False,1535.59,""
"185.pdf","clean","clean",0,False,880.45,""
"190.pdf","clean","clean",0,False,297.70,""
"192.pdf","clean","low_risk",30,False,170.03,""
"199.pdf","clean","clean",0,False,294.53,""
"1913.pdf","clean","clean",0,False,471.72,""
"19-allan-adler.pdf","clean","suspicious",60,True,753.40,""
"1999ComplianceReport.pdf","clean","clean",0,False,425.94,""
"19butler.pdf","clean","low_risk",30,False,177.72,""
"1999_compliance_study_022802.pdf","clean","clean",0,False,364.51,""
"1999_pgp.pdf","clean","clean",0,False,363.99,""
"20-elly-macha.pdf","clean","clean",0,False,211.37,""
"2000-7-DiMA-extension.pdf","clean","suspicious",55,True,254.55,""
"2000-7-Wiley-Rein-extension.pdf","clean","clean",0,False,249.14,""
"2-malini-aisola.pdf","clean","low_risk",30,False,627.22,""
"2000-7-Weil-extension.pdf","clean","clean",0,False,566.29,""
"2000_pgp.pdf","clean","clean",0,False,407.57,""
"2001_pgp.pdf","clean","clean",0,False,577.24,""
"2000ComplianceReport.pdf","clean","clean",0,False,999.83,""
"2001ComplianceReport.pdf","clean","clean",0,False,949.35,""
"2003-2004_pgp.pdf","clean","clean",0,False,436.35,""
"2002-2003ComplianceReport.pdf","clean","clean",0,False,920.31,""
"20031501f.pdf","clean","clean",0,False,287.19,""
"20032401f.pdf","clean","clean",0,False,222.56,""
"20032901f.pdf","clean","clean",0,False,229.28,""
"20032902f.pdf","clean","clean",0,False,248.82,""
"2002-2003_pgp.pdf","clean","low_risk",35,False,1048.88,""
"20032601f.pdf","clean","clean",0,False,635.91,""
"20040301f.pdf","clean","clean",0,False,155.55,""
"2004-2005pgp.pdf","clean","clean",0,False,310.94,""
"20040302f.pdf","clean","clean",0,False,196.62,""
"20040303f.pdf","clean","clean",0,False,182.36,""
"2003reporttocongress.pdf","clean","suspicious",68,True,884.91,""
"2005ComplianceReport.pdf","clean","clean",0,False,367.77,""
"2004ComplianceReport.pdf","clean","clean",0,False,450.27,""
"2006ComplianceReport.pdf","clean","clean",0,False,509.39,""
"20070601f.pdf","clean","clean",0,False,458.68,""
"2006-2007pgp.pdf","clean","clean",0,False,1010.19,""
"20070801f.pdf","clean","clean",0,False,300.88,""
"2007-2008pgp.pdf","clean","suspicious",60,True,885.12,""
"20071101f.pdf","clean","clean",0,False,517.02,""
"2008_tab_progress_rpt_to_congress.pdf","clean","clean",0,False,606.08,""
"2008-2009pgp.pdf","clean","clean",0,False,658.67,""
"2009_-_2010_priority_guidance_plan.pdf","clean","low_risk",20,False,622.39,""
"2009_-_2010_priority_guidance_plan_initial.pdf","clean","clean",0,False,683.16,""
"201.pdf","clean","clean",0,False,338.86,""
"2009_symposium_on_ipca_and_japan_joint_press_statement.pdf","clean","suspicious",74,True,514.21,""
"20101105-B-Hebden.pdf","clean","clean",0,False,155.07,""
"2010-2011_pgp.pdf","clean","clean",0,False,443.73,""
"20101105-S-Hoffius.pdf","clean","clean",0,False,187.81,""
"2010-2011_pgp_year_end_update.pdf","clean","clean",0,False,471.67,""
"20101105-P-Gries.pdf","clean","clean",0,False,257.41,""
"20101105-C-Chartier.pdf","clean","malicious",82,True,334.19,""
"20101107-A-Stankrauff.pdf","clean","clean",0,False,99.37,""
"20101107-A-Schlachtmeyer.pdf","clean","clean",0,False,133.63,""
"20101109-B-Irwin.pdf","clean","clean",0,False,75.74,""
"20101107-A-Fox.pdf","clean","clean",0,False,195.67,""
"20101111-D-Campana.pdf","clean","clean",0,False,87.05,""
"20101109-J-Dickson.pdf","clean","clean",0,False,121.89,""
"20101109-D-Walters.pdf","clean","clean",0,False,187.05,""
"20101112-J-Allison-Bunnell.pdf","clean","clean",0,False,122.51,""
"20101130-L-Hooker.pdf","clean","clean",0,False,137.93,""
"20101215-H-Sapoznik.pdf","clean","clean",0,False,103.33,""
"20101215-P-Davis.pdf","clean","clean",0,False,107.53,""
"20101127-D-Fulton.pdf","clean","clean",0,False,265.63,""
"20101207-C-Diaz-Ayala.pdf","clean","clean",0,False,252.58,""
"20101226-D-Pomeroy.pdf","clean","clean",0,False,73.91,""
"20101224-B-Corber.pdf","clean","clean",0,False,109.49,""
"20101226-M-Slobin.pdf","clean","clean",0,False,76.11,""
"2010_-_arbitration_-_board_operating_guidelines_nov_8-10_final.pdf","clean","clean",0,False,101.40,""
"20101215-S-Mayrent.pdf","clean","suspicious",55,True,392.88,""
"2010_arbitration_mou_nov_8-10_-_final.pdf","clean","clean",0,False,125.00,""
"2011-2012_pgp.pdf","clean","low_risk",20,False,197.52,""
"2011-2012_pgp_1st_update.pdf","clean","clean",0,False,200.92,""
"2011-33200.pdf","clean","low_risk",35,False,284.83,""
"20110104-G-Canyon.pdf","clean","clean",0,False,62.32,""
"2011-7573.pdf","clean","low_risk",35,False,360.96,""
"20110105-M-Cantor.pdf","clean","clean",0,False,115.66,""
"20110110-N-Lambson.pdf","clean","clean",0,False,87.98,""
"20110105-J-King.pdf","clean","clean",0,False,372.08,""
"20110112-M-Saylor.pdf","clean","clean",0,False,128.37,""
"2010IncomingCaseStats4-27-2011.pdf","clean","malicious",82,True,1272.52,""
"2010OutgoingCaseStats4-27-2011.pdf","clean","malicious",82,True,1270.71,""
"20110112-R-Lancefield.pdf","clean","suspicious",76,True,307.79,""
"20110128-RE-Barham.pdf","clean","suspicious",74,True,186.61,""
"20110113-N-Battista.pdf","clean","clean",0,False,446.58,""
"20110128-TE-Garrett.pdf","clean","suspicious",74,True,172.53,""
"20110124-Society-of-American-Archivists.pdf","clean","malicious",82,True,418.35,""
"20110128-Tim-Brooks-ARSC.pdf","clean","clean",0,False,201.04,""
"20110128-W-Barham.pdf","clean","clean",0,False,116.53,""
"20110131-Joel-Brian Kellum-2.pdf","clean","clean",0,False,202.06,""
"20110131-Eric-Harbeson-Music-Library-Ass'n.pdf","clean","malicious",82,True,394.69,""
"20110131-Joel-Brian-Kellum.pdf","clean","clean",0,False,185.56,""
"2011013-Alex-Cummings.pdf","clean","clean",0,False,510.61,""
"20110131-Lizabeth-Wilson-Univ.-of-Washington-Libraries.pdf","clean","clean",0,False,162.01,""
"20110131-Abigail-Phillips-Electronic-Freedom-Foundation.pdf","clean","clean",0,False,669.27,""
"20110131-Patrick-Loughney-Library-of-Congress.pdf","clean","clean",0,False,299.47,""
"20110211-Steven-Smolian.pdf","clean","suspicious",55,True,56.12,""
"20110131-K-Matthew-Dames-Syracuse-University.pdf","clean","clean",0,False,513.13,""
"20110224-Ivan-Hoffman.pdf","clean","clean",0,False,100.71,""
"20110131-Stephanie-Roach.pdf","clean","clean",0,False,306.39,""
"20111212_survey_state_criminal_laws_ ARL_ CO_ v2.pdf","clean","clean",0,False,113.08,""
"2011_irpac-irsac_meetings.pdf","clean","clean",0,False,135.33,""
"20110131-Randy-Silverman-and-Alison-Mower-Univ-of-Utah.pdf","clean","clean",0,False,552.57,""
"2011_ovdi_consent_to_extend_fbar_statute.pdf","clean","clean",0,False,172.49,""
"2011_irs_software_developers_conference_attendees.pdf","clean","clean",0,False,233.32,""
"2011_sdc_agenda.pdf","clean","clean",0,False,416.88,""
"2012_4f_faqs.pdf","clean","clean",0,False,469.55,""
"2012_irpac_meetings.pdf","clean","clean",0,False,96.47,""
"2012_irsac_meetings.pdf","clean","clean",0,False,126.38,""
"2011_ovdi_field_directive_memo_signed.pdf","clean","suspicious",55,True,960.57,""
"2012_fillable_forms_tutorial.pdf","clean","clean",0,False,449.77,""
"2012_sdc_agenda_final.pdf","clean","clean",0,False,259.93,""
"2012_sdc_survey_final.pdf","clean","clean",0,False,239.47,""
"204.pdf","clean","clean",0,False,270.25,""
"209.pdf","clean","clean",0,False,249.46,""
"203.pdf","clean","clean",0,False,646.82,""
"2012HagueComplianceReport.pdf","clean","low_risk",35,False,1704.62,""
"20cfr901.pdf","clean","clean",0,False,236.17,""
"20ritchie.pdf","clean","low_risk",30,False,312.45,""
"210.pdf","clean","clean",0,False,100.01,""
"21-james-r-fruchterman.pdf","clean","clean",0,False,302.55,""
"2013_DV_instructions_14SEP_Polish.pdf","clean","clean",0,False,1404.90,""
"211.pdf","clean","clean",0,False,248.20,""
"20yreo.pdf","clean","clean",0,False,604.17,""
"213.pdf","clean","clean",0,False,286.19,""
"21hoofnagle.pdf","clean","low_risk",30,False,293.94,""
"224.pdf","clean","clean",0,False,164.62,""
"229.pdf","clean","clean",0,False,140.97,""
"22-manon-ress.pdf","clean","clean",0,False,416.24,""
"22hughesjelen.pdf","clean","low_risk",30,False,264.55,""
"221.pdf","clean","suspicious",55,True,536.77,""
"233.pdf","clean","clean",0,False,245.47,""
"234.pdf","clean","clean",0,False,162.97,""
"235.pdf","clean","clean",0,False,248.04,""
"24-ed-mierzwinski.pdf","clean","clean",0,False,137.60,""
"23-gwen-hynze-and-janice-pilch.pdf","clean","clean",0,False,495.28,""
"23ditmore.pdf","clean","low_risk",30,False,239.97,""
"24khaw.pdf","clean","low_risk",30,False,139.44,""
"26-angela-walker.pdf","clean","clean",0,False,92.16,""
"25mccomas.pdf","clean","suspicious",65,True,196.68,""
"26haley.pdf","clean","low_risk",30,False,223.59,""
"26usc7611.pdf","clean","low_risk",20,False,288.78,""
"25-william-patry.pdf","clean","clean",0,False,503.56,""
"28-michael-l-marlin.pdf","clean","clean",0,False,100.62,""
"27vinzant.pdf","clean","suspicious",65,True,214.33,""
"282.pdf","clean","suspicious",76,True,104.25,""
"27-judit-rius-sanjuan.pdf","clean","low_risk",30,False,427.46,""
"284.pdf","clean","low_risk",30,False,136.98,""
"287.pdf","clean","low_risk",30,False,129.22,""
"288.pdf","clean","low_risk",30,False,96.40,""
"28prince.pdf","clean","low_risk",30,False,182.78,""
"29-james-love.pdf","clean","clean",0,False,144.25,""
"290.pdf","clean","low_risk",30,False,148.89,""
"297.pdf","clean","low_risk",30,False,70.40,""
"296.pdf","clean","low_risk",30,False,91.54,""
"298.pdf","clean","low_risk",30,False,101.25,""
"295.pdf","clean","low_risk",30,False,238.69,""
"29bethencourt.pdf","clean","suspicious",65,True,129.65,""
"300.pdf","clean","low_risk",30,False,106.46,""
"3-pablo-lecuona.pdf","clean","clean",0,False,141.71,""
"301.pdf","clean","low_risk",30,False,132.54,""
"2848_8821_phoneforum_presentation.pdf","clean","clean",0,False,694.78,""
"305.pdf","clean","low_risk",30,False,158.05,""
"303.pdf","clean","low_risk",30,False,201.05,""
"33megerian.pdf","clean","suspicious",65,True,260.78,""
"35carpini_ASC.pdf","clean","clean",0,False,317.95,""
"31pickering.pdf","clean","low_risk",30,False,492.46,""
"3336_001-cricket-com.pdf","clean","clean",0,False,531.31,""
"401k_phoneforum_handout.pdf","clean","low_risk",20,False,191.49,""
"3_simple_steps.pdf","clean","clean",0,False,338.70,""
"401k_phoneforum_transcript.pdf","clean","low_risk",30,False,368.97,""
"4-brad-huther.pdf","clean","suspicious",55,True,490.50,""
"401k_questionnaire_phoneforum_transcript.pdf","clean","clean",0,False,428.41,""
"401k_questionnaire_phoneforum_presentation.pdf","clean","clean",0,False,510.81,""
"409a_presentation.pdf","clean","clean",0,False,231.52,""
"403b_issues_phoneforum_presentation.pdf","clean","clean",0,False,517.92,""
"403b_plan_update.pdf","clean","clean",0,False,479.57,""
"42528c12.pdf","clean","suspicious",55,True,310.21,""
"42CFR66.pdf","clean","clean",0,False,319.46,""
"4lllc.pdf","clean","clean",0,False,219.63,""
"4wallsllc.pdf","clean","suspicious",55,True,123.57,""
"48cagreement.pdf","clean","malicious",82,True,507.07,""
"5-dan-pescod.pdf","clean","clean",0,False,276.33,""
"509a3guidesheetchoimemo.pdf","clean","low_risk",20,False,287.57,""
"5330_phoneforum_outline.pdf","clean","clean",0,False,128.79,""
"5330_phoneforum_qas.pdf","clean","low_risk",20,False,198.44,""
"5330_phoneforum_transcript.pdf","clean","low_risk",20,False,234.54,""
"4anywhere.pdf","clean","clean",0,False,1016.43,""
"63fr10414.pdf","clean","clean",0,False,163.67,""
"63767c12.pdf","clean","low_risk",35,False,291.60,""
"63fr15802.pdf","clean","clean",0,False,220.55,""
"63fr17142.pdf","clean","clean",0,False,230.35,""
"63fr1926.pdf","clean","clean",0,False,195.57,""
"5330_phoneforum_4979.pdf","clean","low_risk",20,False,1327.22,""
"6-nirmita-narasimhan.pdf","clean","low_risk",30,False,1021.63,""
"63fr23475.pdf","clean","low_risk",35,False,334.07,""
"63fr20428.pdf","clean","low_risk",35,False,652.31,""
"63fr2142.pdf","clean","clean",0,False,474.10,""
"63fr29137.pdf","clean","low_risk",35,False,364.61,""
"63fr25525.pdf","clean","low_risk",35,False,384.83,""
"63fr35984.pdf","clean","clean",0,False,204.66,""
"63fr3685.pdf","clean","clean",0,False,213.55,""
"63fr41599.pdf","clean","clean",0,False,151.70,""
"63fr25394.pdf","clean","suspicious",55,True,816.70,""
"63fr19287.pdf","clean","malicious",82,True,1629.51,""
"63fr39739.pdf","clean","clean",0,False,268.74,""
"63fr47215.pdf","clean","clean",0,False,200.22,""
"63fr43830.pdf","clean","clean",0,False,228.87,""
"63fr43426.pdf","clean","clean",0,False,290.17,""
"63fr51609.pdf","clean","clean",0,False,297.50,""
"63fr49823.pdf","clean","low_risk",35,False,501.19,""
"63fr5405.pdf","clean","clean",0,False,318.69,""
"63fr59235.pdf","clean","clean",0,False,274.15,""
"63fr63749.pdf","clean","clean",0,False,307.29,""
"63fr59233.pdf","clean","clean",0,False,353.55,""
"63fr65555.pdf","clean","clean",0,False,257.24,""
"63fr65567.pdf","clean","clean",0,False,236.17,""
"63fr66041.pdf","clean","low_risk",35,False,267.82,""
"63fr66042.pdf","clean","clean",0,False,163.60,""
"63fr67703.pdf","clean","clean",0,False,176.05,""
"63fr5141.pdf","clean","clean",0,False,1155.57,""
"63fr70080.pdf","clean","clean",0,False,268.87,""
"63fr71167.pdf","clean","clean",0,False,296.76,""
"63fr71249.pdf","clean","clean",0,False,280.72,""
"63fr7288.pdf","clean","clean",0,False,203.05,""
"63fr71785.pdf","clean","clean",0,False,277.12,""
"63fr9419.pdf","clean","clean",0,False,184.58,""
"64fr12902.pdf","clean","clean",0,False,206.98,""
"64fr23875.pdf","clean","clean",0,False,246.13,""
"64fr25201.pdf","clean","low_risk",35,False,239.75,""
"64fr25374.pdf","clean","low_risk",35,False,191.42,""
"64fr27012.pdf","clean","low_risk",35,False,242.42,""
"64fr28802.pdf","clean","clean",0,False,198.84,""
"64fr29518.pdf","clean","clean",0,False,193.00,""
"64fr3055.pdf","clean","clean",0,False,215.73,""
"64fr3574.pdf","clean","clean",0,False,165.51,""
"64fr36576.pdf","clean","clean",0,False,167.39,""
"64fr36574.pdf","clean","low_risk",35,False,194.45,""
"64fr38861.pdf","clean","clean",0,False,137.86,""
"64fr36829.pdf","clean","clean",0,False,179.81,""
"64fr42361.pdf","clean","low_risk",35,False,154.06,""
"64fr41286.pdf","clean","clean",0,False,182.57,""
"64fr49671.pdf","clean","low_risk",35,False,117.76,""
"64fr50758.pdf","clean","clean",0,False,146.59,""
"64fr54361.pdf","clean","clean",0,False,132.93,""
"64fr59140.pdf","clean","clean",0,False,124.91,""
"64fr52107.pdf","clean","low_risk",35,False,148.10,""
"64fr6221.pdf","clean","clean",0,False,154.27,""
"64fr62977.pdf","clean","clean",0,False,124.56,""
"64fr66139.pdf","clean","clean",0,False,126.58,""
"64fr66391.pdf","clean","clean",0,False,172.90,""
"64fr67187.pdf","clean","clean",0,False,177.22,""
"64fr71086.pdf","clean","clean",0,False,156.31,""
"64fr71659.pdf","clean","clean",0,False,159.12,""
"64fr9178.pdf","clean","low_risk",35,False,138.31,""
"65fr10564.pdf","clean","clean",0,False,179.62,""
"65fr17840.pdf","clean","clean",0,False,180.09,""
"65fr14505.pdf","clean","clean",0,False,207.73,""
"65fr14227.pdf","clean","clean",0,False,228.22,""
"65fr19025.pdf","clean","clean",0,False,193.42,""
"65fr2439.pdf","clean","clean",0,False,179.40,""
"65fr2194.pdf","clean","clean",0,False,191.65,""
"65fr25894.pdf","clean","clean",0,False,240.57,""
"65fr26162.pdf","clean","clean",0,False,233.90,""
"65fr33266.pdf","clean","clean",0,False,207.00,""
"65fr3404.pdf","clean","clean",0,False,204.55,""
"65fr35673.pdf","clean","clean",0,False,229.80,""
"65fr37412.pdf","clean","clean",0,False,181.50,""
"65fr39818.pdf","clean","clean",0,False,181.40,""
"65fr39819.pdf","clean","low_risk",20,False,257.09,""
"65fr41508.pdf","clean","clean",0,False,182.07,""
"65fr41737.pdf","clean","clean",0,False,169.56,""
"65fr41612.pdf","clean","clean",0,False,247.76,""
"65fr46873.pdf","clean","clean",0,False,195.22,""
"65fr48913.pdf","clean","clean",0,False,237.62,""
"65fr54077.pdf","clean","clean",0,False,240.23,""
"65fr55302.pdf","clean","clean",0,False,225.88,""
"65fr54984.pdf","clean","clean",0,False,307.47,""
"65fr56941.pdf","clean","clean",0,False,231.51,""
"65fr60690.pdf","clean","clean",0,False,206.37,""
"65fr63626.pdf","clean","clean",0,False,199.70,""
"65fr64622.pdf","clean","clean",0,False,190.18,""
"65fr65335.pdf","clean","clean",0,False,183.84,""
"65fr6573.pdf","clean","clean",0,False,176.87,""
"65fr75167.pdf","clean","clean",0,False,168.70,""
"65fr6946.pdf","clean","clean",0,False,226.63,""
"65fr77292.pdf","clean","clean",0,False,222.82,""
"65fr77330.pdf","clean","clean",0,False,206.44,""
"65fr77393.pdf","clean","clean",0,False,207.14,""
"65fr64555.pdf","clean","clean",0,False,853.36,""
"65fr78434.pdf","clean","clean",0,False,307.99,""
"66fr14099.pdf","clean","clean",0,False,340.27,""
"66fr19094.pdf","clean","clean",0,False,176.65,""
"66fr1700.pdf","clean","clean",0,False,359.13,""
"66fr20482.pdf","clean","clean",0,False,243.38,""
"66fr22139.pdf","clean","clean",0,False,173.63,""
"66fr20958.pdf","clean","clean",0,False,213.30,""
"66fr24267.pdf","clean","clean",0,False,253.40,""
"66fr29700.pdf","clean","clean",0,False,163.79,""
"66fr37142.pdf","clean","clean",0,False,182.28,""
"66fr34372.pdf","clean","clean",0,False,189.70,""
"66fr38324.pdf","clean","clean",0,False,173.15,""
"66fr38226.pdf","clean","clean",0,False,187.85,""
"66fr40322.pdf","clean","clean",0,False,106.87,""
"66fr45241.pdf","clean","clean",0,False,161.59,""
"66fr48648.pdf","clean","clean",0,False,137.51,""
"66fr49330.pdf","clean","clean",0,False,130.20,""
"66fr46250.pdf","clean","clean",0,False,161.65,""
"66fr50219.pdf","clean","clean",0,False,182.26,""
"66fr50220.pdf","clean","clean",0,False,169.00,""
"66fr51617.pdf","clean","clean",0,False,202.67,""
"66fr54789.pdf","clean","clean",0,False,240.26,""
"66fr58179.pdf","clean","clean",0,False,218.34,""
"66fr58761.pdf","clean","clean",0,False,222.73,""
"66fr58180.pdf","clean","clean",0,False,329.41,""
"66fr59698.pdf","clean","clean",0,False,261.44,""
"66fr60223.pdf","clean","clean",0,False,236.89,""
"66fr63267.pdf","clean","clean",0,False,144.57,""
"66fr62942.pdf","clean","clean",0,False,191.63,""
"66fr63920.pdf","clean","clean",0,False,123.42,""
"66fr64783.pdf","clean","clean",0,False,199.15,""
"66fr9360.pdf","clean","clean",0,False,142.54,""
"66fr9881.pdf","clean","clean",0,False,154.19,""
"66fr66433.pdf","clean","clean",0,False,235.88,""
"67fr10652.pdf","clean","clean",0,False,137.28,""
"67fr10329.pdf","clean","clean",0,False,147.32,""
"67fr15414.pdf","clean","low_risk",20,False,207.02,""
"67fr18148.pdf","clean","clean",0,False,175.05,""
"67fr15417.pdf","clean","clean",0,False,223.11,""
"67fr21176.pdf","clean","clean",0,False,225.82,""
"67fr2912.pdf","clean","clean",0,False,212.06,""
"67fr38003.pdf","clean","clean",0,False,156.44,""
"67fr4472.pdf","clean","clean",0,False,170.66,""
"67fr47574.pdf","clean","clean",0,False,174.11,""
"67fr4694.pdf","clean","clean",0,False,273.91,""
"67fr5000.pdf","clean","clean",0,False,203.76,""
"67fr5213.pdf","clean","clean",0,False,150.05,""
"67fr46698.pdf","clean","low_risk",44,False,504.69,""
"67fr45239.pdf","clean","clean",0,False,711.74,""
"67fr55885.pdf","clean","clean",0,False,240.45,""
"67fr58550.pdf","clean","clean",0,False,187.56,""
"67fr5761.pdf","clean","clean",0,False,243.99,""
"67fr59573.pdf","clean","clean",0,False,155.04,""
"67fr63578.pdf","clean","clean",0,False,168.22,""
"67fr66090.pdf","clean","clean",0,False,170.07,""
"67fr69134.pdf","clean","clean",0,False,221.43,""
"67fr70093.pdf","clean","low_risk",30,False,233.41,""
"67fr71105.pdf","clean","clean",0,False,264.61,""
"67fr71477.pdf","clean","low_risk",30,False,314.59,""
"67fr77170.pdf","clean","suspicious",51,True,290.71,""
"67fr9045.pdf","clean","clean",0,False,102.39,""
"67fr77951.pdf","clean","suspicious",51,True,291.12,""
"67fr78176.pdf","clean","low_risk",30,False,269.13,""
"67fr78510.pdf","clean","suspicious",72,True,251.74,""
"68fr13652.pdf","clean","low_risk",30,False,314.06,""
"68fr15972.pdf","clean","low_risk",30,False,323.97,""
"68fr16958.pdf","clean","low_risk",30,False,290.65,""
"68fr17838.pdf","clean","low_risk",30,False,292.48,""
"68fr2011.pdf","clean","clean",0,False,291.59,""
"68fr19482.pdf","clean","low_risk",30,False,406.39,""
"68fr19966.pdf","clean","low_risk",30,False,436.19,""
"68fr23241.pdf","clean","low_risk",30,False,485.62,""
"68fr32381.pdf","clean","low_risk",30,False,225.14,""
"68fr35008.pdf","clean","suspicious",51,True,206.69,""
"68fr27506.pdf","clean","low_risk",30,False,423.07,""
"68fr36469.pdf","clean","suspicious",51,True,209.46,""
"68fr38630.pdf","clean","low_risk",30,False,189.48,""
"68fr39837.pdf","clean","suspicious",51,True,225.76,""
"68fr4744.pdf","clean","low_risk",30,False,181.76,""
"68fr48415.pdf","clean","clean",0,False,152.47,""
"68fr50493.pdf","clean","low_risk",30,False,198.60,""
"68fr57814.pdf","clean","clean",0,False,147.60,""
"68fr58054.pdf","clean","clean",0,False,109.37,""
"68fr6678.pdf","clean","low_risk",30,False,205.98,""
"68fr67045.pdf","clean","clean",0,False,130.59,""
"68fr70039.pdf","clean","clean",0,False,130.28,""
"68fr71171.pdf","clean","clean",0,False,142.79,""
"68fr74481.pdf","clean","clean",0,False,163.07,""
"69fr11566.pdf","clean","clean",0,False,153.28,""
"68fr7350.pdf","clean","low_risk",30,False,195.85,""
"69fr11515.pdf","clean","clean",0,False,213.57,""
"69fr13127.pdf","clean","clean",0,False,114.45,""
"69fr23821.pdf","clean","clean",0,False,126.84,""
"69fr30577.pdf","clean","clean",0,False,188.65,""
"69fr34578.pdf","clean","clean",0,False,205.04,""
"69fr3606.pdf","clean","clean",0,False,184.14,""
"69fr39331.pdf","clean","clean",0,False,211.77,""
"69fr39333.pdf","clean","clean",0,False,159.84,""
"69fr42004.pdf","clean","clean",0,False,172.40,""
"69fr42007.pdf","clean","clean",0,False,177.39,""
"69fr44548.pdf","clean","clean",0,False,134.10,""
"69fr47396.pdf","clean","clean",0,False,156.22,""
"69fr5196.pdf","clean","clean",0,False,153.17,""
"69fr5370.pdf","clean","clean",0,False,150.31,""
"69fr5371.pdf","clean","clean",0,False,150.27,""
"69fr5693.pdf","clean","clean",0,False,184.45,""
"69fr59648.pdf","clean","clean",0,False,102.34,""
"69fr58261.pdf","clean","clean",0,False,162.68,""
"69fr61325.pdf","clean","clean",0,False,181.96,""
"69fr69288.pdf","clean","clean",0,False,124.34,""
"69fr62411.pdf","clean","clean",0,False,167.94,""
"69fr689.pdf","clean","clean",0,False,157.71,""
"69fr69822.pdf","clean","clean",0,False,147.47,""
"69fr70377.pdf","clean","clean",0,False,127.84,""
"69fr77636.pdf","clean","clean",0,False,132.36,""
"69fr78482.pdf","clean","clean",0,False,133.92,""
"69fr8120.pdf","clean","clean",0,False,149.97,""
"69fr8821.pdf","clean","clean",0,False,136.30,""
"69fr8822.pdf","clean","clean",0,False,147.49,""
"70fr12242.pdf","clean","clean",0,False,170.29,""
"70fr15368.pdf","clean","clean",0,False,153.30,""
"70fr12631.pdf","clean","clean",0,False,194.69,""
"70fr15587.pdf","clean","clean",0,False,188.25,""
"70fr16306.pdf","clean","clean",0,False,162.85,""
"70fr17320.pdf","clean","clean",0,False,178.69,""
"70fr28231.pdf","clean","clean",0,False,138.14,""
"70fr24309.pdf","clean","clean",0,False,147.36,""
"70fr21704.pdf","clean","clean",0,False,180.14,""
"70fr3069.pdf","clean","clean",0,False,166.86,""
"70fr3231.pdf","clean","clean",0,False,165.63,""
"70fr3656.pdf","clean","clean",0,False,172.14,""
"70fr30366.pdf","clean","clean",0,False,211.42,""
"70fr3738.pdf","clean","clean",0,False,162.68,""
"70fr3739.pdf","clean","clean",0,False,168.91,""
"70fr38022-3.pdf","clean","clean",0,False,198.37,""
"70fr38022.pdf","clean","clean",0,False,223.07,""
"70fr39178.pdf","clean","clean",0,False,155.83,""
"70fr39341.pdf","clean","clean",0,False,161.25,""
"70fr41650.pdf","clean","clean",0,False,170.51,""
"70fr39343.pdf","clean","clean",0,False,221.88,""
"70fr42286.pdf","clean","clean",0,False,183.99,""
"70fr43364.pdf","clean","clean",0,False,214.51,""
"70fr44878.pdf","clean","clean",0,False,155.64,""
"70fr44049.pdf","clean","clean",0,False,191.19,""
"70fr46193.pdf","clean","clean",0,False,169.28,""
"70fr46891.pdf","clean","clean",0,False,136.23,""
"70fr47587.pdf","clean","clean",0,False,142.16,""
"70fr53973.pdf","clean","clean",0,False,134.76,""
"70fr58310.pdf","clean","clean",0,False,159.51,""
"70fr57526.pdf","clean","clean",0,False,174.45,""
"70fr61905.pdf","clean","clean",0,False,162.26,""
"70fr6736.pdf","clean","clean",0,False,189.06,""
"70fr7177.pdf","clean","clean",0,False,164.40,""
"70fr9111.pdf","clean","suspicious",65,True,170.67,""
"71fr15368.pdf","clean","clean",0,False,180.96,""
"71fr31089.pdf","clean","clean",0,False,165.71,""
"71fr24829.pdf","clean","clean",0,False,179.21,""
"71fr36486.pdf","clean","clean",0,False,171.45,""
"71fr45739.pdf","clean","low_risk",30,False,141.08,""
"71fr45749.pdf","clean","low_risk",30,False,227.23,""
"71fr46402.pdf","clean","low_risk",30,False,166.21,""
"71fr54948.pdf","clean","low_risk",30,False,210.40,""
"71fr624.pdf","clean","low_risk",30,False,202.72,""
"71fr63247.pdf","clean","clean",0,False,180.41,""
"7144849_canada.pdf","clean","clean",0,False,797.35,""
"71fr64317.pdf","clean","clean",0,False,167.13,""
"71fr64639.pdf","clean","clean",0,False,191.98,""
"71fr67508.pdf","clean","clean",0,False,172.70,""
"71fr68472.pdf","clean","clean",0,False,194.33,""
"71fr70434.pdf","clean","clean",0,False,166.90,""
"71fr64303.pdf","clean","clean",0,False,465.88,""
"71fr74565.pdf","clean","low_risk",30,False,181.99,""
"71fr76375.pdf","clean","clean",0,False,182.58,""
"71fr7999.pdf","clean","clean",0,False,170.35,""
"71fr9302.pdf","clean","clean",0,False,209.81,""
"72fr16306.pdf","clean","clean",0,False,174.98,""
"72fr18493.pdf","clean","clean",0,False,164.85,""
"72fr19039.pdf","clean","clean",0,False,202.12,""
"72fr24623.pdf","clean","low_risk",30,False,172.25,""
"72fr28998.pdf","clean","clean",0,False,197.53,""
"72fr30039.pdf","clean","clean",0,False,204.56,""
"72fr33251.pdf","clean","clean",0,False,181.48,""
"72fr30641.pdf","clean","clean",0,False,211.41,""
"72fr33690.pdf","clean","clean",0,False,226.65,""
"72fr33776.pdf","clean","clean",0,False,180.55,""
"72fr40745.pdf","clean","clean",0,False,195.21,""
"72fr45071.pdf","clean","clean",0,False,195.68,""
"72fr5931.pdf","clean","clean",0,False,173.42,""
"72fr36883.pdf","clean","clean",0,False,326.95,""
"72fr60029.pdf","clean","clean",0,False,167.82,""
"72fr6008.pdf","clean","clean",0,False,163.57,""
"72fr68198.pdf","clean","clean",0,False,151.80,""
"72fr61801.pdf","clean","clean",0,False,206.84,""
"73fr10290.pdf","clean","clean",0,False,158.38,""
"72fr70529.pdf","clean","clean",0,False,235.76,""
"73fr14183.pdf","clean","clean",0,False,174.73,""
"73fr23390.pdf","clean","clean",0,False,193.16,""
"73fr25627.pdf","clean","clean",0,False,216.77,""
"73fr29071.pdf","clean","clean",0,False,228.41,""
"73fr31399.pdf","clean","clean",0,False,246.26,""
"73fr37838.pdf","clean","clean",0,False,197.44,""
"73fr40203.pdf","clean","clean",0,False,288.09,""
"73fr3898.pdf","clean","clean",0,False,326.99,""
"73fr40392.pdf","clean","clean",0,False,411.62,""
"73fr40802.pdf","clean","clean",0,False,423.06,""
"73fr47113.pdf","clean","clean",0,False,244.35,""
"73fr48396.pdf","clean","clean",0,False,226.09,""
"73fr58073.pdf","clean","clean",0,False,169.66,""
"73fr60658.pdf","clean","clean",0,False,145.88,""
"73fr63111.pdf","clean","clean",0,False,119.04,""
"73fr64905.pdf","clean","clean",0,False,118.31,""
"73fr79425.pdf","clean","clean",0,False,189.29,""
"74fr10096.pdf","clean","clean",0,False,168.49,""
"73fr66173.pdf","clean","clean",0,False,256.30,""
"73fr9143.pdf","clean","clean",0,False,265.49,""
"74fr12544.pdf","clean","clean",0,False,180.98,""
"74fr12092.pdf","clean","clean",0,False,183.15,""
"74fr13268.pdf","clean","low_risk",30,False,157.41,""
"74fr17884.pdf","clean","suspicious",72,True,206.51,""
"74fr32805.pdf","clean","clean",0,False,171.82,""
"74fr33930.pdf","clean","clean",0,False,138.79,""
"74fr19108.pdf","clean","suspicious",72,True,190.77,""
"74fr34286.pdf","clean","clean",0,False,184.25,""
"74fr39900.pdf","clean","clean",0,False,171.73,""
"74fr34796.pdf","clean","clean",0,False,183.66,""
"74fr40614.pdf","clean","clean",0,False,185.96,""
"74fr4537.pdf","clean","clean",0,False,152.05,""
"74fr55138.pdf","clean","clean",0,False,149.36,""
"74fr9293.pdf","clean","clean",0,False,194.88,""
"74fr48191.pdf","clean","low_risk",35,False,338.90,""
"75fr13306.pdf","clean","clean",0,False,164.95,""
"74fr52507.pdf","clean","low_risk",35,False,373.96,""
"75fr15390.pdf","clean","low_risk",35,False,285.81,""
"75fr20526.pdf","clean","low_risk",35,False,328.46,""
"75fr26278.pdf","clean","low_risk",35,False,355.34,""
"75fr27248.pdf","clean","low_risk",35,False,402.07,""
"75fr43825.pdf","clean","clean",0,False,336.47,""
"75fr3863.pdf","clean","low_risk",35,False,498.37,""
"75fr47464.pdf","clean","low_risk",35,False,382.07,""
"75fr52267.pdf","clean","low_risk",35,False,389.72,""
"75fr61116.pdf","clean","clean",0,False,174.76,""
"75fr56868.pdf","clean","low_risk",35,False,321.76,""
"75fr62345.pdf","clean","low_risk",35,False,307.73,""
"75fr67777.pdf","clean","clean",0,False,155.86,""
"75fr62488.pdf","clean","low_risk",35,False,307.96,""
"75fr72771.pdf","clean","clean",0,False,164.17,""
"75fr74749.pdf","clean","clean",0,False,148.66,""
"75fr81952.pdf","clean","low_risk",35,False,274.10,""
"7611pregs080509.pdf","clean","clean",0,False,264.08,""
"76fr10405.pdf","clean","low_risk",35,False,306.99,""
"76fr11816.pdf","clean","low_risk",30,False,265.20,""
"76fr26769.pdf","clean","clean",0,False,198.44,""
"76fr22733.pdf","clean","low_risk",35,False,363.72,""
"76fr32316.pdf","clean","low_risk",35,False,325.26,""
"76fr38306.pdf","clean","low_risk",35,False,346.46,""
"76fr4072.pdf","clean","low_risk",35,False,361.64,""
"76fr41075.pdf","clean","low_risk",35,False,312.81,""
"76fr5106.pdf","clean","low_risk",35,False,412.53,""
"76fr5213.pdf","clean","low_risk",35,False,520.01,""
"76fr59953.pdf","clean","low_risk",35,False,560.41,""
"76fr60398.pdf","clean","low_risk",35,False,542.63,""
"76fr60774.pdf","clean","low_risk",35,False,462.92,""
"76fr66758.pdf","clean","low_risk",35,False,375.77,""
"76fr69288.pdf","clean","low_risk",35,False,281.71,""
"76fr72982.pdf","clean","low_risk",35,False,274.16,""
"76fr9229.pdf","clean","low_risk",35,False,310.37,""
"76fr78866.pdf","clean","low_risk",35,False,383.57,""
"77fr18704.pdf","clean","low_risk",35,False,303.10,""
"77fr18705.pdf","clean","low_risk",35,False,349.65,""
"77fr29257.pdf","clean","low_risk",35,False,289.42,""
"77fr18869.pdf","clean","low_risk",35,False,327.21,""
"77fr31237.pdf","clean","low_risk",35,False,309.67,""
"77fr3506.pdf","clean","low_risk",35,False,293.49,""
"77fr37605.pdf","clean","low_risk",35,False,334.64,""
"77fr35643.pdf","clean","low_risk",35,False,361.08,""
"8-robert-martinengo.pdf","clean","clean",0,False,83.63,""
"77fr40268.pdf","clean","low_risk",35,False,391.29,""
"77fr44179.pdf","clean","low_risk",35,False,350.17,""
"828_comm.pdf","clean","clean",0,False,161.49,""
"8x8inc.pdf","clean","clean",0,False,111.02,""
"9-steven-m-rothstein.pdf","clean","clean",0,False,142.99,""
"9 FAM Updates for L Visa Annotation - May2010.pdf","clean","clean",0,False,231.22,""
"92appa.pdf","clean","clean",0,False,309.37,""
"92-95pw.pdf","clean","clean",0,False,409.98,""
"92appc.pdf","clean","clean",0,False,292.67,""
"92appb.pdf","clean","clean",0,False,394.09,""
"92appd.pdf","clean","clean",0,False,296.38,""
"92appe.pdf","clean","clean",0,False,284.87,""
"92appg.pdf","clean","clean",0,False,292.75,""
"92appf.pdf","clean","clean",0,False,375.90,""
"92appi.pdf","clean","clean",0,False,238.35,""
"92apph.pdf","clean","clean",0,False,321.20,""
"92appj.pdf","clean","clean",0,False,202.51,""
"92appk.pdf","clean","clean",0,False,287.76,""
"92appm.pdf","clean","clean",0,False,230.90,""
"92appn.pdf","clean","clean",0,False,178.86,""
"92appl.pdf","clean","clean",0,False,316.36,""
"92chap11.pdf","clean","clean",0,False,135.24,""
"92chap10.pdf","clean","clean",0,False,351.05,""
"92chap12.pdf","clean","clean",0,False,332.21,""
"92chap13.pdf","clean","clean",0,False,328.53,""
"92chap2.pdf","clean","clean",0,False,309.78,""
"92chap5.pdf","clean","clean",0,False,288.32,""
"92chap3.pdf","clean","clean",0,False,324.64,""
"92chap6.pdf","clean","clean",0,False,274.01,""
"92chap7.pdf","clean","clean",0,False,230.31,""
"9300.pdf","clean","clean",0,False,147.68,""
"93nf01rp.pdf","clean","suspicious",60,True,163.52,""
"94itfo.pdf","clean","clean",0,False,146.45,""
"92chap9.pdf","clean","clean",0,False,341.07,""
"92chap8.pdf","clean","clean",0,False,384.74,""
"94x-xml-pia.pdf","clean","clean",0,False,183.00,""
"94eounrl.pdf","clean","clean",0,False,375.77,""
"95bondpa.pdf","clean","clean",0,False,291.67,""
"95govbnd.pdf","clean","clean",0,False,175.99,""
"95eoart.pdf","clean","clean",0,False,363.00,""
"96-5riaamemo.pdf","clean","clean",0,False,173.97,""
"95perwel.pdf","clean","clean",0,False,477.45,""
"95scorp.pdf","clean","clean",0,False,359.97,""
"96eochar.pdf","clean","clean",0,False,174.30,""
"96scorp.pdf","clean","suspicious",60,True,255.52,""
"95pfctar.pdf","clean","low_risk",35,False,684.77,""
"97cftcar.pdf","clean","clean",0,False,307.72,""
"96eounrl.pdf","clean","clean",0,False,416.58,""
"97eounrl.pdf","clean","clean",0,False,228.23,""
"97pfpanl.pdf","clean","clean",0,False,122.92,""
"97eochar.pdf","clean","clean",0,False,288.98,""
"986forum.pdf","clean","clean",0,False,93.77,""
"97transf.pdf","clean","suspicious",60,True,146.59,""
"97fidart.pdf","clean","clean",0,False,372.85,""
"97scorp.pdf","clean","clean",0,False,380.70,""
"98eochar.pdf","clean","clean",0,False,334.20,""
"98cfcart.pdf","clean","clean",0,False,429.67,""
"98eounrl.pdf","clean","clean",0,False,308.84,""
"98chrmtr.pdf","clean","clean",0,False,533.23,""
"98frrltr.pdf","clean","clean",0,False,230.88,""
"98perwel.pdf","clean","suspicious",60,True,299.03,""
"98pfctar.pdf","clean","clean",0,False,258.28,""
"9901036.pdf","clean","clean",0,False,255.60,""
"9902018.pdf","clean","clean",0,False,163.85,""
"98scorp.pdf","clean","clean",0,False,384.61,""
"99chretr.pdf","clean","clean",0,False,119.18,""
"99eochar.pdf","clean","clean",0,False,185.72,""
"99eounrl.pdf","clean","clean",0,False,217.84,""
"99cftcar.pdf","clean","clean",0,False,401.97,""
"99pftar.pdf","clean","clean",0,False,249.69,""
"a-00-19.pdf","clean","clean",0,False,169.76,""
"99scorp.pdf","clean","suspicious",60,True,320.85,""
"a-00-20.pdf","clean","clean",0,False,154.16,""
"99spart.pdf","clean","clean",0,False,338.89,""
"a-00-21.pdf","clean","clean",0,False,163.93,""
"a-00-22.pdf","clean","clean",0,False,147.90,""
"a-00-23.pdf","clean","clean",0,False,196.38,""
"a-00-4.pdf","clean","clean",0,False,172.90,""
"a-00-48.pdf","clean","clean",0,False,188.34,""
"a-00-58.pdf","clean","clean",0,False,172.91,""
"a-00-71.pdf","clean","low_risk",30,False,233.24,""
"a-01-103.pdf","clean","low_risk",30,False,168.53,""
"a-00-77.pdf","clean","low_risk",30,False,231.36,""
"a-00-80.pdf","clean","low_risk",30,False,233.41,""
"a-01-106.pdf","clean","low_risk",30,False,206.66,""
"a-01-120.pdf","clean","low_risk",30,False,163.69,""
"0000fc3840119cade9fb2dae9576cafd3be7f923","malware","low_risk",40,False,63.60,"[Errno 22] Invalid argument: 'D:\\PDFSafe\\Testing Folders\\Testing Folders\\MALWARE_PDF_PRE_04-2011_10982_files\\0000fc3840119cade9fb2dae9576cafd3be7f923'"
"a-01-38.pdf","clean","low_risk",30,False,196.68,""
"00060c6f8c34a29e9aa4b87e1f00f87b38389a27","malware","low_risk",40,False,65.65,"[Errno 22] Invalid argument: 'D:\\PDFSafe\\Testing Folders\\Testing Folders\\MALWARE_PDF_PRE_04-2011_10982_files\\00060c6f8c34a29e9aa4b87e1f00f87b38389a27'"
"000fbadb686b99b8fc1007c773f05b491a6c87da","malware","low_risk",40,False,34.92,"[Errno 22] Invalid argument: 'D:\\PDFSafe\\Testing Folders\\Testing Folders\\MALWARE_PDF_PRE_04-2011_10982_files\\000fbadb686b99b8fc1007c773f05b491a6c87da'"
"a-01-58.pdf","clean","low_risk",30,False,163.72,""
"a-01-32.pdf","clean","low_risk",30,False,312.55,""
"0025fd602ce1a67e740403dfec8f1d80ed5ceec0","malware","low_risk",40,False,55.69,"[Errno 22] Invalid argument: 'D:\\PDFSafe\\Testing Folders\\Testing Folders\\MALWARE_PDF_PRE_04-2011_10982_files\\0025fd602ce1a67e740403dfec8f1d80ed5ceec0'"
"003d7bff3d40449cfd6b920bcacb2c3445141748","malware","low_risk",40,False,36.54,"[Errno 22] Invalid argument: 'D:\\PDFSafe\\Testing Folders\\Testing Folders\\MALWARE_PDF_PRE_04-2011_10982_files\\003d7bff3d40449cfd6b920bcacb2c3445141748'"
"002779aac17e85baf9d2dab135cae9bac7da3156","malware","low_risk",40,False,44.48,"[Errno 22] Invalid argument: 'D:\\PDFSafe\\Testing Folders\\Testing Folders\\MALWARE_PDF_PRE_04-2011_10982_files\\002779aac17e85baf9d2dab135cae9bac7da3156'"
"003fddfdf2c321cbc9aa58ec41ed8b9b13f9394e","malware","low_risk",40,False,12.54,"[Errno 22] Invalid argument: 'D:\\PDFSafe\\Testing Folders\\Testing Folders\\MALWARE_PDF_PRE_04-2011_10982_files\\003fddfdf2c321cbc9aa58ec41ed8b9b13f9394e'"
"004d4d3b4d90fa340d91e281261d5c44e79974c0","malware","low_risk",40,False,11.70,"[Errno 22] Invalid argument: 'D:\\PDFSafe\\Testing Folders\\Testing Folders\\MALWARE_PDF_PRE_04-2011_10982_files\\004d4d3b4d90fa340d91e281261d5c44e79974c0'"
"004dc6a0749b9d365a64f53a05a1f5612f0e414d","malware","low_risk",40,False,53.52,"[Errno 22] Invalid argument: 'D:\\PDFSafe\\Testing Folders\\Testing Folders\\MALWARE_PDF_PRE_04-2011_10982_files\\004dc6a0749b9d365a64f53a05a1f5612f0e414d'"
"00571b9c00b2463d24a8738c99461d627718971f","malware","low_risk",40,False,51.34,"[Errno 22] Invalid argument: 'D:\\PDFSafe\\Testing Folders\\Testing Folders\\MALWARE_PDF_PRE_04-2011_10982_files\\00571b9c00b2463d24a8738c99461d627718971f'"
"001d92fc29146e01e0ffa619e5dbf23067f1e814","malware","low_risk",40,False,134.52,"[Errno 22] Invalid argument: 'D:\\PDFSafe\\Testing Folders\\Testing Folders\\MALWARE_PDF_PRE_04-2011_10982_files\\001d92fc29146e01e0ffa619e5dbf23067f1e814'"
"0078f1158f97d05217acdaadc44b778ec525b9a3","malware","low_risk",40,False,40.88,"[Errno 22] Invalid argument: 'D:\\PDFSafe\\Testing Folders\\Testing Folders\\MALWARE_PDF_PRE_04-2011_10982_files\\0078f1158f97d05217acdaadc44b778ec525b9a3'"
"007b846b3e0eae59ba043b8c91fa3a0a6f17d6cd","malware","low_risk",40,False,35.06,"[Errno 22] Invalid argument: 'D:\\PDFSafe\\Testing Folders\\Testing Folders\\MALWARE_PDF_PRE_04-2011_10982_files\\007b846b3e0eae59ba043b8c91fa3a0a6f17d6cd'"
"0058168b2b5b436b80412fbb96134070da33f8b5","malware","malicious",96,True,99.02,""
"007c53ac5d1372514aca49b5207eb8b084234ed4","malware","low_risk",40,False,77.69,"[Errno 22] Invalid argument: 'D:\\PDFSafe\\Testing Folders\\Testing Folders\\MALWARE_PDF_PRE_04-2011_10982_files\\007c53ac5d1372514aca49b5207eb8b084234ed4'"
"008452447522f0c79d51c2a33ec66ff5146740a1","malware","low_risk",40,False,71.30,"[Errno 22] Invalid argument: 'D:\\PDFSafe\\Testing Folders\\Testing Folders\\MALWARE_PDF_PRE_04-2011_10982_files\\008452447522f0c79d51c2a33ec66ff5146740a1'"
"007e8ec8a52033a66c21d114a169dd556766d98b","malware","low_risk",40,False,73.51,"[Errno 22] Invalid argument: 'D:\\PDFSafe\\Testing Folders\\Testing Folders\\MALWARE_PDF_PRE_04-2011_10982_files\\007e8ec8a52033a66c21d114a169dd556766d98b'"
"009159d9f89da9cbed49c48bf2a64c31066998ea","malware","low_risk",40,False,37.47,"[Errno 22] Invalid argument: 'D:\\PDFSafe\\Testing Folders\\Testing Folders\\MALWARE_PDF_PRE_04-2011_10982_files\\009159d9f89da9cbed49c48bf2a64c31066998ea'"
"00864e459252015630b6403e3ce3be7bc752256b","malware","low_risk",40,False,37.77,"[Errno 22] Invalid argument: 'D:\\PDFSafe\\Testing Folders\\Testing Folders\\MALWARE_PDF_PRE_04-2011_10982_files\\00864e459252015630b6403e3ce3be7bc752256b'"
"00ab2bb1931fb0486ef91ca1b76f0d82b8b6fe50","malware","low_risk",40,False,26.91,"[Errno 22] Invalid argument: 'D:\\PDFSafe\\Testing Folders\\Testing Folders\\MALWARE_PDF_PRE_04-2011_10982_files\\00ab2bb1931fb0486ef91ca1b76f0d82b8b6fe50'"
"00aaa01030cb7254a0ba30e9e62516f8690b9e3b","malware","low_risk",40,False,33.46,"[Errno 22] Invalid argument: 'D:\\PDFSafe\\Testing Folders\\Testing Folders\\MALWARE_PDF_PRE_04-2011_10982_files\\00aaa01030cb7254a0ba30e9e62516f8690b9e3b'"
"00cd28f6fe162e535b07a21dea98f2275e3e5a5f","malware","low_risk",40,False,11.84,"[Errno 22] Invalid argument: 'D:\\PDFSafe\\Testing Folders\\Testing Folders\\MALWARE_PDF_PRE_04-2011_10982_files\\00cd28f6fe162e535b07a21dea98f2275e3e5a5f'"
"00c27464078799a862eb5bc3abc3151f17ec5b8a","malware","low_risk",40,False,29.18,"[Errno 22] Invalid argument: 'D:\\PDFSafe\\Testing Folders\\Testing Folders\\MALWARE_PDF_PRE_04-2011_10982_files\\00c27464078799a862eb5bc3abc3151f17ec5b8a'"
"00cf5471222971491f3123e66d5566c17e7a5ab5","malware","low_risk",40,False,11.83,"[Errno 22] Invalid argument: 'D:\\PDFSafe\\Testing Folders\\Testing Folders\\MALWARE_PDF_PRE_04-2011_10982_files\\00cf5471222971491f3123e66d5566c17e7a5ab5'"
"00cdc5c6b6dfc0bcbbab91040963374818936902","malware","low_risk",40,False,31.30,"[Errno 22] Invalid argument: 'D:\\PDFSafe\\Testing Folders\\Testing Folders\\MALWARE_PDF_PRE_04-2011_10982_files\\00cdc5c6b6dfc0bcbbab91040963374818936902'"
"00e8b95f4d96e0d1a68692511364543a863869f4","malware","low_risk",40,False,30.76,"[Errno 22] Invalid argument: 'D:\\PDFSafe\\Testing Folders\\Testing Folders\\MALWARE_PDF_PRE_04-2011_10982_files\\00e8b95f4d96e0d1a68692511364543a863869f4'"
"00d3f97d86825dd7eae67b8cae2eda407cc9e0f3","malware","low_risk",40,False,38.98,"[Errno 22] Invalid argument: 'D:\\PDFSafe\\Testing Folders\\Testing Folders\\MALWARE_PDF_PRE_04-2011_10982_files\\00d3f97d86825dd7eae67b8cae2eda407cc9e0f3'"
"00eac22a16458fbf5ade490aa1d17ed1158cec84","malware","low_risk",40,False,32.25,"[Errno 22] Invalid argument: 'D:\\PDFSafe\\Testing Folders\\Testing Folders\\MALWARE_PDF_PRE_04-2011_10982_files\\00eac22a16458fbf5ade490aa1d17ed1158cec84'"
"00eef039c70af87aaabe4e2ad2621454fb726dd6","malware","low_risk",40,False,31.77,"[Errno 22] Invalid argument: 'D:\\PDFSafe\\Testing Folders\\Testing Folders\\MALWARE_PDF_PRE_04-2011_10982_files\\00eef039c70af87aaabe4e2ad2621454fb726dd6'"
"00f55962872dbc19568e82c1d15b4e389d775f2a","malware","low_risk",40,False,26.77,"[Errno 22] Invalid argument: 'D:\\PDFSafe\\Testing Folders\\Testing Folders\\MALWARE_PDF_PRE_04-2011_10982_files\\00f55962872dbc19568e82c1d15b4e389d775f2a'"
"0100a8d7df066fcc32bf896d0f410fbfad301592","malware","low_risk",40,False,36.82,"[Errno 22] Invalid argument: 'D:\\PDFSafe\\Testing Folders\\Testing Folders\\MALWARE_PDF_PRE_04-2011_10982_files\\0100a8d7df066fcc32bf896d0f410fbfad301592'"
"010ac22f8198d9c7605b500a99b71dcf42bbfd36","malware","low_risk",40,False,36.90,"[Errno 22] Invalid argument: 'D:\\PDFSafe\\Testing Folders\\Testing Folders\\MALWARE_PDF_PRE_04-2011_10982_files\\010ac22f8198d9c7605b500a99b71dcf42bbfd36'"
"01045689296dd5bfb4bf0f31d1fea78dffee999f","malware","low_risk",40,False,48.35,"[Errno 22] Invalid argument: 'D:\\PDFSafe\\Testing Folders\\Testing Folders\\MALWARE_PDF_PRE_04-2011_10982_files\\01045689296dd5bfb4bf0f31d1fea78dffee999f'"
"0094b50584eb05bcb404fa2b6949613695184791","malware","low_risk",40,False,256.56,"[Errno 22] Invalid argument: 'D:\\PDFSafe\\Testing Folders\\Testing Folders\\MALWARE_PDF_PRE_04-2011_10982_files\\0094b50584eb05bcb404fa2b6949613695184791'"
"011919588f424ff97f975f08a7387d18ba9c57bf","malware","low_risk",40,False,28.88,"[Errno 22] Invalid argument: 'D:\\PDFSafe\\Testing Folders\\Testing Folders\\MALWARE_PDF_PRE_04-2011_10982_files\\011919588f424ff97f975f08a7387d18ba9c57bf'"
"011b22f437d5b6e035b486feb750ce5b543cc6f2","malware","low_risk",40,False,41.46,"[Errno 22] Invalid argument: 'D:\\PDFSafe\\Testing Folders\\Testing Folders\\MALWARE_PDF_PRE_04-2011_10982_files\\011b22f437d5b6e035b486feb750ce5b543cc6f2'"
"01268311e6a2b8ed10be0a1420a77c7d0ff476d4","malware","low_risk",40,False,12.32,"[Errno 22] Invalid argument: 'D:\\PDFSafe\\Testing Folders\\Testing Folders\\MALWARE_PDF_PRE_04-2011_10982_files\\01268311e6a2b8ed10be0a1420a77c7d0ff476d4'"
"011fa03a13ddd5779506cd7adbfdae36ca4559a8","malware","low_risk",40,False,27.92,"[Errno 22] Invalid argument: 'D:\\PDFSafe\\Testing Folders\\Testing Folders\\MALWARE_PDF_PRE_04-2011_10982_files\\011fa03a13ddd5779506cd7adbfdae36ca4559a8'"
"012cd1508970051c4adea2ead84e4c96ad1055e2","malware","low_risk",40,False,35.03,"[Errno 22] Invalid argument: 'D:\\PDFSafe\\Testing Folders\\Testing Folders\\MALWARE_PDF_PRE_04-2011_10982_files\\012cd1508970051c4adea2ead84e4c96ad1055e2'"
"011566dea36212d4923d71f3ed5e76e9baeb992a","malware","malicious",94,True,98.67,""
"0127cd6f3a6db0fd1bdd969da2316dea4d8340d0","malware","low_risk",40,False,93.33,"[Errno 22] Invalid argument: 'D:\\PDFSafe\\Testing Folders\\Testing Folders\\MALWARE_PDF_PRE_04-2011_10982_files\\0127cd6f3a6db0fd1bdd969da2316dea4d8340d0'"
"01396cde5bddb90e9aa4c060134ac5a803aca1c8","malware","low_risk",40,False,17.15,"[Errno 22] Invalid argument: 'D:\\PDFSafe\\Testing Folders\\Testing Folders\\MALWARE_PDF_PRE_04-2011_10982_files\\01396cde5bddb90e9aa4c060134ac5a803aca1c8'"
"013579899cb08a4561c9270f729141f71f63c477","malware","malicious",91,True,85.83,""
"013a3a7d6078600b2d90eb549ba8a74a5276f858","malware","low_risk",40,False,44.33,"[Errno 22] Invalid argument: 'D:\\PDFSafe\\Testing Folders\\Testing Folders\\MALWARE_PDF_PRE_04-2011_10982_files\\013a3a7d6078600b2d90eb549ba8a74a5276f858'"
"013e712787b9730006f3a5d2bbd6307c4ccb3db9","malware","low_risk",40,False,38.51,"[Errno 22] Invalid argument: 'D:\\PDFSafe\\Testing Folders\\Testing Folders\\MALWARE_PDF_PRE_04-2011_10982_files\\013e712787b9730006f3a5d2bbd6307c4ccb3db9'"
"013fe0dd38b49df343aac7b3e06d263101108d25","malware","low_risk",40,False,29.55,"[Errno 22] Invalid argument: 'D:\\PDFSafe\\Testing Folders\\Testing Folders\\MALWARE_PDF_PRE_04-2011_10982_files\\013fe0dd38b49df343aac7b3e06d263101108d25'"
"0143674961ac031d4c056b06b23cb91a606065f2","malware","low_risk",40,False,37.04,"[Errno 22] Invalid argument: 'D:\\PDFSafe\\Testing Folders\\Testing Folders\\MALWARE_PDF_PRE_04-2011_10982_files\\0143674961ac031d4c056b06b23cb91a606065f2'"
"014791b2587183989180fb0f80d0b1c2227389b8","malware","low_risk",40,False,31.19,"[Errno 22] Invalid argument: 'D:\\PDFSafe\\Testing Folders\\Testing Folders\\MALWARE_PDF_PRE_04-2011_10982_files\\014791b2587183989180fb0f80d0b1c2227389b8'"
"013f3d5c17e3bbdce85c457c55a71015e96603bd","malware","malicious",94,True,114.30,""
"014e870f6fc3de739a37b9f25115c0812a694697","malware","low_risk",40,False,38.36,"[Errno 22] Invalid argument: 'D:\\PDFSafe\\Testing Folders\\Testing Folders\\MALWARE_PDF_PRE_04-2011_10982_files\\014e870f6fc3de739a37b9f25115c0812a694697'"
"014acd95b8c82e22eb8d022daf1ccfb87de2c1c6","malware","low_risk",40,False,53.07,"[Errno 22] Invalid argument: 'D:\\PDFSafe\\Testing Folders\\Testing Folders\\MALWARE_PDF_PRE_04-2011_10982_files\\014acd95b8c82e22eb8d022daf1ccfb87de2c1c6'"
"017701446a6499a8b90e3436ec4c909355799e00","malware","low_risk",40,False,20.94,"[Errno 22] Invalid argument: 'D:\\PDFSafe\\Testing Folders\\Testing Folders\\MALWARE_PDF_PRE_04-2011_10982_files\\017701446a6499a8b90e3436ec4c909355799e00'"
"0177364e31eef469a08aa5778ee63a8efe905b4b","malware","low_risk",40,False,31.48,"[Errno 22] Invalid argument: 'D:\\PDFSafe\\Testing Folders\\Testing Folders\\MALWARE_PDF_PRE_04-2011_10982_files\\0177364e31eef469a08aa5778ee63a8efe905b4b'"
"01809300a862b690d6ce8186a9fe0cea80a0ac8b","malware","low_risk",40,False,26.62,"[Errno 22] Invalid argument: 'D:\\PDFSafe\\Testing Folders\\Testing Folders\\MALWARE_PDF_PRE_04-2011_10982_files\\01809300a862b690d6ce8186a9fe0cea80a0ac8b'"
"01875975e80c679ce3eb4826cba8732dc3acd685","malware","low_risk",40,False,11.28,"[Errno 22] Invalid argument: 'D:\\PDFSafe\\Testing Folders\\Testing Folders\\MALWARE_PDF_PRE_04-2011_10982_files\\01875975e80c679ce3eb4826cba8732dc3acd685'"
"0185290d7eba0726f3c299ccdf6f1611f7a86476","malware","low_risk",40,False,27.61,"[Errno 22] Invalid argument: 'D:\\PDFSafe\\Testing Folders\\Testing Folders\\MALWARE_PDF_PRE_04-2011_10982_files\\0185290d7eba0726f3c299ccdf6f1611f7a86476'"
"018d7ae6918b72eadf95397cf1919e4a238ef1c1","malware","low_risk",40,False,34.51,"[Errno 22] Invalid argument: 'D:\\PDFSafe\\Testing Folders\\Testing Folders\\MALWARE_PDF_PRE_04-2011_10982_files\\018d7ae6918b72eadf95397cf1919e4a238ef1c1'"
"018ed271a3baee27a0f5f23701a832722b42d1ad","malware","low_risk",40,False,38.63,"[Errno 22] Invalid argument: 'D:\\PDFSafe\\Testing Folders\\Testing Folders\\MALWARE_PDF_PRE_04-2011_10982_files\\018ed271a3baee27a0f5f23701a832722b42d1ad'"
"019d93806bc52ccb55a7b52ce531eb33a2789880","malware","low_risk",40,False,12.24,"[Errno 22] Invalid argument: 'D:\\PDFSafe\\Testing Folders\\Testing Folders\\MALWARE_PDF_PRE_04-2011_10982_files\\019d93806bc52ccb55a7b52ce531eb33a2789880'"
"01aefdb01e68e12e50827c4761205f4376b36e84","malware","low_risk",40,False,11.11,"[Errno 22] Invalid argument: 'D:\\PDFSafe\\Testing Folders\\Testing Folders\\MALWARE_PDF_PRE_04-2011_10982_files\\01aefdb01e68e12e50827c4761205f4376b36e84'"
"01b0700ef77acd22a9daf40b5ce8a7db25bef416","malware","low_risk",40,False,15.69,"[Errno 22] Invalid argument: 'D:\\PDFSafe\\Testing Folders\\Testing Folders\\MALWARE_PDF_PRE_04-2011_10982_files\\01b0700ef77acd22a9daf40b5ce8a7db25bef416'"
"01a950ae49d8360db9e7391936c8408b731c4683","malware","low_risk",40,False,36.45,"[Errno 22] Invalid argument: 'D:\\PDFSafe\\Testing Folders\\Testing Folders\\MALWARE_PDF_PRE_04-2011_10982_files\\01a950ae49d8360db9e7391936c8408b731c4683'"
"01bd1aa6315cb9316af47ee292e2d0f4973664d6","malware","low_risk",40,False,28.79,"[Errno 22] Invalid argument: 'D:\\PDFSafe\\Testing Folders\\Testing Folders\\MALWARE_PDF_PRE_04-2011_10982_files\\01bd1aa6315cb9316af47ee292e2d0f4973664d6'"
"0133962213da7ec28c2a60a7e308d34c46940c4a","malware","low_risk",40,False,446.61,"[Errno 22] Invalid argument: 'D:\\PDFSafe\\Testing Folders\\Testing Folders\\MALWARE_PDF_PRE_04-2011_10982_files\\0133962213da7ec28c2a60a7e308d34c46940c4a'"
"01bf0b95b1df856fdee8b84031b5d59d50bb29c5","malware","low_risk",40,False,35.67,"[Errno 22] Invalid argument: 'D:\\PDFSafe\\Testing Folders\\Testing Folders\\MALWARE_PDF_PRE_04-2011_10982_files\\01bf0b95b1df856fdee8b84031b5d59d50bb29c5'"
"01bfe7b39f26b35573f3b00825150a4853d7009b","malware","low_risk",40,False,17.73,"[Errno 22] Invalid argument: 'D:\\PDFSafe\\Testing Folders\\Testing Folders\\MALWARE_PDF_PRE_04-2011_10982_files\\01bfe7b39f26b35573f3b00825150a4853d7009b'"
"01c728535a1930431bcec35cdb267537914691e3","malware","low_risk",40,False,17.34,"[Errno 22] Invalid argument: 'D:\\PDFSafe\\Testing Folders\\Testing Folders\\MALWARE_PDF_PRE_04-2011_10982_files\\01c728535a1930431bcec35cdb267537914691e3'"
"01c247b62ec4db7f9aafcf458c4f355cd389afad","malware","low_risk",40,False,33.92,"[Errno 22] Invalid argument: 'D:\\PDFSafe\\Testing Folders\\Testing Folders\\MALWARE_PDF_PRE_04-2011_10982_files\\01c247b62ec4db7f9aafcf458c4f355cd389afad'"
"01c833909145c1065753f8377f2d656ca89a91b3","malware","low_risk",40,False,26.88,"[Errno 22] Invalid argument: 'D:\\PDFSafe\\Testing Folders\\Testing Folders\\MALWARE_PDF_PRE_04-2011_10982_files\\01c833909145c1065753f8377f2d656ca89a91b3'"
"01caa934e86db5ab875785fd3f23ef931d2048d0","malware","low_risk",40,False,35.99,"[Errno 22] Invalid argument: 'D:\\PDFSafe\\Testing Folders\\Testing Folders\\MALWARE_PDF_PRE_04-2011_10982_files\\01caa934e86db5ab875785fd3f23ef931d2048d0'"
"01cedb5f1ff6a3a86bbac47d1fb9ae85ec932e66","malware","low_risk",40,False,35.96,"[Errno 22] Invalid argument: 'D:\\PDFSafe\\Testing Folders\\Testing Folders\\MALWARE_PDF_PRE_04-2011_10982_files\\01cedb5f1ff6a3a86bbac47d1fb9ae85ec932e66'"
"01e264ce334b21b4dd7ce4a4d3cbdda2b19c9524","malware","low_risk",40,False,11.46,"[Errno 22] Invalid argument: 'D:\\PDFSafe\\Testing Folders\\Testing Folders\\MALWARE_PDF_PRE_04-2011_10982_files\\01e264ce334b21b4dd7ce4a4d3cbdda2b19c9524'"
"01dc4762d8cfcbab00beaeb0ba3eb1e121c2031d","malware","low_risk",40,False,40.99,"[Errno 22] Invalid argument: 'D:\\PDFSafe\\Testing Folders\\Testing Folders\\MALWARE_PDF_PRE_04-2011_10982_files\\01dc4762d8cfcbab00beaeb0ba3eb1e121c2031d'"
"0207a5e0dec01e8c41a51d2743d41066147b1aa1","malware","low_risk",40,False,32.15,"[Errno 22] Invalid argument: 'D:\\PDFSafe\\Testing Folders\\Testing Folders\\MALWARE_PDF_PRE_04-2011_10982_files\\0207a5e0dec01e8c41a51d2743d41066147b1aa1'"
"0208157a7e93580471fdf8dbc015acaaf9269d91","malware","low_risk",40,False,32.78,"[Errno 22] Invalid argument: 'D:\\PDFSafe\\Testing Folders\\Testing Folders\\MALWARE_PDF_PRE_04-2011_10982_files\\0208157a7e93580471fdf8dbc015acaaf9269d91'"
"020865226d20f814d709959cbff0fa388e37c5ac","malware","low_risk",40,False,30.81,"[Errno 22] Invalid argument: 'D:\\PDFSafe\\Testing Folders\\Testing Folders\\MALWARE_PDF_PRE_04-2011_10982_files\\020865226d20f814d709959cbff0fa388e37c5ac'"
"020ffdb746114aafa41560c134225b602800310f","malware","low_risk",40,False,30.47,"[Errno 22] Invalid argument: 'D:\\PDFSafe\\Testing Folders\\Testing Folders\\MALWARE_PDF_PRE_04-2011_10982_files\\020ffdb746114aafa41560c134225b602800310f'"
"020eba1c205c2a208f788dac221745c0555e14cf","malware","low_risk",40,False,37.05,"[Errno 22] Invalid argument: 'D:\\PDFSafe\\Testing Folders\\Testing Folders\\MALWARE_PDF_PRE_04-2011_10982_files\\020eba1c205c2a208f788dac221745c0555e14cf'"
"0210b775e9f315e25f5b0e2b51b7258073d7acbb","malware","low_risk",40,False,46.94,"[Errno 22] Invalid argument: 'D:\\PDFSafe\\Testing Folders\\Testing Folders\\MALWARE_PDF_PRE_04-2011_10982_files\\0210b775e9f315e25f5b0e2b51b7258073d7acbb'"
"021babfe05a6b5c7574bc85aa36ed1a1317b0b33","malware","low_risk",40,False,30.77,"[Errno 22] Invalid argument: 'D:\\PDFSafe\\Testing Folders\\Testing Folders\\MALWARE_PDF_PRE_04-2011_10982_files\\021babfe05a6b5c7574bc85aa36ed1a1317b0b33'"
"021dc0e8092a09413f43e441ef5448a66e15ed48","malware","low_risk",40,False,28.16,"[Errno 22] Invalid argument: 'D:\\PDFSafe\\Testing Folders\\Testing Folders\\MALWARE_PDF_PRE_04-2011_10982_files\\021dc0e8092a09413f43e441ef5448a66e15ed48'"
"0227698e26b5b097fb70406ca62c15199b76cec2","malware","low_risk",40,False,30.35,"[Errno 22] Invalid argument: 'D:\\PDFSafe\\Testing Folders\\Testing Folders\\MALWARE_PDF_PRE_04-2011_10982_files\\0227698e26b5b097fb70406ca62c15199b76cec2'"
"005c52a2b23319019830e9d36de660b5239b6959","malware","malicious",97,True,1120.13,""
"0232a5d1a522a05d1f6ba64475bc2511f04cfb37","malware","low_risk",40,False,40.64,"[Errno 22] Invalid argument: 'D:\\PDFSafe\\Testing Folders\\Testing Folders\\MALWARE_PDF_PRE_04-2011_10982_files\\0232a5d1a522a05d1f6ba64475bc2511f04cfb37'"
"0242d216379dfe26a2b44a2b5fdce997657819db","malware","low_risk",40,False,39.22,"[Errno 22] Invalid argument: 'D:\\PDFSafe\\Testing Folders\\Testing Folders\\MALWARE_PDF_PRE_04-2011_10982_files\\0242d216379dfe26a2b44a2b5fdce997657819db'"
"025bf897436908b3977fa73058188fc91b9d22b4","malware","low_risk",40,False,16.66,"[Errno 22] Invalid argument: 'D:\\PDFSafe\\Testing Folders\\Testing Folders\\MALWARE_PDF_PRE_04-2011_10982_files\\025bf897436908b3977fa73058188fc91b9d22b4'"
"024c83814db038369e3649e7e1fe021169cdb893","malware","low_risk",40,False,44.40,"[Errno 22] Invalid argument: 'D:\\PDFSafe\\Testing Folders\\Testing Folders\\MALWARE_PDF_PRE_04-2011_10982_files\\024c83814db038369e3649e7e1fe021169cdb893'"
"024f4f89f6b1e432baa2458ef9177d5b2ca7c4b1","malware","low_risk",40,False,45.04,"[Errno 22] Invalid argument: 'D:\\PDFSafe\\Testing Folders\\Testing Folders\\MALWARE_PDF_PRE_04-2011_10982_files\\024f4f89f6b1e432baa2458ef9177d5b2ca7c4b1'"
"024d6930cc43eedceb6fcc8fe9bceb9bbc5b369b","malware","low_risk",40,False,61.09,"[Errno 22] Invalid argument: 'D:\\PDFSafe\\Testing Folders\\Testing Folders\\MALWARE_PDF_PRE_04-2011_10982_files\\024d6930cc43eedceb6fcc8fe9bceb9bbc5b369b'"
"0269892c6b09b191af5837f9bee42d033227476f","malware","low_risk",40,False,40.13,"[Errno 22] Invalid argument: 'D:\\PDFSafe\\Testing Folders\\Testing Folders\\MALWARE_PDF_PRE_04-2011_10982_files\\0269892c6b09b191af5837f9bee42d033227476f'"
"027f4c0c759398f6d17d8c3bf4921a819e6a6d26","malware","low_risk",40,False,41.87,"[Errno 22] Invalid argument: 'D:\\PDFSafe\\Testing Folders\\Testing Folders\\MALWARE_PDF_PRE_04-2011_10982_files\\027f4c0c759398f6d17d8c3bf4921a819e6a6d26'"
"028923324bd60958c6fae10f647e3b5ebc0836a0","malware","low_risk",40,False,32.86,"[Errno 22] Invalid argument: 'D:\\PDFSafe\\Testing Folders\\Testing Folders\\MALWARE_PDF_PRE_04-2011_10982_files\\028923324bd60958c6fae10f647e3b5ebc0836a0'"
"029585826a96a6bda2ce458bb9656da772af61e9","malware","low_risk",40,False,53.13,"[Errno 22] Invalid argument: 'D:\\PDFSafe\\Testing Folders\\Testing Folders\\MALWARE_PDF_PRE_04-2011_10982_files\\029585826a96a6bda2ce458bb9656da772af61e9'"
"02a08b19cf737816c0c251eaa2bdd8131ba54759","malware","low_risk",40,False,127.20,"[Errno 22] Invalid argument: 'D:\\PDFSafe\\Testing Folders\\Testing Folders\\MALWARE_PDF_PRE_04-2011_10982_files\\02a08b19cf737816c0c251eaa2bdd8131ba54759'"
"02add50b911594e31b782b06a72f96071dfa0286","malware","low_risk",40,False,127.81,"[Errno 22] Invalid argument: 'D:\\PDFSafe\\Testing Folders\\Testing Folders\\MALWARE_PDF_PRE_04-2011_10982_files\\02add50b911594e31b782b06a72f96071dfa0286'"
"02b3cdc49d25ff64cfc0441a48d49f19e0dc56b3","malware","low_risk",40,False,126.39,"[Errno 22] Invalid argument: 'D:\\PDFSafe\\Testing Folders\\Testing Folders\\MALWARE_PDF_PRE_04-2011_10982_files\\02b3cdc49d25ff64cfc0441a48d49f19e0dc56b3'"
"02b480eb8452bf3c5337c90ea35a33b916692a37","malware","low_risk",40,False,122.49,"[Errno 22] Invalid argument: 'D:\\PDFSafe\\Testing Folders\\Testing Folders\\MALWARE_PDF_PRE_04-2011_10982_files\\02b480eb8452bf3c5337c90ea35a33b916692a37'"
"02b60268b270c0bfd4faf81ce0c40688cf92b855","malware","low_risk",40,False,58.96,"[Errno 22] Invalid argument: 'D:\\PDFSafe\\Testing Folders\\Testing Folders\\MALWARE_PDF_PRE_04-2011_10982_files\\02b60268b270c0bfd4faf81ce0c40688cf92b855'"
"02be071c64923c8ba475f44ff66f67b4822dfb54","malware","low_risk",40,False,70.66,"[Errno 22] Invalid argument: 'D:\\PDFSafe\\Testing Folders\\Testing Folders\\MALWARE_PDF_PRE_04-2011_10982_files\\02be071c64923c8ba475f44ff66f67b4822dfb54'"
"02bd8a07a7f25636360cbb79b7c809e43cfc5f13","malware","low_risk",40,False,138.00,"[Errno 22] Invalid argument: 'D:\\PDFSafe\\Testing Folders\\Testing Folders\\MALWARE_PDF_PRE_04-2011_10982_files\\02bd8a07a7f25636360cbb79b7c809e43cfc5f13'"
"02d21e6c5f37011f1b99123f411798df441c2ad2","malware","low_risk",40,False,111.05,"[Errno 22] Invalid argument: 'D:\\PDFSafe\\Testing Folders\\Testing Folders\\MALWARE_PDF_PRE_04-2011_10982_files\\02d21e6c5f37011f1b99123f411798df441c2ad2'"
"02c834e10fb453d2cb16cbc65adfaa8a3d595066","malware","low_risk",40,False,130.85,"[Errno 22] Invalid argument: 'D:\\PDFSafe\\Testing Folders\\Testing Folders\\MALWARE_PDF_PRE_04-2011_10982_files\\02c834e10fb453d2cb16cbc65adfaa8a3d595066'"
"02d2f91bd187aef41b388ac122b4f109138b7158","malware","low_risk",40,False,101.49,"[Errno 22] Invalid argument: 'D:\\PDFSafe\\Testing Folders\\Testing Folders\\MALWARE_PDF_PRE_04-2011_10982_files\\02d2f91bd187aef41b388ac122b4f109138b7158'"
"02d9418c85c4b5004eeffd130df4b7eaafc167b5","malware","low_risk",40,False,94.02,"[Errno 22] Invalid argument: 'D:\\PDFSafe\\Testing Folders\\Testing Folders\\MALWARE_PDF_PRE_04-2011_10982_files\\02d9418c85c4b5004eeffd130df4b7eaafc167b5'"
"02ebdddc544e0e19240fca9166e53363b09c4bc9","malware","low_risk",40,False,102.31,"[Errno 22] Invalid argument: 'D:\\PDFSafe\\Testing Folders\\Testing Folders\\MALWARE_PDF_PRE_04-2011_10982_files\\02ebdddc544e0e19240fca9166e53363b09c4bc9'"
"02f57cd60d3c06d1e0eaf6fe7b079db0af313381","malware","low_risk",40,False,147.94,"[Errno 22] Invalid argument: 'D:\\PDFSafe\\Testing Folders\\Testing Folders\\MALWARE_PDF_PRE_04-2011_10982_files\\02f57cd60d3c06d1e0eaf6fe7b079db0af313381'"
"02fa5d644de1cf9d2bcf1201afccc7c3ec14db27","malware","low_risk",40,False,118.51,"[Errno 22] Invalid argument: 'D:\\PDFSafe\\Testing Folders\\Testing Folders\\MALWARE_PDF_PRE_04-2011_10982_files\\02fa5d644de1cf9d2bcf1201afccc7c3ec14db27'"
"02ff0246d3f716f9b3dac9c139c2e7e1767d2deb","malware","low_risk",40,False,105.58,"[Errno 22] Invalid argument: 'D:\\PDFSafe\\Testing Folders\\Testing Folders\\MALWARE_PDF_PRE_04-2011_10982_files\\02ff0246d3f716f9b3dac9c139c2e7e1767d2deb'"
"0300cb3104af2a6fb2decc9b815d2e5e8c152fc4","malware","low_risk",40,False,120.14,"[Errno 22] Invalid argument: 'D:\\PDFSafe\\Testing Folders\\Testing Folders\\MALWARE_PDF_PRE_04-2011_10982_files\\0300cb3104af2a6fb2decc9b815d2e5e8c152fc4'"
"030e6381b235c6b6f8a23d36831a5206eea7ce0e","malware","low_risk",40,False,75.48,"[Errno 22] Invalid argument: 'D:\\PDFSafe\\Testing Folders\\Testing Folders\\MALWARE_PDF_PRE_04-2011_10982_files\\030e6381b235c6b6f8a23d36831a5206eea7ce0e'"
"02d78a43bf536708a53aea731ddb3c541503c69d","malware","malicious",94,True,329.96,""
"030dd0affc6ef3d24ede5527e67b7faa869f4bf2","malware","low_risk",40,False,110.76,"[Errno 22] Invalid argument: 'D:\\PDFSafe\\Testing Folders\\Testing Folders\\MALWARE_PDF_PRE_04-2011_10982_files\\030dd0affc6ef3d24ede5527e67b7faa869f4bf2'"
"032509ad59cfae1f4bda4972712f937c3b97e3f8","malware","low_risk",40,False,28.51,"[Errno 22] Invalid argument: 'D:\\PDFSafe\\Testing Folders\\Testing Folders\\MALWARE_PDF_PRE_04-2011_10982_files\\032509ad59cfae1f4bda4972712f937c3b97e3f8'"
"030f722392457b016b36417b871a88eb94c8c500","malware","low_risk",40,False,49.54,"[Errno 22] Invalid argument: 'D:\\PDFSafe\\Testing Folders\\Testing Folders\\MALWARE_PDF_PRE_04-2011_10982_files\\030f722392457b016b36417b871a88eb94c8c500'"
"03239454a439c34d0d2ce6639b080fa77ac6d682","malware","low_risk",40,False,50.44,"[Errno 22] Invalid argument: 'D:\\PDFSafe\\Testing Folders\\Testing Folders\\MALWARE_PDF_PRE_04-2011_10982_files\\03239454a439c34d0d2ce6639b080fa77ac6d682'"
"03266ed82b30a95addcdd159ae5a1c3bd5dbf3ff","malware","low_risk",40,False,28.22,"[Errno 22] Invalid argument: 'D:\\PDFSafe\\Testing Folders\\Testing Folders\\MALWARE_PDF_PRE_04-2011_10982_files\\03266ed82b30a95addcdd159ae5a1c3bd5dbf3ff'"
"0331de74370265a15c9b1b8b4f14185b4bd31f9a","malware","low_risk",40,False,27.05,"[Errno 22] Invalid argument: 'D:\\PDFSafe\\Testing Folders\\Testing Folders\\MALWARE_PDF_PRE_04-2011_10982_files\\0331de74370265a15c9b1b8b4f14185b4bd31f9a'"
"03279b2870e7e8b0a1c1a6fd66ffe7487a3e09e4","malware","low_risk",40,False,36.73,"[Errno 22] Invalid argument: 'D:\\PDFSafe\\Testing Folders\\Testing Folders\\MALWARE_PDF_PRE_04-2011_10982_files\\03279b2870e7e8b0a1c1a6fd66ffe7487a3e09e4'"
"03286ef61824a2adb8afa5847efa13217c21c403","malware","low_risk",40,False,43.32,"[Errno 22] Invalid argument: 'D:\\PDFSafe\\Testing Folders\\Testing Folders\\MALWARE_PDF_PRE_04-2011_10982_files\\03286ef61824a2adb8afa5847efa13217c21c403'"
"0332a8b97e8faaaef56b5de6cc535fbde25f6f39","malware","low_risk",40,False,33.79,"[Errno 22] Invalid argument: 'D:\\PDFSafe\\Testing Folders\\Testing Folders\\MALWARE_PDF_PRE_04-2011_10982_files\\0332a8b97e8faaaef56b5de6cc535fbde25f6f39'"
"0345f84b398611644f9937bbce5bfded3ad70114","malware","low_risk",40,False,30.34,"[Errno 22] Invalid argument: 'D:\\PDFSafe\\Testing Folders\\Testing Folders\\MALWARE_PDF_PRE_04-2011_10982_files\\0345f84b398611644f9937bbce5bfded3ad70114'"
"033fe4188da69508a439510ff6960a3189547bcf","malware","low_risk",40,False,34.81,"[Errno 22] Invalid argument: 'D:\\PDFSafe\\Testing Folders\\Testing Folders\\MALWARE_PDF_PRE_04-2011_10982_files\\033fe4188da69508a439510ff6960a3189547bcf'"
"033ce74489aceba7e9372d5cb9d73e7584a546c8","malware","low_risk",40,False,52.11,"[Errno 22] Invalid argument: 'D:\\PDFSafe\\Testing Folders\\Testing Folders\\MALWARE_PDF_PRE_04-2011_10982_files\\033ce74489aceba7e9372d5cb9d73e7584a546c8'"
"034acd2f24625114cb1555f52c13a03063821f78","malware","low_risk",40,False,29.27,"[Errno 22] Invalid argument: 'D:\\PDFSafe\\Testing Folders\\Testing Folders\\MALWARE_PDF_PRE_04-2011_10982_files\\034acd2f24625114cb1555f52c13a03063821f78'"
"034e4a54649d2c6a22c55a0a84935409a6d4faf3","malware","low_risk",40,False,28.67,"[Errno 22] Invalid argument: 'D:\\PDFSafe\\Testing Folders\\Testing Folders\\MALWARE_PDF_PRE_04-2011_10982_files\\034e4a54649d2c6a22c55a0a84935409a6d4faf3'"
"03361874105fa805c036f8bb0fa3ed63dd5d0767","malware","low_risk",40,False,84.59,"[Errno 22] Invalid argument: 'D:\\PDFSafe\\Testing Folders\\Testing Folders\\MALWARE_PDF_PRE_04-2011_10982_files\\03361874105fa805c036f8bb0fa3ed63dd5d0767'"
"0356fc466dc898e98b01b2c693c89a35b682d03a","malware","low_risk",40,False,25.56,"[Errno 22] Invalid argument: 'D:\\PDFSafe\\Testing Folders\\Testing Folders\\MALWARE_PDF_PRE_04-2011_10982_files\\0356fc466dc898e98b01b2c693c89a35b682d03a'"
"036051a9c40a1c7251d7336d70fae1231342c81d","malware","low_risk",40,False,27.89,"[Errno 22] Invalid argument: 'D:\\PDFSafe\\Testing Folders\\Testing Folders\\MALWARE_PDF_PRE_04-2011_10982_files\\036051a9c40a1c7251d7336d70fae1231342c81d'"
"03528c22b8f72dd30e2de98049aac12d17dbdfd9","malware","low_risk",40,False,37.01,"[Errno 22] Invalid argument: 'D:\\PDFSafe\\Testing Folders\\Testing Folders\\MALWARE_PDF_PRE_04-2011_10982_files\\03528c22b8f72dd30e2de98049aac12d17dbdfd9'"
"037ac13c6588fbbbdbd7c7cbbf06257ade9c6cf9","malware","low_risk",40,False,11.11,"[Errno 22] Invalid argument: 'D:\\PDFSafe\\Testing Folders\\Testing Folders\\MALWARE_PDF_PRE_04-2011_10982_files\\037ac13c6588fbbbdbd7c7cbbf06257ade9c6cf9'"
"036127dd7ac9e0daf69a9aea60cfd5716f79f177","malware","low_risk",40,False,28.51,"[Errno 22] Invalid argument: 'D:\\PDFSafe\\Testing Folders\\Testing Folders\\MALWARE_PDF_PRE_04-2011_10982_files\\036127dd7ac9e0daf69a9aea60cfd5716f79f177'"
"0367c2384150c6e0269a83fd2ebbe66f90255acb","malware","low_risk",40,False,35.95,"[Errno 22] Invalid argument: 'D:\\PDFSafe\\Testing Folders\\Testing Folders\\MALWARE_PDF_PRE_04-2011_10982_files\\0367c2384150c6e0269a83fd2ebbe66f90255acb'"
"037c65f0f961b099ad030fc394e5f00380a5cd8c","malware","low_risk",40,False,34.03,"[Errno 22] Invalid argument: 'D:\\PDFSafe\\Testing Folders\\Testing Folders\\MALWARE_PDF_PRE_04-2011_10982_files\\037c65f0f961b099ad030fc394e5f00380a5cd8c'"
"037c7feca6803031be8ad5421f9f39638b28a808","malware","low_risk",40,False,38.97,"[Errno 22] Invalid argument: 'D:\\PDFSafe\\Testing Folders\\Testing Folders\\MALWARE_PDF_PRE_04-2011_10982_files\\037c7feca6803031be8ad5421f9f39638b28a808'"
"038169c46bf6dca2279866135e70f86e9af9c482","malware","malicious",84,True,41.39,""
"038556aa498c041d8c10b04addd29cad1b1ec566","malware","low_risk",40,False,59.62,"[Errno 22] Invalid argument: 'D:\\PDFSafe\\Testing Folders\\Testing Folders\\MALWARE_PDF_PRE_04-2011_10982_files\\038556aa498c041d8c10b04addd29cad1b1ec566'"
"03876b90ec8ad99a81bddbff1897c019f4329b50","malware","low_risk",40,False,31.90,"[Errno 22] Invalid argument: 'D:\\PDFSafe\\Testing Folders\\Testing Folders\\MALWARE_PDF_PRE_04-2011_10982_files\\03876b90ec8ad99a81bddbff1897c019f4329b50'"
"034aeb00da6e5e9f60eac80edfc1f0104c0092fc","malware","low_risk",40,False,201.63,"[Errno 22] Invalid argument: 'D:\\PDFSafe\\Testing Folders\\Testing Folders\\MALWARE_PDF_PRE_04-2011_10982_files\\034aeb00da6e5e9f60eac80edfc1f0104c0092fc'"
"03a7f5b6e53f3ff12137ec028e8d25d4b596b546","malware","low_risk",40,False,28.59,"[Errno 22] Invalid argument: 'D:\\PDFSafe\\Testing Folders\\Testing Folders\\MALWARE_PDF_PRE_04-2011_10982_files\\03a7f5b6e53f3ff12137ec028e8d25d4b596b546'"
"0386e3a3be572e4475dd853e0420e15f34b64f5a","malware","suspicious",68,True,82.15,""
"03b46c12fbb7050280a8259da0abb9a5b111e060","malware","low_risk",40,False,16.86,"[Errno 22] Invalid argument: 'D:\\PDFSafe\\Testing Folders\\Testing Folders\\MALWARE_PDF_PRE_04-2011_10982_files\\03b46c12fbb7050280a8259da0abb9a5b111e060'"
"03a405e176256144a60487eabfd66e0b3b42ffd0","malware","low_risk",40,False,67.63,"[Errno 22] Invalid argument: 'D:\\PDFSafe\\Testing Folders\\Testing Folders\\MALWARE_PDF_PRE_04-2011_10982_files\\03a405e176256144a60487eabfd66e0b3b42ffd0'"
"03b88c27ca6971bf2604c982b035861eb2435342","malware","low_risk",40,False,46.60,"[Errno 22] Invalid argument: 'D:\\PDFSafe\\Testing Folders\\Testing Folders\\MALWARE_PDF_PRE_04-2011_10982_files\\03b88c27ca6971bf2604c982b035861eb2435342'"
"03b981701db11e54182768eb155a614dc523d478","malware","low_risk",40,False,44.62,"[Errno 22] Invalid argument: 'D:\\PDFSafe\\Testing Folders\\Testing Folders\\MALWARE_PDF_PRE_04-2011_10982_files\\03b981701db11e54182768eb155a614dc523d478'"
"03c9c7c1707e0e951915580a96184c061886b348","malware","low_risk",40,False,40.62,"[Errno 22] Invalid argument: 'D:\\PDFSafe\\Testing Folders\\Testing Folders\\MALWARE_PDF_PRE_04-2011_10982_files\\03c9c7c1707e0e951915580a96184c061886b348'"
"03caa4afc662af91464739175db417745dc08dff","malware","low_risk",40,False,30.84,"[Errno 22] Invalid argument: 'D:\\PDFSafe\\Testing Folders\\Testing Folders\\MALWARE_PDF_PRE_04-2011_10982_files\\03caa4afc662af91464739175db417745dc08dff'"
"03ded2653f94dac107f5c92ad12aff8c73465afb","malware","low_risk",40,False,17.72,"[Errno 22] Invalid argument: 'D:\\PDFSafe\\Testing Folders\\Testing Folders\\MALWARE_PDF_PRE_04-2011_10982_files\\03ded2653f94dac107f5c92ad12aff8c73465afb'"
"03d589a099bd06679e5ff513a7de430dc39f2748","malware","low_risk",40,False,40.76,"[Errno 22] Invalid argument: 'D:\\PDFSafe\\Testing Folders\\Testing Folders\\MALWARE_PDF_PRE_04-2011_10982_files\\03d589a099bd06679e5ff513a7de430dc39f2748'"
"03e036b3a5f402d86852089351694304f8f44a4c","malware","low_risk",40,False,26.57,"[Errno 22] Invalid argument: 'D:\\PDFSafe\\Testing Folders\\Testing Folders\\MALWARE_PDF_PRE_04-2011_10982_files\\03e036b3a5f402d86852089351694304f8f44a4c'"
"03d1f33dc0df78e04bfc7135598716298b6da76f","malware","low_risk",40,False,49.47,"[Errno 22] Invalid argument: 'D:\\PDFSafe\\Testing Folders\\Testing Folders\\MALWARE_PDF_PRE_04-2011_10982_files\\03d1f33dc0df78e04bfc7135598716298b6da76f'"
"03e7e0d14a64698513df1bfd59d373b1c5227f28","malware","low_risk",40,False,30.52,"[Errno 22] Invalid argument: 'D:\\PDFSafe\\Testing Folders\\Testing Folders\\MALWARE_PDF_PRE_04-2011_10982_files\\03e7e0d14a64698513df1bfd59d373b1c5227f28'"
"03e968121b7793f4b01237f3c77615d7b310e488","malware","low_risk",40,False,30.09,"[Errno 22] Invalid argument: 'D:\\PDFSafe\\Testing Folders\\Testing Folders\\MALWARE_PDF_PRE_04-2011_10982_files\\03e968121b7793f4b01237f3c77615d7b310e488'"
"03eeb5ea846e19f47b328b77b647f8d82910c447","malware","low_risk",40,False,30.56,"[Errno 22] Invalid argument: 'D:\\PDFSafe\\Testing Folders\\Testing Folders\\MALWARE_PDF_PRE_04-2011_10982_files\\03eeb5ea846e19f47b328b77b647f8d82910c447'"
"03f2741061f7e0c6e68a66db3e8a3808eb760a85","malware","low_risk",40,False,30.73,"[Errno 22] Invalid argument: 'D:\\PDFSafe\\Testing Folders\\Testing Folders\\MALWARE_PDF_PRE_04-2011_10982_files\\03f2741061f7e0c6e68a66db3e8a3808eb760a85'"
"03f446ed41bf24c5206648b545e51426f841d294","malware","low_risk",40,False,28.40,"[Errno 22] Invalid argument: 'D:\\PDFSafe\\Testing Folders\\Testing Folders\\MALWARE_PDF_PRE_04-2011_10982_files\\03f446ed41bf24c5206648b545e51426f841d294'"
"03fa8a0947bff9822ee07bdd059b65b3f1b08d3f","malware","low_risk",40,False,15.61,"[Errno 22] Invalid argument: 'D:\\PDFSafe\\Testing Folders\\Testing Folders\\MALWARE_PDF_PRE_04-2011_10982_files\\03fa8a0947bff9822ee07bdd059b65b3f1b08d3f'"
"04027b974875f45cbed1e129e80c7ba452296fef","malware","low_risk",40,False,33.13,"[Errno 22] Invalid argument: 'D:\\PDFSafe\\Testing Folders\\Testing Folders\\MALWARE_PDF_PRE_04-2011_10982_files\\04027b974875f45cbed1e129e80c7ba452296fef'"
"03fc5ef1bae61705cbd74cf2fe5a80a317ab8484","malware","low_risk",40,False,44.37,"[Errno 22] Invalid argument: 'D:\\PDFSafe\\Testing Folders\\Testing Folders\\MALWARE_PDF_PRE_04-2011_10982_files\\03fc5ef1bae61705cbd74cf2fe5a80a317ab8484'"
"0407db8517dea25bb60b1112480307e491bf87bf","malware","low_risk",40,False,37.63,"[Errno 22] Invalid argument: 'D:\\PDFSafe\\Testing Folders\\Testing Folders\\MALWARE_PDF_PRE_04-2011_10982_files\\0407db8517dea25bb60b1112480307e491bf87bf'"
"040dc567d62038e4200caf0451b4a606e63c8974","malware","low_risk",40,False,12.34,"[Errno 22] Invalid argument: 'D:\\PDFSafe\\Testing Folders\\Testing Folders\\MALWARE_PDF_PRE_04-2011_10982_files\\040dc567d62038e4200caf0451b4a606e63c8974'"
"040cf1596dd72e8fe43efcceee78816251a61320","malware","low_risk",40,False,37.53,"[Errno 22] Invalid argument: 'D:\\PDFSafe\\Testing Folders\\Testing Folders\\MALWARE_PDF_PRE_04-2011_10982_files\\040cf1596dd72e8fe43efcceee78816251a61320'"
"040e1c81eac2b7f556fd2696b426da335d714f35","malware","low_risk",40,False,32.86,"[Errno 22] Invalid argument: 'D:\\PDFSafe\\Testing Folders\\Testing Folders\\MALWARE_PDF_PRE_04-2011_10982_files\\040e1c81eac2b7f556fd2696b426da335d714f35'"
"040fdfd37235527a46ae8e40edba2c7ebcb4cfcd","malware","low_risk",40,False,22.03,"[Errno 22] Invalid argument: 'D:\\PDFSafe\\Testing Folders\\Testing Folders\\MALWARE_PDF_PRE_04-2011_10982_files\\040fdfd37235527a46ae8e40edba2c7ebcb4cfcd'"
"040fd9c4b06ce85ecc7df0731754e29998dcd428","malware","low_risk",40,False,49.46,"[Errno 22] Invalid argument: 'D:\\PDFSafe\\Testing Folders\\Testing Folders\\MALWARE_PDF_PRE_04-2011_10982_files\\040fd9c4b06ce85ecc7df0731754e29998dcd428'"
"04145d90875af60b4ec113a387a4ceac676805f7","malware","low_risk",40,False,28.86,"[Errno 22] Invalid argument: 'D:\\PDFSafe\\Testing Folders\\Testing Folders\\MALWARE_PDF_PRE_04-2011_10982_files\\04145d90875af60b4ec113a387a4ceac676805f7'"
"041cc7d14f46dcb24813223ed756e736e671f7db","malware","low_risk",40,False,33.62,"[Errno 22] Invalid argument: 'D:\\PDFSafe\\Testing Folders\\Testing Folders\\MALWARE_PDF_PRE_04-2011_10982_files\\041cc7d14f46dcb24813223ed756e736e671f7db'"
"040c1d1278f796be731e75110f42db3b6a35bb1c","malware","malicious",84,True,123.18,""
"041e4f3813c95581999b5efc19d2f495250ba7c9","malware","low_risk",40,False,30.64,"[Errno 22] Invalid argument: 'D:\\PDFSafe\\Testing Folders\\Testing Folders\\MALWARE_PDF_PRE_04-2011_10982_files\\041e4f3813c95581999b5efc19d2f495250ba7c9'"
"042bcab57e5aebf3cec7e4f46d49c7ff507082c9","malware","low_risk",40,False,41.97,"[Errno 22] Invalid argument: 'D:\\PDFSafe\\Testing Folders\\Testing Folders\\MALWARE_PDF_PRE_04-2011_10982_files\\042bcab57e5aebf3cec7e4f46d49c7ff507082c9'"
"041fa1b7a9752c1099fcf077b79e17787ebd58bb","malware","malicious",99,True,75.71,""
"0427dafafbf56d2180cbb41ab84a579497d42240","malware","low_risk",40,False,47.12,"[Errno 22] Invalid argument: 'D:\\PDFSafe\\Testing Folders\\Testing Folders\\MALWARE_PDF_PRE_04-2011_10982_files\\0427dafafbf56d2180cbb41ab84a579497d42240'"
"042109049f1153ce6c2a399bab8d6304491dd0aa","malware","malicious",90,True,77.36,""
"043704df6f86d8a73c6b8704d87e2b6b8b42dbd7","malware","low_risk",40,False,54.97,"[Errno 22] Invalid argument: 'D:\\PDFSafe\\Testing Folders\\Testing Folders\\MALWARE_PDF_PRE_04-2011_10982_files\\043704df6f86d8a73c6b8704d87e2b6b8b42dbd7'"
"043036def723f34cec20880572f45516314078c1","malware","low_risk",40,False,61.78,"[Errno 22] Invalid argument: 'D:\\PDFSafe\\Testing Folders\\Testing Folders\\MALWARE_PDF_PRE_04-2011_10982_files\\043036def723f34cec20880572f45516314078c1'"
"0440904bf19438d7e128e94b1fa9bff358051140","malware","low_risk",40,False,47.70,"[Errno 22] Invalid argument: 'D:\\PDFSafe\\Testing Folders\\Testing Folders\\MALWARE_PDF_PRE_04-2011_10982_files\\0440904bf19438d7e128e94b1fa9bff358051140'"
"0443161d4a269afeedf6947f7ce88c69c9a866e2","malware","low_risk",40,False,37.96,"[Errno 22] Invalid argument: 'D:\\PDFSafe\\Testing Folders\\Testing Folders\\MALWARE_PDF_PRE_04-2011_10982_files\\0443161d4a269afeedf6947f7ce88c69c9a866e2'"
"04459178e7ed0dc42ed361db7e60834016b45261","malware","low_risk",40,False,38.32,"[Errno 22] Invalid argument: 'D:\\PDFSafe\\Testing Folders\\Testing Folders\\MALWARE_PDF_PRE_04-2011_10982_files\\04459178e7ed0dc42ed361db7e60834016b45261'"
"04513c5188824733a6f93697b5834291a3ec1fe3","malware","low_risk",40,False,32.41,"[Errno 22] Invalid argument: 'D:\\PDFSafe\\Testing Folders\\Testing Folders\\MALWARE_PDF_PRE_04-2011_10982_files\\04513c5188824733a6f93697b5834291a3ec1fe3'"
"0451f518db051b3bf21d6578e146553a0bac3443","malware","low_risk",40,False,36.42,"[Errno 22] Invalid argument: 'D:\\PDFSafe\\Testing Folders\\Testing Folders\\MALWARE_PDF_PRE_04-2011_10982_files\\0451f518db051b3bf21d6578e146553a0bac3443'"
"0452c33114e7bfea4f03e399bc397921205ac4a2","malware","low_risk",40,False,31.92,"[Errno 22] Invalid argument: 'D:\\PDFSafe\\Testing Folders\\Testing Folders\\MALWARE_PDF_PRE_04-2011_10982_files\\0452c33114e7bfea4f03e399bc397921205ac4a2'"
"04565fdc0cfd573b67edbb2b44dcdd5e48465ff2","malware","low_risk",40,False,36.32,"[Errno 22] Invalid argument: 'D:\\PDFSafe\\Testing Folders\\Testing Folders\\MALWARE_PDF_PRE_04-2011_10982_files\\04565fdc0cfd573b67edbb2b44dcdd5e48465ff2'"
"046c4be665aa7cc957c99e9ea52cef97431b569a","malware","low_risk",40,False,36.43,"[Errno 22] Invalid argument: 'D:\\PDFSafe\\Testing Folders\\Testing Folders\\MALWARE_PDF_PRE_04-2011_10982_files\\046c4be665aa7cc957c99e9ea52cef97431b569a'"
"047d460d48b5f30b8d65e147063d2c21b1bb451c","malware","low_risk",40,False,30.31,"[Errno 22] Invalid argument: 'D:\\PDFSafe\\Testing Folders\\Testing Folders\\MALWARE_PDF_PRE_04-2011_10982_files\\047d460d48b5f30b8d65e147063d2c21b1bb451c'"
"047774b58ee24bfd2020efe680845f546fc4e268","malware","low_risk",40,False,44.17,"[Errno 22] Invalid argument: 'D:\\PDFSafe\\Testing Folders\\Testing Folders\\MALWARE_PDF_PRE_04-2011_10982_files\\047774b58ee24bfd2020efe680845f546fc4e268'"
"049219eb2a1173f8a009e75e1116b70829f07e90","malware","low_risk",40,False,18.47,"[Errno 22] Invalid argument: 'D:\\PDFSafe\\Testing Folders\\Testing Folders\\MALWARE_PDF_PRE_04-2011_10982_files\\049219eb2a1173f8a009e75e1116b70829f07e90'"
"048710e0f01545a7901c55b7eb49d2e28f74acee","malware","low_risk",40,False,40.50,"[Errno 22] Invalid argument: 'D:\\PDFSafe\\Testing Folders\\Testing Folders\\MALWARE_PDF_PRE_04-2011_10982_files\\048710e0f01545a7901c55b7eb49d2e28f74acee'"
"049b27dc0fcb9e6b5cd21ef9ba77c302ecbaf576","malware","low_risk",40,False,31.45,"[Errno 22] Invalid argument: 'D:\\PDFSafe\\Testing Folders\\Testing Folders\\MALWARE_PDF_PRE_04-2011_10982_files\\049b27dc0fcb9e6b5cd21ef9ba77c302ecbaf576'"
"04afa7f450fbb5c94956498ced9390edfa1733e6","malware","low_risk",40,False,15.83,"[Errno 22] Invalid argument: 'D:\\PDFSafe\\Testing Folders\\Testing Folders\\MALWARE_PDF_PRE_04-2011_10982_files\\04afa7f450fbb5c94956498ced9390edfa1733e6'"
"049f0c7cc80b22cadf515ba68e37e6c086c0cbd7","malware","low_risk",40,False,36.06,"[Errno 22] Invalid argument: 'D:\\PDFSafe\\Testing Folders\\Testing Folders\\MALWARE_PDF_PRE_04-2011_10982_files\\049f0c7cc80b22cadf515ba68e37e6c086c0cbd7'"
"04896dd6b8d9868b8f5c27b167cbd876a60c4265","malware","low_risk",40,False,88.85,"[Errno 22] Invalid argument: 'D:\\PDFSafe\\Testing Folders\\Testing Folders\\MALWARE_PDF_PRE_04-2011_10982_files\\04896dd6b8d9868b8f5c27b167cbd876a60c4265'"
"04b44e67bebd3d774a0da9cc2bbf2ca5b9ae5a99","malware","low_risk",40,False,32.96,"[Errno 22] Invalid argument: 'D:\\PDFSafe\\Testing Folders\\Testing Folders\\MALWARE_PDF_PRE_04-2011_10982_files\\04b44e67bebd3d774a0da9cc2bbf2ca5b9ae5a99'"
"04c356e047fcda63f11e55650d44ee73cfa689bf","malware","low_risk",40,False,41.56,"[Errno 22] Invalid argument: 'D:\\PDFSafe\\Testing Folders\\Testing Folders\\MALWARE_PDF_PRE_04-2011_10982_files\\04c356e047fcda63f11e55650d44ee73cfa689bf'"
"04c795e6eb0b74b2a87af83251e168c39957b33e","malware","low_risk",40,False,84.41,"[Errno 22] Invalid argument: 'D:\\PDFSafe\\Testing Folders\\Testing Folders\\MALWARE_PDF_PRE_04-2011_10982_files\\04c795e6eb0b74b2a87af83251e168c39957b33e'"
"04c3dc9dd3e77448b5a43b6cbad4de33ad6fbb2d","malware","low_risk",40,False,100.40,"[Errno 22] Invalid argument: 'D:\\PDFSafe\\Testing Folders\\Testing Folders\\MALWARE_PDF_PRE_04-2011_10982_files\\04c3dc9dd3e77448b5a43b6cbad4de33ad6fbb2d'"
"04ce067b205648d1db0d10e9798b08a52c841b7d","malware","low_risk",40,False,176.47,"[Errno 22] Invalid argument: 'D:\\PDFSafe\\Testing Folders\\Testing Folders\\MALWARE_PDF_PRE_04-2011_10982_files\\04ce067b205648d1db0d10e9798b08a52c841b7d'"
"04d5b61a930e13035206424d3a6ec71d41c1548d","malware","low_risk",40,False,117.27,"[Errno 22] Invalid argument: 'D:\\PDFSafe\\Testing Folders\\Testing Folders\\MALWARE_PDF_PRE_04-2011_10982_files\\04d5b61a930e13035206424d3a6ec71d41c1548d'"
"04ce5b32ef4401f8e824e40bea22df95a402f7ba","malware","low_risk",40,False,124.53,"[Errno 22] Invalid argument: 'D:\\PDFSafe\\Testing Folders\\Testing Folders\\MALWARE_PDF_PRE_04-2011_10982_files\\04ce5b32ef4401f8e824e40bea22df95a402f7ba'"
"04da82b7e09d11d11d2b9e6dffea27b912869991","malware","low_risk",40,False,66.86,"[Errno 22] Invalid argument: 'D:\\PDFSafe\\Testing Folders\\Testing Folders\\MALWARE_PDF_PRE_04-2011_10982_files\\04da82b7e09d11d11d2b9e6dffea27b912869991'"
"04e0720c7405b25bc7b156c442305562408d871f","malware","low_risk",40,False,48.13,"[Errno 22] Invalid argument: 'D:\\PDFSafe\\Testing Folders\\Testing Folders\\MALWARE_PDF_PRE_04-2011_10982_files\\04e0720c7405b25bc7b156c442305562408d871f'"
"04dff223681e7fd7d38d3a56598f5ba8dadda56e","malware","low_risk",40,False,85.96,"[Errno 22] Invalid argument: 'D:\\PDFSafe\\Testing Folders\\Testing Folders\\MALWARE_PDF_PRE_04-2011_10982_files\\04dff223681e7fd7d38d3a56598f5ba8dadda56e'"
"04f7191a7e7a4c26a09d03f4ee673e6f34011a7e","malware","low_risk",40,False,97.72,"[Errno 22] Invalid argument: 'D:\\PDFSafe\\Testing Folders\\Testing Folders\\MALWARE_PDF_PRE_04-2011_10982_files\\04f7191a7e7a4c26a09d03f4ee673e6f34011a7e'"
"04ed37157504b6b5ffaad3f84f3e4a8792a558f5","malware","low_risk",40,False,108.76,"[Errno 22] Invalid argument: 'D:\\PDFSafe\\Testing Folders\\Testing Folders\\MALWARE_PDF_PRE_04-2011_10982_files\\04ed37157504b6b5ffaad3f84f3e4a8792a558f5'"
"04fa8344ee5973290d0d53e08e579e6ee83fca71","malware","low_risk",40,False,103.61,"[Errno 22] Invalid argument: 'D:\\PDFSafe\\Testing Folders\\Testing Folders\\MALWARE_PDF_PRE_04-2011_10982_files\\04fa8344ee5973290d0d53e08e579e6ee83fca71'"
"0519bf238a4eda5ad5ab0d66752278582aa36502","malware","malicious",96,True,67.39,""
"0517ae9cf1ca15e7da7f9faba87f6d1799ceaa23","malware","low_risk",40,False,129.90,"[Errno 22] Invalid argument: 'D:\\PDFSafe\\Testing Folders\\Testing Folders\\MALWARE_PDF_PRE_04-2011_10982_files\\0517ae9cf1ca15e7da7f9faba87f6d1799ceaa23'"
"043e78963ac7b4583e46c68db3a67101acd0763b","malware","low_risk",40,False,795.66,"[Errno 22] Invalid argument: 'D:\\PDFSafe\\Testing Folders\\Testing Folders\\MALWARE_PDF_PRE_04-2011_10982_files\\043e78963ac7b4583e46c68db3a67101acd0763b'"
"051d4f0b1dd5c84e0cd1961746e80489c6151806","malware","low_risk",40,False,132.73,"[Errno 22] Invalid argument: 'D:\\PDFSafe\\Testing Folders\\Testing Folders\\MALWARE_PDF_PRE_04-2011_10982_files\\051d4f0b1dd5c84e0cd1961746e80489c6151806'"
"05201fbc6a952732922d259a706b6321de5eedf3","malware","low_risk",40,False,108.86,"[Errno 22] Invalid argument: 'D:\\PDFSafe\\Testing Folders\\Testing Folders\\MALWARE_PDF_PRE_04-2011_10982_files\\05201fbc6a952732922d259a706b6321de5eedf3'"
"05394791dd2d788d9ffc9e933e53208516a57944","malware","low_risk",40,False,73.87,"[Errno 22] Invalid argument: 'D:\\PDFSafe\\Testing Folders\\Testing Folders\\MALWARE_PDF_PRE_04-2011_10982_files\\05394791dd2d788d9ffc9e933e53208516a57944'"
"053cf576d132b99d6b706c0ca8a1d72f9ba5bcc7","malware","low_risk",40,False,54.56,"[Errno 22] Invalid argument: 'D:\\PDFSafe\\Testing Folders\\Testing Folders\\MALWARE_PDF_PRE_04-2011_10982_files\\053cf576d132b99d6b706c0ca8a1d72f9ba5bcc7'"
"053c0c76c634d94c4e384cf9efc249e868872ff6","malware","malicious",97,True,81.85,""
"0540e55c1fd26b2a9ac5e7c2511fa8bf2b6edca9","malware","low_risk",40,False,40.79,"[Errno 22] Invalid argument: 'D:\\PDFSafe\\Testing Folders\\Testing Folders\\MALWARE_PDF_PRE_04-2011_10982_files\\0540e55c1fd26b2a9ac5e7c2511fa8bf2b6edca9'"
"053f08b7a5f96c938ea1450e76d6279384c4c832","malware","low_risk",40,False,59.95,"[Errno 22] Invalid argument: 'D:\\PDFSafe\\Testing Folders\\Testing Folders\\MALWARE_PDF_PRE_04-2011_10982_files\\053f08b7a5f96c938ea1450e76d6279384c4c832'"
"0520670c77f2a4f063c894ea1c905bf2ad29fb14","malware","malicious",84,True,173.01,""
"0541a2c16ede2305494ac4ef4b82805e7d1dd4d5","malware","low_risk",40,False,42.88,"[Errno 22] Invalid argument: 'D:\\PDFSafe\\Testing Folders\\Testing Folders\\MALWARE_PDF_PRE_04-2011_10982_files\\0541a2c16ede2305494ac4ef4b82805e7d1dd4d5'"
"0579093aa2468daf3728551f422ab5c3dd50183f","malware","low_risk",40,False,43.12,"[Errno 22] Invalid argument: 'D:\\PDFSafe\\Testing Folders\\Testing Folders\\MALWARE_PDF_PRE_04-2011_10982_files\\0579093aa2468daf3728551f422ab5c3dd50183f'"
"057ad9db1701d658f16759072b71889283c90f0a","malware","low_risk",40,False,46.62,"[Errno 22] Invalid argument: 'D:\\PDFSafe\\Testing Folders\\Testing Folders\\MALWARE_PDF_PRE_04-2011_10982_files\\057ad9db1701d658f16759072b71889283c90f0a'"
"0557daffed4b4fda2f2613ae947801ab8fffee01","malware","low_risk",40,False,115.51,"[Errno 22] Invalid argument: 'D:\\PDFSafe\\Testing Folders\\Testing Folders\\MALWARE_PDF_PRE_04-2011_10982_files\\0557daffed4b4fda2f2613ae947801ab8fffee01'"
"058576b03a910939fb317341f6c6f65bd1e97542","malware","low_risk",40,False,13.53,"[Errno 22] Invalid argument: 'D:\\PDFSafe\\Testing Folders\\Testing Folders\\MALWARE_PDF_PRE_04-2011_10982_files\\058576b03a910939fb317341f6c6f65bd1e97542'"
"0580447ab59fa18790051ba25d009d4f7651a33f","malware","low_risk",40,False,45.25,"[Errno 22] Invalid argument: 'D:\\PDFSafe\\Testing Folders\\Testing Folders\\MALWARE_PDF_PRE_04-2011_10982_files\\0580447ab59fa18790051ba25d009d4f7651a33f'"
"0595a1e7bb3ef6774328a33c38ed0e2a7674453b","malware","low_risk",40,False,12.70,"[Errno 22] Invalid argument: 'D:\\PDFSafe\\Testing Folders\\Testing Folders\\MALWARE_PDF_PRE_04-2011_10982_files\\0595a1e7bb3ef6774328a33c38ed0e2a7674453b'"
"054058826e2e0ee71525d2bc98abd2c7777b57a3","malware","low_risk",40,False,211.47,"[Errno 22] Invalid argument: 'D:\\PDFSafe\\Testing Folders\\Testing Folders\\MALWARE_PDF_PRE_04-2011_10982_files\\054058826e2e0ee71525d2bc98abd2c7777b57a3'"
"0589b651ffee74c9f356291e9367c02184159725","malware","low_risk",40,False,36.60,"[Errno 22] Invalid argument: 'D:\\PDFSafe\\Testing Folders\\Testing Folders\\MALWARE_PDF_PRE_04-2011_10982_files\\0589b651ffee74c9f356291e9367c02184159725'"
"0596d978af4a1fd4a4342240382a47a8a64fe999","malware","low_risk",40,False,36.69,"[Errno 22] Invalid argument: 'D:\\PDFSafe\\Testing Folders\\Testing Folders\\MALWARE_PDF_PRE_04-2011_10982_files\\0596d978af4a1fd4a4342240382a47a8a64fe999'"
"05ac84da5f64a2ceb909e0ebc7d48a6b26e439b5","malware","low_risk",40,False,32.30,"[Errno 22] Invalid argument: 'D:\\PDFSafe\\Testing Folders\\Testing Folders\\MALWARE_PDF_PRE_04-2011_10982_files\\05ac84da5f64a2ceb909e0ebc7d48a6b26e439b5'"
"05c56ca755e363c73d22ef193aaf055427750083","malware","low_risk",40,False,12.68,"[Errno 22] Invalid argument: 'D:\\PDFSafe\\Testing Folders\\Testing Folders\\MALWARE_PDF_PRE_04-2011_10982_files\\05c56ca755e363c73d22ef193aaf055427750083'"
"05b0ddcdb34d19c237f0b396bba1b00ce4dcaac3","malware","low_risk",40,False,37.29,"[Errno 22] Invalid argument: 'D:\\PDFSafe\\Testing Folders\\Testing Folders\\MALWARE_PDF_PRE_04-2011_10982_files\\05b0ddcdb34d19c237f0b396bba1b00ce4dcaac3'"
"05cbee5c529948cad23a2a1a240dc6f7d73cb316","malware","low_risk",40,False,48.08,"[Errno 22] Invalid argument: 'D:\\PDFSafe\\Testing Folders\\Testing Folders\\MALWARE_PDF_PRE_04-2011_10982_files\\05cbee5c529948cad23a2a1a240dc6f7d73cb316'"
"05c7e13dd83cc9024f145d66aaed4ca326e89e6a","malware","low_risk",40,False,60.83,""
"05d555563efefe64e599b7cc88fac1e5b3fc3004","malware","low_risk",40,False,54.01,"[Errno 22] Invalid argument: 'D:\\PDFSafe\\Testing Folders\\Testing Folders\\MALWARE_PDF_PRE_04-2011_10982_files\\05d555563efefe64e599b7cc88fac1e5b3fc3004'"
"05cc84173cbfb68b505b5004df391b5e6baa8e6b","malware","low_risk",40,False,96.26,"[Errno 22] Invalid argument: 'D:\\PDFSafe\\Testing Folders\\Testing Folders\\MALWARE_PDF_PRE_04-2011_10982_files\\05cc84173cbfb68b505b5004df391b5e6baa8e6b'"
"05dcee145e3a321f11123d0e7e365fa4b08d2751","malware","low_risk",40,False,14.47,"[Errno 22] Invalid argument: 'D:\\PDFSafe\\Testing Folders\\Testing Folders\\MALWARE_PDF_PRE_04-2011_10982_files\\05dcee145e3a321f11123d0e7e365fa4b08d2751'"
"05dffe0d8f2ba53182baf20c69c1ed69a717579a","malware","low_risk",40,False,14.17,"[Errno 22] Invalid argument: 'D:\\PDFSafe\\Testing Folders\\Testing Folders\\MALWARE_PDF_PRE_04-2011_10982_files\\05dffe0d8f2ba53182baf20c69c1ed69a717579a'"
"05d70c708f1b62b5e9e80d41f276e20e737f2f45","malware","low_risk",40,False,57.52,"[Errno 22] Invalid argument: 'D:\\PDFSafe\\Testing Folders\\Testing Folders\\MALWARE_PDF_PRE_04-2011_10982_files\\05d70c708f1b62b5e9e80d41f276e20e737f2f45'"
"057df6f49397c6d2693b6ca4d52a00430698c792","malware","clean",0,False,319.52,""
"05e005ddffbfe0dae4a9cf6b17c5a5073e889acd","malware","low_risk",40,False,43.88,"[Errno 22] Invalid argument: 'D:\\PDFSafe\\Testing Folders\\Testing Folders\\MALWARE_PDF_PRE_04-2011_10982_files\\05e005ddffbfe0dae4a9cf6b17c5a5073e889acd'"
"05cd07cd5cac13682939886f69549d4dda0e72d3","malware","low_risk",40,False,154.08,"[Errno 22] Invalid argument: 'D:\\PDFSafe\\Testing Folders\\Testing Folders\\MALWARE_PDF_PRE_04-2011_10982_files\\05cd07cd5cac13682939886f69549d4dda0e72d3'"
"05e379933870bcdbc94d220303e156f92e743fe4","malware","low_risk",40,False,49.79,"[Errno 22] Invalid argument: 'D:\\PDFSafe\\Testing Folders\\Testing Folders\\MALWARE_PDF_PRE_04-2011_10982_files\\05e379933870bcdbc94d220303e156f92e743fe4'"
"05ea0bfe4a7f38ef4e827de9380e22584c5c862c","malware","low_risk",40,False,41.74,"[Errno 22] Invalid argument: 'D:\\PDFSafe\\Testing Folders\\Testing Folders\\MALWARE_PDF_PRE_04-2011_10982_files\\05ea0bfe4a7f38ef4e827de9380e22584c5c862c'"
"05feb5a4aba5cb0aa7728058c00b44818782bcd4","malware","low_risk",40,False,33.63,"[Errno 22] Invalid argument: 'D:\\PDFSafe\\Testing Folders\\Testing Folders\\MALWARE_PDF_PRE_04-2011_10982_files\\05feb5a4aba5cb0aa7728058c00b44818782bcd4'"
"05ff9a93c1363056f4864f1cc6733fb10747b26e","malware","low_risk",40,False,46.92,"[Errno 22] Invalid argument: 'D:\\PDFSafe\\Testing Folders\\Testing Folders\\MALWARE_PDF_PRE_04-2011_10982_files\\05ff9a93c1363056f4864f1cc6733fb10747b26e'"
"06074caa64acfe28dd312bd9288769dd6a7354b1","malware","low_risk",40,False,35.89,"[Errno 22] Invalid argument: 'D:\\PDFSafe\\Testing Folders\\Testing Folders\\MALWARE_PDF_PRE_04-2011_10982_files\\06074caa64acfe28dd312bd9288769dd6a7354b1'"
"05fff1231009d065dd13c7e4989477f93a09ecb6","malware","low_risk",40,False,41.57,"[Errno 22] Invalid argument: 'D:\\PDFSafe\\Testing Folders\\Testing Folders\\MALWARE_PDF_PRE_04-2011_10982_files\\05fff1231009d065dd13c7e4989477f93a09ecb6'"
"06058fd64625a16292246116ae46a3206bfbb3aa","malware","low_risk",40,False,46.06,"[Errno 22] Invalid argument: 'D:\\PDFSafe\\Testing Folders\\Testing Folders\\MALWARE_PDF_PRE_04-2011_10982_files\\06058fd64625a16292246116ae46a3206bfbb3aa'"
"0616d163dd57c015214f174a4b171de68789c355","malware","low_risk",40,False,35.82,"[Errno 22] Invalid argument: 'D:\\PDFSafe\\Testing Folders\\Testing Folders\\MALWARE_PDF_PRE_04-2011_10982_files\\0616d163dd57c015214f174a4b171de68789c355'"
"0619186bb3c36eda05fcecbe8c81cae83c5e02c5","malware","low_risk",40,False,27.92,"[Errno 22] Invalid argument: 'D:\\PDFSafe\\Testing Folders\\Testing Folders\\MALWARE_PDF_PRE_04-2011_10982_files\\0619186bb3c36eda05fcecbe8c81cae83c5e02c5'"
"0618134d8d70ba0f9e49abec17895456f7ccf856","malware","low_risk",40,False,35.15,"[Errno 22] Invalid argument: 'D:\\PDFSafe\\Testing Folders\\Testing Folders\\MALWARE_PDF_PRE_04-2011_10982_files\\0618134d8d70ba0f9e49abec17895456f7ccf856'"
"062074f19c6b71f4856525f7e84fc71c531c5899","malware","low_risk",40,False,11.22,"[Errno 22] Invalid argument: 'D:\\PDFSafe\\Testing Folders\\Testing Folders\\MALWARE_PDF_PRE_04-2011_10982_files\\062074f19c6b71f4856525f7e84fc71c531c5899'"
"06313a5b9cc4dc3016b7d645696e249372208a95","malware","low_risk",40,False,11.48,"[Errno 22] Invalid argument: 'D:\\PDFSafe\\Testing Folders\\Testing Folders\\MALWARE_PDF_PRE_04-2011_10982_files\\06313a5b9cc4dc3016b7d645696e249372208a95'"
"061bf33a630cd41ed4a89ef4d4bae15cb53cd343","malware","low_risk",40,False,30.91,"[Errno 22] Invalid argument: 'D:\\PDFSafe\\Testing Folders\\Testing Folders\\MALWARE_PDF_PRE_04-2011_10982_files\\061bf33a630cd41ed4a89ef4d4bae15cb53cd343'"
"062f346a4f694029866b5518d29c36a52a368572","malware","low_risk",40,False,37.87,"[Errno 22] Invalid argument: 'D:\\PDFSafe\\Testing Folders\\Testing Folders\\MALWARE_PDF_PRE_04-2011_10982_files\\062f346a4f694029866b5518d29c36a52a368572'"
"063ebafb396e22525ff8afbb45bf96f64e8d8373","malware","low_risk",40,False,11.82,"[Errno 22] Invalid argument: 'D:\\PDFSafe\\Testing Folders\\Testing Folders\\MALWARE_PDF_PRE_04-2011_10982_files\\063ebafb396e22525ff8afbb45bf96f64e8d8373'"
"0635a2e69762f067b5ff28b57ec3368fe13ef176","malware","low_risk",40,False,28.74,"[Errno 22] Invalid argument: 'D:\\PDFSafe\\Testing Folders\\Testing Folders\\MALWARE_PDF_PRE_04-2011_10982_files\\0635a2e69762f067b5ff28b57ec3368fe13ef176'"
"064397ad9cb7c9fc056266f2f04f7ae08a51eff3","malware","low_risk",40,False,28.66,"[Errno 22] Invalid argument: 'D:\\PDFSafe\\Testing Folders\\Testing Folders\\MALWARE_PDF_PRE_04-2011_10982_files\\064397ad9cb7c9fc056266f2f04f7ae08a51eff3'"
"064315c6d87071b6486230bd323e6dcb181c76de","malware","low_risk",40,False,35.51,"[Errno 22] Invalid argument: 'D:\\PDFSafe\\Testing Folders\\Testing Folders\\MALWARE_PDF_PRE_04-2011_10982_files\\064315c6d87071b6486230bd323e6dcb181c76de'"
"064ea57104dde77d17083ebc1d6e9f71be494096","malware","low_risk",40,False,30.95,"[Errno 22] Invalid argument: 'D:\\PDFSafe\\Testing Folders\\Testing Folders\\MALWARE_PDF_PRE_04-2011_10982_files\\064ea57104dde77d17083ebc1d6e9f71be494096'"
"0650b1851ac658e2ed5577acf8b5e994ada14aaf","malware","low_risk",40,False,51.34,"[Errno 22] Invalid argument: 'D:\\PDFSafe\\Testing Folders\\Testing Folders\\MALWARE_PDF_PRE_04-2011_10982_files\\0650b1851ac658e2ed5577acf8b5e994ada14aaf'"
"0657fb9a85cdc8d1cd9b1281ff0577e9e4c7a7e0","malware","low_risk",40,False,51.74,"[Errno 22] Invalid argument: 'D:\\PDFSafe\\Testing Folders\\Testing Folders\\MALWARE_PDF_PRE_04-2011_10982_files\\0657fb9a85cdc8d1cd9b1281ff0577e9e4c7a7e0'"
"066d64676d66baf631f76447199afd11f17cb89c","malware","clean",0,False,48.51,""
"06734ee929f74a75a274ba9bb6ce7b4288b85036","malware","low_risk",40,False,47.07,"[Errno 22] Invalid argument: 'D:\\PDFSafe\\Testing Folders\\Testing Folders\\MALWARE_PDF_PRE_04-2011_10982_files\\06734ee929f74a75a274ba9bb6ce7b4288b85036'"
"068412c776217aa99422e0cc57681f28f5635c9f","malware","low_risk",40,False,49.07,"[Errno 22] Invalid argument: 'D:\\PDFSafe\\Testing Folders\\Testing Folders\\MALWARE_PDF_PRE_04-2011_10982_files\\068412c776217aa99422e0cc57681f28f5635c9f'"
"069d37f9c78490930e2a451c0fe2c19f4c7f9226","malware","low_risk",40,False,63.20,"[Errno 22] Invalid argument: 'D:\\PDFSafe\\Testing Folders\\Testing Folders\\MALWARE_PDF_PRE_04-2011_10982_files\\069d37f9c78490930e2a451c0fe2c19f4c7f9226'"
"06a4d1007a6a26e8fdebc7509bfc255f485372f3","malware","low_risk",40,False,30.03,"[Errno 22] Invalid argument: 'D:\\PDFSafe\\Testing Folders\\Testing Folders\\MALWARE_PDF_PRE_04-2011_10982_files\\06a4d1007a6a26e8fdebc7509bfc255f485372f3'"
"06ad3b47bb763d51dae698afdf00b879cfe6a512","malware","low_risk",40,False,12.07,"[Errno 22] Invalid argument: 'D:\\PDFSafe\\Testing Folders\\Testing Folders\\MALWARE_PDF_PRE_04-2011_10982_files\\06ad3b47bb763d51dae698afdf00b879cfe6a512'"
"06a123a26571d1cdf8e4503874d5ad68224a653b","malware","low_risk",40,False,40.34,"[Errno 22] Invalid argument: 'D:\\PDFSafe\\Testing Folders\\Testing Folders\\MALWARE_PDF_PRE_04-2011_10982_files\\06a123a26571d1cdf8e4503874d5ad68224a653b'"
"06b56481562fcf07d3aa63b3e74db6bced29c01b","malware","low_risk",40,False,35.41,"[Errno 22] Invalid argument: 'D:\\PDFSafe\\Testing Folders\\Testing Folders\\MALWARE_PDF_PRE_04-2011_10982_files\\06b56481562fcf07d3aa63b3e74db6bced29c01b'"
"06b820e13fefa35cdb5762ef933fd25075940c21","malware","low_risk",40,False,34.63,"[Errno 22] Invalid argument: 'D:\\PDFSafe\\Testing Folders\\Testing Folders\\MALWARE_PDF_PRE_04-2011_10982_files\\06b820e13fefa35cdb5762ef933fd25075940c21'"
"06aecc171261441663de3fb209373a2f585a0ad1","malware","low_risk",40,False,52.38,"[Errno 22] Invalid argument: 'D:\\PDFSafe\\Testing Folders\\Testing Folders\\MALWARE_PDF_PRE_04-2011_10982_files\\06aecc171261441663de3fb209373a2f585a0ad1'"
"06b8d55cd9aa72bba877273531b923e416dd7c07","malware","low_risk",40,False,89.27,"[Errno 22] Invalid argument: 'D:\\PDFSafe\\Testing Folders\\Testing Folders\\MALWARE_PDF_PRE_04-2011_10982_files\\06b8d55cd9aa72bba877273531b923e416dd7c07'"
"06cff45f840afe9c76e1f6f311eee22e0ec466f0","malware","low_risk",40,False,102.38,"[Errno 22] Invalid argument: 'D:\\PDFSafe\\Testing Folders\\Testing Folders\\MALWARE_PDF_PRE_04-2011_10982_files\\06cff45f840afe9c76e1f6f311eee22e0ec466f0'"
"06d2e552226118eb221bce1905a429aecde037e3","malware","low_risk",40,False,147.78,"[Errno 22] Invalid argument: 'D:\\PDFSafe\\Testing Folders\\Testing Folders\\MALWARE_PDF_PRE_04-2011_10982_files\\06d2e552226118eb221bce1905a429aecde037e3'"
"06e6fff99cbef3bec805c85aa10727de358b8d06","malware","low_risk",40,False,112.93,"[Errno 22] Invalid argument: 'D:\\PDFSafe\\Testing Folders\\Testing Folders\\MALWARE_PDF_PRE_04-2011_10982_files\\06e6fff99cbef3bec805c85aa10727de358b8d06'"
"06e971c6f4aee10c29aaceb26ef2c1202ff0989e","malware","low_risk",40,False,106.09,"[Errno 22] Invalid argument: 'D:\\PDFSafe\\Testing Folders\\Testing Folders\\MALWARE_PDF_PRE_04-2011_10982_files\\06e971c6f4aee10c29aaceb26ef2c1202ff0989e'"
"06f08c1da0a6b86c6f9dcf76a6b0a7e2b8cd820e","malware","low_risk",40,False,101.16,"[Errno 22] Invalid argument: 'D:\\PDFSafe\\Testing Folders\\Testing Folders\\MALWARE_PDF_PRE_04-2011_10982_files\\06f08c1da0a6b86c6f9dcf76a6b0a7e2b8cd820e'"
"06f2c2aa3d1eb9283f3ccd812592d67ac9a481e3","malware","low_risk",40,False,107.53,"[Errno 22] Invalid argument: 'D:\\PDFSafe\\Testing Folders\\Testing Folders\\MALWARE_PDF_PRE_04-2011_10982_files\\06f2c2aa3d1eb9283f3ccd812592d67ac9a481e3'"
"06de1964ed1bc0205856f7fff1bd0af91d7d63f6","malware","low_risk",40,False,414.08,"[Errno 22] Invalid argument: 'D:\\PDFSafe\\Testing Folders\\Testing Folders\\MALWARE_PDF_PRE_04-2011_10982_files\\06de1964ed1bc0205856f7fff1bd0af91d7d63f6'"
"0700ba126ec20a96989d712ad8e7683edff4b2ac","malware","low_risk",40,False,88.36,"[Errno 22] Invalid argument: 'D:\\PDFSafe\\Testing Folders\\Testing Folders\\MALWARE_PDF_PRE_04-2011_10982_files\\0700ba126ec20a96989d712ad8e7683edff4b2ac'"
"0707e31a52016621b9441e6acc3214ab8c24005e","malware","low_risk",40,False,32.84,"[Errno 22] Invalid argument: 'D:\\PDFSafe\\Testing Folders\\Testing Folders\\MALWARE_PDF_PRE_04-2011_10982_files\\0707e31a52016621b9441e6acc3214ab8c24005e'"
"07082b9586dd7a4e976dcbd6988e25c08f88bcd6","malware","low_risk",40,False,29.35,"[Errno 22] Invalid argument: 'D:\\PDFSafe\\Testing Folders\\Testing Folders\\MALWARE_PDF_PRE_04-2011_10982_files\\07082b9586dd7a4e976dcbd6988e25c08f88bcd6'"
"07151b892164af9101aaf8d9cea4eaf12d54b9c5","malware","malicious",97,True,74.39,""
"07206ff75725b3149be428fe29e96adad09dec29","malware","low_risk",40,False,140.93,"[Errno 22] Invalid argument: 'D:\\PDFSafe\\Testing Folders\\Testing Folders\\MALWARE_PDF_PRE_04-2011_10982_files\\07206ff75725b3149be428fe29e96adad09dec29'"
"06ecf1436da2a6b4b79f43957ec220845bb10fd4","malware","low_risk",40,False,1248.43,"[Errno 22] Invalid argument: 'D:\\PDFSafe\\Testing Folders\\Testing Folders\\MALWARE_PDF_PRE_04-2011_10982_files\\06ecf1436da2a6b4b79f43957ec220845bb10fd4'"
"072c96280b62b21258efae45dfe28a969fc76d27","malware","low_risk",40,False,1144.98,"[Errno 22] Invalid argument: 'D:\\PDFSafe\\Testing Folders\\Testing Folders\\MALWARE_PDF_PRE_04-2011_10982_files\\072c96280b62b21258efae45dfe28a969fc76d27'"
"07389decab7a957929c41d7d2d21034717d56be1","malware","low_risk",40,False,508.00,"[Errno 22] Invalid argument: 'D:\\PDFSafe\\Testing Folders\\Testing Folders\\MALWARE_PDF_PRE_04-2011_10982_files\\07389decab7a957929c41d7d2d21034717d56be1'"
"0705cfc12b95ea3d077e0ebe2608bf7da267d8bf","malware","low_risk",40,False,1521.64,"[Errno 22] Invalid argument: 'D:\\PDFSafe\\Testing Folders\\Testing Folders\\MALWARE_PDF_PRE_04-2011_10982_files\\0705cfc12b95ea3d077e0ebe2608bf7da267d8bf'"
"0738fb30096cd839d08fa0c72320bb2d1f4afb24","malware","low_risk",40,False,63.53,"[Errno 22] Invalid argument: 'D:\\PDFSafe\\Testing Folders\\Testing Folders\\MALWARE_PDF_PRE_04-2011_10982_files\\0738fb30096cd839d08fa0c72320bb2d1f4afb24'"
"073a80d560a2346dbb2f04d9a77455571fffba8d","malware","low_risk",40,False,67.28,"[Errno 22] Invalid argument: 'D:\\PDFSafe\\Testing Folders\\Testing Folders\\MALWARE_PDF_PRE_04-2011_10982_files\\073a80d560a2346dbb2f04d9a77455571fffba8d'"
"0740ff7ede2aa3cef502a3cbb88c5bef1e112f2b","malware","low_risk",40,False,42.32,"[Errno 22] Invalid argument: 'D:\\PDFSafe\\Testing Folders\\Testing Folders\\MALWARE_PDF_PRE_04-2011_10982_files\\0740ff7ede2aa3cef502a3cbb88c5bef1e112f2b'"
"060858e560920fe84c6463e9bd36b00434d6560d","malware","malicious",98,True,2504.92,""
"074def98a88a52117cff6039332115201ac03496","malware","low_risk",40,False,109.40,"[Errno 22] Invalid argument: 'D:\\PDFSafe\\Testing Folders\\Testing Folders\\MALWARE_PDF_PRE_04-2011_10982_files\\074def98a88a52117cff6039332115201ac03496'"
"074c88efd0f8e3b31153ed79b323e2524817031c","malware","low_risk",40,False,515.35,"[Errno 22] Invalid argument: 'D:\\PDFSafe\\Testing Folders\\Testing Folders\\MALWARE_PDF_PRE_04-2011_10982_files\\074c88efd0f8e3b31153ed79b323e2524817031c'"
"0739201faf935968ba65babaade1a97b27ab926d","malware","low_risk",40,False,628.48,"[Errno 22] Invalid argument: 'D:\\PDFSafe\\Testing Folders\\Testing Folders\\MALWARE_PDF_PRE_04-2011_10982_files\\0739201faf935968ba65babaade1a97b27ab926d'"
"07469c094cd15fd1c4041014db50cd484d2cc13e","malware","low_risk",40,False,546.47,"[Errno 22] Invalid argument: 'D:\\PDFSafe\\Testing Folders\\Testing Folders\\MALWARE_PDF_PRE_04-2011_10982_files\\07469c094cd15fd1c4041014db50cd484d2cc13e'"
"0752df9c1d4f1b1553108f598db25dacd79eae5a","malware","low_risk",40,False,42.99,"[Errno 22] Invalid argument: 'D:\\PDFSafe\\Testing Folders\\Testing Folders\\MALWARE_PDF_PRE_04-2011_10982_files\\0752df9c1d4f1b1553108f598db25dacd79eae5a'"
"075750c6ce4c2e1fd999a115631bfe6900d0710a","malware","low_risk",40,False,39.33,"[Errno 22] Invalid argument: 'D:\\PDFSafe\\Testing Folders\\Testing Folders\\MALWARE_PDF_PRE_04-2011_10982_files\\075750c6ce4c2e1fd999a115631bfe6900d0710a'"
"076ad60898bcc70d60e2f82e2103353719dd1f8d","malware","low_risk",40,False,33.50,"[Errno 22] Invalid argument: 'D:\\PDFSafe\\Testing Folders\\Testing Folders\\MALWARE_PDF_PRE_04-2011_10982_files\\076ad60898bcc70d60e2f82e2103353719dd1f8d'"
"076ee73dbbcc5e77694fe44d3b2ba7c68b4b305b","malware","low_risk",40,False,31.65,"[Errno 22] Invalid argument: 'D:\\PDFSafe\\Testing Folders\\Testing Folders\\MALWARE_PDF_PRE_04-2011_10982_files\\076ee73dbbcc5e77694fe44d3b2ba7c68b4b305b'"
"075ce76ed71ed7aa8c98258aa0999077caa32936","malware","suspicious",68,True,94.09,""
"077f551ba9545639e30c9fc5fdc83893e7cbda5e","malware","low_risk",40,False,99.46,"[Errno 22] Invalid argument: 'D:\\PDFSafe\\Testing Folders\\Testing Folders\\MALWARE_PDF_PRE_04-2011_10982_files\\077f551ba9545639e30c9fc5fdc83893e7cbda5e'"
"0782039b67190f8912a3fa66cbdc611a9b95c2ed","malware","low_risk",40,False,76.49,"[Errno 22] Invalid argument: 'D:\\PDFSafe\\Testing Folders\\Testing Folders\\MALWARE_PDF_PRE_04-2011_10982_files\\0782039b67190f8912a3fa66cbdc611a9b95c2ed'"
"074e19834c0abf31911f672cac2ddebbcd03e78c","malware","low_risk",40,False,580.87,"[Errno 22] Invalid argument: 'D:\\PDFSafe\\Testing Folders\\Testing Folders\\MALWARE_PDF_PRE_04-2011_10982_files\\074e19834c0abf31911f672cac2ddebbcd03e78c'"
"0782064014b9bbbab18797e65c8e7bec13c3c3d9","malware","low_risk",40,False,83.73,"[Errno 22] Invalid argument: 'D:\\PDFSafe\\Testing Folders\\Testing Folders\\MALWARE_PDF_PRE_04-2011_10982_files\\0782064014b9bbbab18797e65c8e7bec13c3c3d9'"
"0784180930180b75360cc17acf20b13bee56b458","malware","low_risk",40,False,105.59,"[Errno 22] Invalid argument: 'D:\\PDFSafe\\Testing Folders\\Testing Folders\\MALWARE_PDF_PRE_04-2011_10982_files\\0784180930180b75360cc17acf20b13bee56b458'"
"0785f3bc3beb05a204a0c3def18bcc82ac1969ea","malware","low_risk",40,False,111.08,"[Errno 22] Invalid argument: 'D:\\PDFSafe\\Testing Folders\\Testing Folders\\MALWARE_PDF_PRE_04-2011_10982_files\\0785f3bc3beb05a204a0c3def18bcc82ac1969ea'"
"078c9baeeed1bea31ca57d7edd47556ed8433d00","malware","low_risk",40,False,44.11,"[Errno 22] Invalid argument: 'D:\\PDFSafe\\Testing Folders\\Testing Folders\\MALWARE_PDF_PRE_04-2011_10982_files\\078c9baeeed1bea31ca57d7edd47556ed8433d00'"
"075a95f23015f8410cdb2a16a4e61be93ea12a3f","malware","low_risk",40,False,508.19,"[Errno 22] Invalid argument: 'D:\\PDFSafe\\Testing Folders\\Testing Folders\\MALWARE_PDF_PRE_04-2011_10982_files\\075a95f23015f8410cdb2a16a4e61be93ea12a3f'"
"0793ed9711e244bc53ab88454a62e3efced49571","malware","low_risk",40,False,34.03,"[Errno 22] Invalid argument: 'D:\\PDFSafe\\Testing Folders\\Testing Folders\\MALWARE_PDF_PRE_04-2011_10982_files\\0793ed9711e244bc53ab88454a62e3efced49571'"
"078cb1dc5b23d3c67c992fd393f8bc4818a19cd3","malware","low_risk",40,False,35.72,"[Errno 22] Invalid argument: 'D:\\PDFSafe\\Testing Folders\\Testing Folders\\MALWARE_PDF_PRE_04-2011_10982_files\\078cb1dc5b23d3c67c992fd393f8bc4818a19cd3'"
"079edffd04fab4977a8cef4985c80ca6fa10c9dd","malware","low_risk",40,False,35.86,"[Errno 22] Invalid argument: 'D:\\PDFSafe\\Testing Folders\\Testing Folders\\MALWARE_PDF_PRE_04-2011_10982_files\\079edffd04fab4977a8cef4985c80ca6fa10c9dd'"
"079753b5804e33b3528f141fe9bc9700fd1ae79e","malware","low_risk",40,False,38.00,"[Errno 22] Invalid argument: 'D:\\PDFSafe\\Testing Folders\\Testing Folders\\MALWARE_PDF_PRE_04-2011_10982_files\\079753b5804e33b3528f141fe9bc9700fd1ae79e'"
"07a344140910e055b94f5c0d9f56a1a96805f9ac","malware","low_risk",40,False,170.25,"[Errno 22] Invalid argument: 'D:\\PDFSafe\\Testing Folders\\Testing Folders\\MALWARE_PDF_PRE_04-2011_10982_files\\07a344140910e055b94f5c0d9f56a1a96805f9ac'"
"07a5db11e6ce7ead0d78c5cdaa08a092016ec4cd","malware","low_risk",40,False,66.77,"[Errno 22] Invalid argument: 'D:\\PDFSafe\\Testing Folders\\Testing Folders\\MALWARE_PDF_PRE_04-2011_10982_files\\07a5db11e6ce7ead0d78c5cdaa08a092016ec4cd'"
"07ad9a46db1a80723a6d4b3954579865c9aac25b","malware","low_risk",40,False,143.86,"[Errno 22] Invalid argument: 'D:\\PDFSafe\\Testing Folders\\Testing Folders\\MALWARE_PDF_PRE_04-2011_10982_files\\07ad9a46db1a80723a6d4b3954579865c9aac25b'"
"07894a018bca4c346c1ca09c519b2fc376a17137","malware","low_risk",40,False,607.46,"[Errno 22] Invalid argument: 'D:\\PDFSafe\\Testing Folders\\Testing Folders\\MALWARE_PDF_PRE_04-2011_10982_files\\07894a018bca4c346c1ca09c519b2fc376a17137'"
"077fa36d15bab87429234ffa42d46111b4810623","malware","low_risk",40,False,894.41,"[Errno 22] Invalid argument: 'D:\\PDFSafe\\Testing Folders\\Testing Folders\\MALWARE_PDF_PRE_04-2011_10982_files\\077fa36d15bab87429234ffa42d46111b4810623'"
"07b58f54e0e116b4e9a236821b5a8f6db6ab45a9","malware","low_risk",40,False,81.28,"[Errno 22] Invalid argument: 'D:\\PDFSafe\\Testing Folders\\Testing Folders\\MALWARE_PDF_PRE_04-2011_10982_files\\07b58f54e0e116b4e9a236821b5a8f6db6ab45a9'"
"07b64d6694e3f41dda689abd6018199147a2f2b3","malware","low_risk",40,False,61.23,"[Errno 22] Invalid argument: 'D:\\PDFSafe\\Testing Folders\\Testing Folders\\MALWARE_PDF_PRE_04-2011_10982_files\\07b64d6694e3f41dda689abd6018199147a2f2b3'"
"07ba580414a7c489af42fd1a74009742d717c14a","malware","low_risk",40,False,75.29,"[Errno 22] Invalid argument: 'D:\\PDFSafe\\Testing Folders\\Testing Folders\\MALWARE_PDF_PRE_04-2011_10982_files\\07ba580414a7c489af42fd1a74009742d717c14a'"
"07c5eb38b4099c3a1605b3c208c6164e27755f25","malware","low_risk",40,False,50.62,"[Errno 22] Invalid argument: 'D:\\PDFSafe\\Testing Folders\\Testing Folders\\MALWARE_PDF_PRE_04-2011_10982_files\\07c5eb38b4099c3a1605b3c208c6164e27755f25'"
"07cd4a509c0f3f15166de1a6b4232f4e1bcb0bbd","malware","low_risk",40,False,102.14,"[Errno 22] Invalid argument: 'D:\\PDFSafe\\Testing Folders\\Testing Folders\\MALWARE_PDF_PRE_04-2011_10982_files\\07cd4a509c0f3f15166de1a6b4232f4e1bcb0bbd'"
"07bf5b51b8ecc137ae6a43a3fc9ca5b3ca60f6d5","malware","malicious",84,True,270.66,""
"07cf317b4ea7656b62997817d869745a441ce0c8","malware","low_risk",40,False,43.36,"[Errno 22] Invalid argument: 'D:\\PDFSafe\\Testing Folders\\Testing Folders\\MALWARE_PDF_PRE_04-2011_10982_files\\07cf317b4ea7656b62997817d869745a441ce0c8'"
"07b14c30da3c17809de30d017cb5b650a9db1349","malware","low_risk",40,False,391.56,"[Errno 22] Invalid argument: 'D:\\PDFSafe\\Testing Folders\\Testing Folders\\MALWARE_PDF_PRE_04-2011_10982_files\\07b14c30da3c17809de30d017cb5b650a9db1349'"
"07d2f2ccad1c3c7d1d5a7c52fbc61eeae44798f8","malware","low_risk",40,False,45.27,"[Errno 22] Invalid argument: 'D:\\PDFSafe\\Testing Folders\\Testing Folders\\MALWARE_PDF_PRE_04-2011_10982_files\\07d2f2ccad1c3c7d1d5a7c52fbc61eeae44798f8'"
"07d7c3732da7684cda6a4b3259aa0d2a0c379a89","malware","malicious",97,True,45.69,""
"07e1b8037a2ead498a0cc8238e45c35135cfa131","malware","low_risk",40,False,39.23,"[Errno 22] Invalid argument: 'D:\\PDFSafe\\Testing Folders\\Testing Folders\\MALWARE_PDF_PRE_04-2011_10982_files\\07e1b8037a2ead498a0cc8238e45c35135cfa131'"
"07edca7d0c4e086033e9185bd91edf85472328a5","malware","low_risk",40,False,31.69,"[Errno 22] Invalid argument: 'D:\\PDFSafe\\Testing Folders\\Testing Folders\\MALWARE_PDF_PRE_04-2011_10982_files\\07edca7d0c4e086033e9185bd91edf85472328a5'"
"07f1e7a9da29b941a3268527c6404216429f3c69","malware","low_risk",40,False,41.50,"[Errno 22] Invalid argument: 'D:\\PDFSafe\\Testing Folders\\Testing Folders\\MALWARE_PDF_PRE_04-2011_10982_files\\07f1e7a9da29b941a3268527c6404216429f3c69'"
"07f256bf9ab95bf48dfe50ae1073e1af94303b8e","malware","low_risk",40,False,36.72,"[Errno 22] Invalid argument: 'D:\\PDFSafe\\Testing Folders\\Testing Folders\\MALWARE_PDF_PRE_04-2011_10982_files\\07f256bf9ab95bf48dfe50ae1073e1af94303b8e'"
"07f71dac7332e13833045cc4f270079ae862d04d","malware","low_risk",40,False,13.81,"[Errno 22] Invalid argument: 'D:\\PDFSafe\\Testing Folders\\Testing Folders\\MALWARE_PDF_PRE_04-2011_10982_files\\07f71dac7332e13833045cc4f270079ae862d04d'"
"0803504abeef5c92b53f06ec23db6b6e56c4800e","malware","low_risk",40,False,29.59,"[Errno 22] Invalid argument: 'D:\\PDFSafe\\Testing Folders\\Testing Folders\\MALWARE_PDF_PRE_04-2011_10982_files\\0803504abeef5c92b53f06ec23db6b6e56c4800e'"
"07fa57825063f74d19491ec18c9d54c54a3dd322","malware","low_risk",40,False,32.44,"[Errno 22] Invalid argument: 'D:\\PDFSafe\\Testing Folders\\Testing Folders\\MALWARE_PDF_PRE_04-2011_10982_files\\07fa57825063f74d19491ec18c9d54c54a3dd322'"
"07fb960026e5a967cc5ff29ef86c7e4021742627","malware","low_risk",40,False,38.75,"[Errno 22] Invalid argument: 'D:\\PDFSafe\\Testing Folders\\Testing Folders\\MALWARE_PDF_PRE_04-2011_10982_files\\07fb960026e5a967cc5ff29ef86c7e4021742627'"
"0806403ad7338b5824b7520a57a84db2cf07fc5b","malware","low_risk",40,False,34.43,"[Errno 22] Invalid argument: 'D:\\PDFSafe\\Testing Folders\\Testing Folders\\MALWARE_PDF_PRE_04-2011_10982_files\\0806403ad7338b5824b7520a57a84db2cf07fc5b'"
"0808d94e3371f7e75a55527ee914e0e8b558bc90","malware","low_risk",40,False,35.12,"[Errno 22] Invalid argument: 'D:\\PDFSafe\\Testing Folders\\Testing Folders\\MALWARE_PDF_PRE_04-2011_10982_files\\0808d94e3371f7e75a55527ee914e0e8b558bc90'"
"080d101f8fa15730b5f34150e11fa941a7f19dd7","malware","low_risk",40,False,11.68,"[Errno 22] Invalid argument: 'D:\\PDFSafe\\Testing Folders\\Testing Folders\\MALWARE_PDF_PRE_04-2011_10982_files\\080d101f8fa15730b5f34150e11fa941a7f19dd7'"
"0805d0ae62f5358b9a3f4c1868d552f5c3561b17","malware","low_risk",40,False,56.35,"[Errno 22] Invalid argument: 'D:\\PDFSafe\\Testing Folders\\Testing Folders\\MALWARE_PDF_PRE_04-2011_10982_files\\0805d0ae62f5358b9a3f4c1868d552f5c3561b17'"
"0817bb1fc523d933b5bd85722bde95f97646e20b","malware","low_risk",40,False,40.11,"[Errno 22] Invalid argument: 'D:\\PDFSafe\\Testing Folders\\Testing Folders\\MALWARE_PDF_PRE_04-2011_10982_files\\0817bb1fc523d933b5bd85722bde95f97646e20b'"
"081fa999eb9d75eb7a4cd59863f1f973d22660e2","malware","low_risk",40,False,32.17,"[Errno 22] Invalid argument: 'D:\\PDFSafe\\Testing Folders\\Testing Folders\\MALWARE_PDF_PRE_04-2011_10982_files\\081fa999eb9d75eb7a4cd59863f1f973d22660e2'"
"082490f5b0e26a3a248501cba922902c97272a01","malware","low_risk",40,False,19.41,"[Errno 22] Invalid argument: 'D:\\PDFSafe\\Testing Folders\\Testing Folders\\MALWARE_PDF_PRE_04-2011_10982_files\\082490f5b0e26a3a248501cba922902c97272a01'"
"0824e6dc25134411483054233a86675b0b8c2b4c","malware","low_risk",40,False,36.34,"[Errno 22] Invalid argument: 'D:\\PDFSafe\\Testing Folders\\Testing Folders\\MALWARE_PDF_PRE_04-2011_10982_files\\0824e6dc25134411483054233a86675b0b8c2b4c'"
"081141115f53bf186383d66e261f0acd840903ff","malware","malicious",91,True,85.26,""
"07a35ff92a516d5e613a0f74a8264b98f66f5c33","malware","low_risk",40,False,1043.43,"[Errno 22] Invalid argument: 'D:\\PDFSafe\\Testing Folders\\Testing Folders\\MALWARE_PDF_PRE_04-2011_10982_files\\07a35ff92a516d5e613a0f74a8264b98f66f5c33'"
"0831b75b036bdfc8d17a95b7ebe5bf972da3bc06","malware","low_risk",40,False,37.07,"[Errno 22] Invalid argument: 'D:\\PDFSafe\\Testing Folders\\Testing Folders\\MALWARE_PDF_PRE_04-2011_10982_files\\0831b75b036bdfc8d17a95b7ebe5bf972da3bc06'"
"08360f3221640ba2262d67d49bedca29b5daab3e","malware","low_risk",40,False,46.48,"[Errno 22] Invalid argument: 'D:\\PDFSafe\\Testing Folders\\Testing Folders\\MALWARE_PDF_PRE_04-2011_10982_files\\08360f3221640ba2262d67d49bedca29b5daab3e'"
"08384c821c5986802286edc1894436df7facd79a","malware","low_risk",40,False,13.81,"[Errno 22] Invalid argument: 'D:\\PDFSafe\\Testing Folders\\Testing Folders\\MALWARE_PDF_PRE_04-2011_10982_files\\08384c821c5986802286edc1894436df7facd79a'"
"084cd11f4f54ecd5afec01fdc5bc1e2a549482f7","malware","low_risk",40,False,28.99,"[Errno 22] Invalid argument: 'D:\\PDFSafe\\Testing Folders\\Testing Folders\\MALWARE_PDF_PRE_04-2011_10982_files\\084cd11f4f54ecd5afec01fdc5bc1e2a549482f7'"
"0845a54403afc090a5059a7b267cd2554b308c3a","malware","malicious",90,True,67.03,""
"0846351dbb6b949ca575ca606ff77f7b52620cc0","malware","low_risk",40,False,60.57,"[Errno 22] Invalid argument: 'D:\\PDFSafe\\Testing Folders\\Testing Folders\\MALWARE_PDF_PRE_04-2011_10982_files\\0846351dbb6b949ca575ca606ff77f7b52620cc0'"
"08522b3eceb2e8c8f069b3ebefa20ec6bc4a756f","malware","low_risk",40,False,58.94,"[Errno 22] Invalid argument: 'D:\\PDFSafe\\Testing Folders\\Testing Folders\\MALWARE_PDF_PRE_04-2011_10982_files\\08522b3eceb2e8c8f069b3ebefa20ec6bc4a756f'"
"087b0789199aad0ed7ff8f40dc72b8766966f9b3","malware","low_risk",40,False,37.20,"[Errno 22] Invalid argument: 'D:\\PDFSafe\\Testing Folders\\Testing Folders\\MALWARE_PDF_PRE_04-2011_10982_files\\087b0789199aad0ed7ff8f40dc72b8766966f9b3'"
"087cc03f607fc096080db3f667b4fb8d8fc0a647","malware","low_risk",40,False,35.54,"[Errno 22] Invalid argument: 'D:\\PDFSafe\\Testing Folders\\Testing Folders\\MALWARE_PDF_PRE_04-2011_10982_files\\087cc03f607fc096080db3f667b4fb8d8fc0a647'"
"088319daf9e35f949b9b0e9bd31b96f8183d458d","malware","low_risk",40,False,34.41,"[Errno 22] Invalid argument: 'D:\\PDFSafe\\Testing Folders\\Testing Folders\\MALWARE_PDF_PRE_04-2011_10982_files\\088319daf9e35f949b9b0e9bd31b96f8183d458d'"
"08912c524644299d540d6fae557fd457b3b7a753","malware","low_risk",40,False,13.58,"[Errno 22] Invalid argument: 'D:\\PDFSafe\\Testing Folders\\Testing Folders\\MALWARE_PDF_PRE_04-2011_10982_files\\08912c524644299d540d6fae557fd457b3b7a753'"
"0884aadfe812bfc89a37931557c619e7e859c06f","malware","low_risk",40,False,30.89,"[Errno 22] Invalid argument: 'D:\\PDFSafe\\Testing Folders\\Testing Folders\\MALWARE_PDF_PRE_04-2011_10982_files\\0884aadfe812bfc89a37931557c619e7e859c06f'"
"082b107979430a504a78a2cffb61dbd60b06ce84","malware","low_risk",40,False,227.07,"[Errno 22] Invalid argument: 'D:\\PDFSafe\\Testing Folders\\Testing Folders\\MALWARE_PDF_PRE_04-2011_10982_files\\082b107979430a504a78a2cffb61dbd60b06ce84'"
"0896e48e8ccbc4b1eaa44756a3a311de7cbb20aa","malware","low_risk",40,False,33.64,"[Errno 22] Invalid argument: 'D:\\PDFSafe\\Testing Folders\\Testing Folders\\MALWARE_PDF_PRE_04-2011_10982_files\\0896e48e8ccbc4b1eaa44756a3a311de7cbb20aa'"
"08abc7d4ddbfd9d5e723e5acea37c655b0ba38a0","malware","low_risk",40,False,31.80,"[Errno 22] Invalid argument: 'D:\\PDFSafe\\Testing Folders\\Testing Folders\\MALWARE_PDF_PRE_04-2011_10982_files\\08abc7d4ddbfd9d5e723e5acea37c655b0ba38a0'"
"08929a189771dbe7a4b6ff0197b49e3e95790dc6","malware","low_risk",40,False,52.41,"[Errno 22] Invalid argument: 'D:\\PDFSafe\\Testing Folders\\Testing Folders\\MALWARE_PDF_PRE_04-2011_10982_files\\08929a189771dbe7a4b6ff0197b49e3e95790dc6'"
"08b5ad1766d8b281844d19e7f6607fb0c0461efc","malware","low_risk",40,False,12.61,"[Errno 22] Invalid argument: 'D:\\PDFSafe\\Testing Folders\\Testing Folders\\MALWARE_PDF_PRE_04-2011_10982_files\\08b5ad1766d8b281844d19e7f6607fb0c0461efc'"
"08b1e1c21de9cb6ac83879bdbce01a4ae906c4f9","malware","low_risk",40,False,32.61,"[Errno 22] Invalid argument: 'D:\\PDFSafe\\Testing Folders\\Testing Folders\\MALWARE_PDF_PRE_04-2011_10982_files\\08b1e1c21de9cb6ac83879bdbce01a4ae906c4f9'"
"08b4f82a1792139bbc5b6ce712661c1935f2c670","malware","low_risk",40,False,36.05,"[Errno 22] Invalid argument: 'D:\\PDFSafe\\Testing Folders\\Testing Folders\\MALWARE_PDF_PRE_04-2011_10982_files\\08b4f82a1792139bbc5b6ce712661c1935f2c670'"
"08b79546b2cdc41730c039b3b771eb51d36d5465","malware","low_risk",40,False,35.23,"[Errno 22] Invalid argument: 'D:\\PDFSafe\\Testing Folders\\Testing Folders\\MALWARE_PDF_PRE_04-2011_10982_files\\08b79546b2cdc41730c039b3b771eb51d36d5465'"
"08c4640a8daaa21ea62563790e8bb145bd7641a9","malware","low_risk",40,False,39.54,"[Errno 22] Invalid argument: 'D:\\PDFSafe\\Testing Folders\\Testing Folders\\MALWARE_PDF_PRE_04-2011_10982_files\\08c4640a8daaa21ea62563790e8bb145bd7641a9'"
"08d00edd5dcd489db32b75dcee7d33e94f289d16","malware","low_risk",40,False,34.96,"[Errno 22] Invalid argument: 'D:\\PDFSafe\\Testing Folders\\Testing Folders\\MALWARE_PDF_PRE_04-2011_10982_files\\08d00edd5dcd489db32b75dcee7d33e94f289d16'"
"08dc029abb093e81efdf1a390e74d10704c0c1d1","malware","low_risk",40,False,47.39,"[Errno 22] Invalid argument: 'D:\\PDFSafe\\Testing Folders\\Testing Folders\\MALWARE_PDF_PRE_04-2011_10982_files\\08dc029abb093e81efdf1a390e74d10704c0c1d1'"
"08e5f71420d75ff349afc8872ceb84eefcea7caa","malware","low_risk",40,False,35.96,"[Errno 22] Invalid argument: 'D:\\PDFSafe\\Testing Folders\\Testing Folders\\MALWARE_PDF_PRE_04-2011_10982_files\\08e5f71420d75ff349afc8872ceb84eefcea7caa'"
"08e108ca87cbade5f07bfbb1c300a7a3cbcc7a08","malware","low_risk",40,False,61.79,"[Errno 22] Invalid argument: 'D:\\PDFSafe\\Testing Folders\\Testing Folders\\MALWARE_PDF_PRE_04-2011_10982_files\\08e108ca87cbade5f07bfbb1c300a7a3cbcc7a08'"
"085b673c7717d9dfa9e1cee6f1fb60b1d774b494","malware","low_risk",40,False,280.08,"[Errno 22] Invalid argument: 'D:\\PDFSafe\\Testing Folders\\Testing Folders\\MALWARE_PDF_PRE_04-2011_10982_files\\085b673c7717d9dfa9e1cee6f1fb60b1d774b494'"
"08f04c4fca7831010c6e57af63a7c0bd5a44d14a","malware","low_risk",40,False,35.76,"[Errno 22] Invalid argument: 'D:\\PDFSafe\\Testing Folders\\Testing Folders\\MALWARE_PDF_PRE_04-2011_10982_files\\08f04c4fca7831010c6e57af63a7c0bd5a44d14a'"
"08efb340a013f476e597e88ec4c8a4cfd1bf4618","malware","malicious",97,True,46.93,""
"08fc526d8e43dfdf82b6c1261c277b4036a9e308","malware","low_risk",40,False,35.90,"[Errno 22] Invalid argument: 'D:\\PDFSafe\\Testing Folders\\Testing Folders\\MALWARE_PDF_PRE_04-2011_10982_files\\08fc526d8e43dfdf82b6c1261c277b4036a9e308'"
"09078776a4b20c480da6006cb1a858307f028743","malware","low_risk",40,False,40.51,"[Errno 22] Invalid argument: 'D:\\PDFSafe\\Testing Folders\\Testing Folders\\MALWARE_PDF_PRE_04-2011_10982_files\\09078776a4b20c480da6006cb1a858307f028743'"
"090ef71a0385097cf6e94a8ac469d28408c21a6e","malware","low_risk",40,False,61.57,"[Errno 22] Invalid argument: 'D:\\PDFSafe\\Testing Folders\\Testing Folders\\MALWARE_PDF_PRE_04-2011_10982_files\\090ef71a0385097cf6e94a8ac469d28408c21a6e'"
"09104bb72e65d01c3b1f71d0f7917c3f157b11f7","malware","low_risk",40,False,36.57,"[Errno 22] Invalid argument: 'D:\\PDFSafe\\Testing Folders\\Testing Folders\\MALWARE_PDF_PRE_04-2011_10982_files\\09104bb72e65d01c3b1f71d0f7917c3f157b11f7'"
"0919a65814808ee5a52591fe360a3b0fa8bfa82c","malware","low_risk",40,False,35.58,"[Errno 22] Invalid argument: 'D:\\PDFSafe\\Testing Folders\\Testing Folders\\MALWARE_PDF_PRE_04-2011_10982_files\\0919a65814808ee5a52591fe360a3b0fa8bfa82c'"
"091c91c186c72428614fe298ebcbc037e231641f","malware","low_risk",40,False,32.71,"[Errno 22] Invalid argument: 'D:\\PDFSafe\\Testing Folders\\Testing Folders\\MALWARE_PDF_PRE_04-2011_10982_files\\091c91c186c72428614fe298ebcbc037e231641f'"
"09222fcf9220df1f6eb22e5cb3a0c5e785f4f2f8","malware","low_risk",40,False,29.83,"[Errno 22] Invalid argument: 'D:\\PDFSafe\\Testing Folders\\Testing Folders\\MALWARE_PDF_PRE_04-2011_10982_files\\09222fcf9220df1f6eb22e5cb3a0c5e785f4f2f8'"
"092583db12945d16af7721b3ee3f5d12bd8f7b55","malware","low_risk",40,False,26.68,"[Errno 22] Invalid argument: 'D:\\PDFSafe\\Testing Folders\\Testing Folders\\MALWARE_PDF_PRE_04-2011_10982_files\\092583db12945d16af7721b3ee3f5d12bd8f7b55'"
"0927711f97c6265131a48f88c0e98113aa0b82e7","malware","low_risk",40,False,11.90,"[Errno 22] Invalid argument: 'D:\\PDFSafe\\Testing Folders\\Testing Folders\\MALWARE_PDF_PRE_04-2011_10982_files\\0927711f97c6265131a48f88c0e98113aa0b82e7'"
"092974011009954877da254a913b682e4618dad4","malware","low_risk",40,False,10.79,"[Errno 22] Invalid argument: 'D:\\PDFSafe\\Testing Folders\\Testing Folders\\MALWARE_PDF_PRE_04-2011_10982_files\\092974011009954877da254a913b682e4618dad4'"
"09311fb8523729cfe0cf4a37efc3a7315a1d347c","malware","low_risk",40,False,11.59,"[Errno 22] Invalid argument: 'D:\\PDFSafe\\Testing Folders\\Testing Folders\\MALWARE_PDF_PRE_04-2011_10982_files\\09311fb8523729cfe0cf4a37efc3a7315a1d347c'"
"0928df4e7d2467649f9329e983ec950d7a6021da","malware","low_risk",40,False,31.26,"[Errno 22] Invalid argument: 'D:\\PDFSafe\\Testing Folders\\Testing Folders\\MALWARE_PDF_PRE_04-2011_10982_files\\0928df4e7d2467649f9329e983ec950d7a6021da'"
"092b083a8454f2f4fcee099585d38a994c11f51a","malware","low_risk",40,False,36.87,"[Errno 22] Invalid argument: 'D:\\PDFSafe\\Testing Folders\\Testing Folders\\MALWARE_PDF_PRE_04-2011_10982_files\\092b083a8454f2f4fcee099585d38a994c11f51a'"
"08fb8457c03354070e39e943b36b643b0dee4bbc","malware","low_risk",40,False,166.83,"[Errno 22] Invalid argument: 'D:\\PDFSafe\\Testing Folders\\Testing Folders\\MALWARE_PDF_PRE_04-2011_10982_files\\08fb8457c03354070e39e943b36b643b0dee4bbc'"
"0931e98e16423f9933b18ac349e68038983c282b","malware","low_risk",40,False,31.50,"[Errno 22] Invalid argument: 'D:\\PDFSafe\\Testing Folders\\Testing Folders\\MALWARE_PDF_PRE_04-2011_10982_files\\0931e98e16423f9933b18ac349e68038983c282b'"
"0933c9020001624d192a0adcb2615a847e9aeb65","malware","low_risk",40,False,31.05,"[Errno 22] Invalid argument: 'D:\\PDFSafe\\Testing Folders\\Testing Folders\\MALWARE_PDF_PRE_04-2011_10982_files\\0933c9020001624d192a0adcb2615a847e9aeb65'"
"0934c070208d85f407e74ba436506d62287f0cdb","malware","low_risk",40,False,28.57,"[Errno 22] Invalid argument: 'D:\\PDFSafe\\Testing Folders\\Testing Folders\\MALWARE_PDF_PRE_04-2011_10982_files\\0934c070208d85f407e74ba436506d62287f0cdb'"
"0936872017f09096410b5d9a0136f5fd3465610f","malware","low_risk",40,False,30.33,"[Errno 22] Invalid argument: 'D:\\PDFSafe\\Testing Folders\\Testing Folders\\MALWARE_PDF_PRE_04-2011_10982_files\\0936872017f09096410b5d9a0136f5fd3465610f'"
"0941bd7bcbe57cc0c66e277050d3d78353773c49","malware","low_risk",40,False,37.09,"[Errno 22] Invalid argument: 'D:\\PDFSafe\\Testing Folders\\Testing Folders\\MALWARE_PDF_PRE_04-2011_10982_files\\0941bd7bcbe57cc0c66e277050d3d78353773c49'"
"0944b2345e193515bbd4a93d181078da6a991e0b","malware","low_risk",40,False,29.60,"[Errno 22] Invalid argument: 'D:\\PDFSafe\\Testing Folders\\Testing Folders\\MALWARE_PDF_PRE_04-2011_10982_files\\0944b2345e193515bbd4a93d181078da6a991e0b'"
"0958e96798fd20b108e70355446a874e559a26a4","malware","low_risk",40,False,12.19,"[Errno 22] Invalid argument: 'D:\\PDFSafe\\Testing Folders\\Testing Folders\\MALWARE_PDF_PRE_04-2011_10982_files\\0958e96798fd20b108e70355446a874e559a26a4'"
"094c36314c6e386574827b65e1b4cb3dc3255f87","malware","low_risk",40,False,38.21,"[Errno 22] Invalid argument: 'D:\\PDFSafe\\Testing Folders\\Testing Folders\\MALWARE_PDF_PRE_04-2011_10982_files\\094c36314c6e386574827b65e1b4cb3dc3255f87'"
"0962de2998f74049ee22483cda51b9bca5aefd05","malware","low_risk",40,False,13.14,"[Errno 22] Invalid argument: 'D:\\PDFSafe\\Testing Folders\\Testing Folders\\MALWARE_PDF_PRE_04-2011_10982_files\\0962de2998f74049ee22483cda51b9bca5aefd05'"
"095756f46dea62843058c7902e1377737a0110c3","malware","low_risk",40,False,34.71,"[Errno 22] Invalid argument: 'D:\\PDFSafe\\Testing Folders\\Testing Folders\\MALWARE_PDF_PRE_04-2011_10982_files\\095756f46dea62843058c7902e1377737a0110c3'"
"095e849dce210711942d99339b2fd894804ed119","malware","low_risk",40,False,175.04,"[Errno 22] Invalid argument: 'D:\\PDFSafe\\Testing Folders\\Testing Folders\\MALWARE_PDF_PRE_04-2011_10982_files\\095e849dce210711942d99339b2fd894804ed119'"
"097bc6bad8171b16c505b91b24ed39434193a1c1","malware","low_risk",40,False,173.39,"[Errno 22] Invalid argument: 'D:\\PDFSafe\\Testing Folders\\Testing Folders\\MALWARE_PDF_PRE_04-2011_10982_files\\097bc6bad8171b16c505b91b24ed39434193a1c1'"
"0977a93002835ef510460de792bac40d0ee491e5","malware","low_risk",40,False,175.10,"[Errno 22] Invalid argument: 'D:\\PDFSafe\\Testing Folders\\Testing Folders\\MALWARE_PDF_PRE_04-2011_10982_files\\0977a93002835ef510460de792bac40d0ee491e5'"
"0982e2240cf675230dbc6f0574ffbaeece63bec3","malware","low_risk",40,False,138.69,"[Errno 22] Invalid argument: 'D:\\PDFSafe\\Testing Folders\\Testing Folders\\MALWARE_PDF_PRE_04-2011_10982_files\\0982e2240cf675230dbc6f0574ffbaeece63bec3'"
"0986963bd3fce1fde7c9c64d31d2eb2f3c02e68d","malware","low_risk",40,False,128.16,"[Errno 22] Invalid argument: 'D:\\PDFSafe\\Testing Folders\\Testing Folders\\MALWARE_PDF_PRE_04-2011_10982_files\\0986963bd3fce1fde7c9c64d31d2eb2f3c02e68d'"
"098397960c4dc0710f8df05b619414bdd7d599fd","malware","low_risk",40,False,255.57,"[Errno 22] Invalid argument: 'D:\\PDFSafe\\Testing Folders\\Testing Folders\\MALWARE_PDF_PRE_04-2011_10982_files\\098397960c4dc0710f8df05b619414bdd7d599fd'"
"099f16c385d44fe363b3078ca3bf327990fb640e","malware","low_risk",40,False,130.00,"[Errno 22] Invalid argument: 'D:\\PDFSafe\\Testing Folders\\Testing Folders\\MALWARE_PDF_PRE_04-2011_10982_files\\099f16c385d44fe363b3078ca3bf327990fb640e'"
"098745c981b14c9acb5b13ba495784b11fd13e26","malware","low_risk",40,False,171.00,"[Errno 22] Invalid argument: 'D:\\PDFSafe\\Testing Folders\\Testing Folders\\MALWARE_PDF_PRE_04-2011_10982_files\\098745c981b14c9acb5b13ba495784b11fd13e26'"
"09a6c6435c092c9d44295fc258c5f1f9f5edcbc3","malware","low_risk",40,False,55.04,"[Errno 22] Invalid argument: 'D:\\PDFSafe\\Testing Folders\\Testing Folders\\MALWARE_PDF_PRE_04-2011_10982_files\\09a6c6435c092c9d44295fc258c5f1f9f5edcbc3'"
"09393c7c1e040ba6bdeb6dd2d3495f30bdf38aff","malware","low_risk",40,False,580.32,"[Errno 22] Invalid argument: 'D:\\PDFSafe\\Testing Folders\\Testing Folders\\MALWARE_PDF_PRE_04-2011_10982_files\\09393c7c1e040ba6bdeb6dd2d3495f30bdf38aff'"
"09b81159e05eda4fd8fcae10239ba2edecfdce15","malware","low_risk",40,False,61.99,"[Errno 22] Invalid argument: 'D:\\PDFSafe\\Testing Folders\\Testing Folders\\MALWARE_PDF_PRE_04-2011_10982_files\\09b81159e05eda4fd8fcae10239ba2edecfdce15'"
"09b1309e7a5c233ede3a52880f9cbc380ca6e869","malware","low_risk",40,False,104.29,"[Errno 22] Invalid argument: 'D:\\PDFSafe\\Testing Folders\\Testing Folders\\MALWARE_PDF_PRE_04-2011_10982_files\\09b1309e7a5c233ede3a52880f9cbc380ca6e869'"
"09c10547daeaa85f513a3105af2601714199500c","malware","low_risk",40,False,67.20,"[Errno 22] Invalid argument: 'D:\\PDFSafe\\Testing Folders\\Testing Folders\\MALWARE_PDF_PRE_04-2011_10982_files\\09c10547daeaa85f513a3105af2601714199500c'"
"09c6b8daed0c51cf23d006386cd812bf1f1a1b2b","malware","low_risk",40,False,95.64,"[Errno 22] Invalid argument: 'D:\\PDFSafe\\Testing Folders\\Testing Folders\\MALWARE_PDF_PRE_04-2011_10982_files\\09c6b8daed0c51cf23d006386cd812bf1f1a1b2b'"
"09c1999d0a13bcecc1770a4d0ae7824287b767c2","malware","low_risk",40,False,134.52,"[Errno 22] Invalid argument: 'D:\\PDFSafe\\Testing Folders\\Testing Folders\\MALWARE_PDF_PRE_04-2011_10982_files\\09c1999d0a13bcecc1770a4d0ae7824287b767c2'"
"09c3f6a9ab2feae0d0f8349130d53df8fefc0ca5","malware","low_risk",40,False,127.30,"[Errno 22] Invalid argument: 'D:\\PDFSafe\\Testing Folders\\Testing Folders\\MALWARE_PDF_PRE_04-2011_10982_files\\09c3f6a9ab2feae0d0f8349130d53df8fefc0ca5'"
"09ca6f92169d2d8b615c38c63a709b5eb875e54e","malware","low_risk",40,False,142.47,"[Errno 22] Invalid argument: 'D:\\PDFSafe\\Testing Folders\\Testing Folders\\MALWARE_PDF_PRE_04-2011_10982_files\\09ca6f92169d2d8b615c38c63a709b5eb875e54e'"
"09d92a31c41efc76b4100fe406d2bff602fee586","malware","low_risk",40,False,74.14,"[Errno 22] Invalid argument: 'D:\\PDFSafe\\Testing Folders\\Testing Folders\\MALWARE_PDF_PRE_04-2011_10982_files\\09d92a31c41efc76b4100fe406d2bff602fee586'"
"09dd4896226f30fd6e3e9c568ffc7b18f42c7a97","malware","low_risk",40,False,71.65,"[Errno 22] Invalid argument: 'D:\\PDFSafe\\Testing Folders\\Testing Folders\\MALWARE_PDF_PRE_04-2011_10982_files\\09dd4896226f30fd6e3e9c568ffc7b18f42c7a97'"
"09e582b90839848ac54662a6d55b161b79040cf9","malware","low_risk",40,False,64.98,"[Errno 22] Invalid argument: 'D:\\PDFSafe\\Testing Folders\\Testing Folders\\MALWARE_PDF_PRE_04-2011_10982_files\\09e582b90839848ac54662a6d55b161b79040cf9'"
"09e0b887315f721dc6da195dc87308a8b6a7afd4","malware","low_risk",40,False,108.68,"[Errno 22] Invalid argument: 'D:\\PDFSafe\\Testing Folders\\Testing Folders\\MALWARE_PDF_PRE_04-2011_10982_files\\09e0b887315f721dc6da195dc87308a8b6a7afd4'"
"09eacf2c67f0d1700ae0298ca306e402020d23b6","malware","low_risk",40,False,76.61,"[Errno 22] Invalid argument: 'D:\\PDFSafe\\Testing Folders\\Testing Folders\\MALWARE_PDF_PRE_04-2011_10982_files\\09eacf2c67f0d1700ae0298ca306e402020d23b6'"
"09e72dc5d6d793aabaaa4f3e51add0b720e082e7","malware","low_risk",40,False,103.44,"[Errno 22] Invalid argument: 'D:\\PDFSafe\\Testing Folders\\Testing Folders\\MALWARE_PDF_PRE_04-2011_10982_files\\09e72dc5d6d793aabaaa4f3e51add0b720e082e7'"
"09ec1c3ae4850e158baf807eeb4182323aaf6712","malware","low_risk",40,False,53.85,"[Errno 22] Invalid argument: 'D:\\PDFSafe\\Testing Folders\\Testing Folders\\MALWARE_PDF_PRE_04-2011_10982_files\\09ec1c3ae4850e158baf807eeb4182323aaf6712'"
"0a00cc12b5e1ab52f26903206d2e9ab27a3e9bd2","malware","low_risk",40,False,78.92,"[Errno 22] Invalid argument: 'D:\\PDFSafe\\Testing Folders\\Testing Folders\\MALWARE_PDF_PRE_04-2011_10982_files\\0a00cc12b5e1ab52f26903206d2e9ab27a3e9bd2'"
"0a0c774887529fd6c90eef179cf82dc94beaaaa2","malware","low_risk",40,False,64.60,"[Errno 22] Invalid argument: 'D:\\PDFSafe\\Testing Folders\\Testing Folders\\MALWARE_PDF_PRE_04-2011_10982_files\\0a0c774887529fd6c90eef179cf82dc94beaaaa2'"
"0a16be44dd8bc4eceb12ee7f899955c8c96d6f2d","malware","low_risk",40,False,41.61,"[Errno 22] Invalid argument: 'D:\\PDFSafe\\Testing Folders\\Testing Folders\\MALWARE_PDF_PRE_04-2011_10982_files\\0a16be44dd8bc4eceb12ee7f899955c8c96d6f2d'"
"0a181cba0813db8df6ac069338cfbf88d2935bd5","malware","low_risk",40,False,64.48,"[Errno 22] Invalid argument: 'D:\\PDFSafe\\Testing Folders\\Testing Folders\\MALWARE_PDF_PRE_04-2011_10982_files\\0a181cba0813db8df6ac069338cfbf88d2935bd5'"
"0a3196f165b215442df6d04b49f5e252b9a58220","malware","low_risk",40,False,30.64,"[Errno 22] Invalid argument: 'D:\\PDFSafe\\Testing Folders\\Testing Folders\\MALWARE_PDF_PRE_04-2011_10982_files\\0a3196f165b215442df6d04b49f5e252b9a58220'"
"0a1fca37edbe0f000db5d8eccea3391e7827273a","malware","low_risk",40,False,35.08,"[Errno 22] Invalid argument: 'D:\\PDFSafe\\Testing Folders\\Testing Folders\\MALWARE_PDF_PRE_04-2011_10982_files\\0a1fca37edbe0f000db5d8eccea3391e7827273a'"
"0a1ff9f14da04d3c85fb634e5afa28ab45a0c8df","malware","low_risk",40,False,41.83,"[Errno 22] Invalid argument: 'D:\\PDFSafe\\Testing Folders\\Testing Folders\\MALWARE_PDF_PRE_04-2011_10982_files\\0a1ff9f14da04d3c85fb634e5afa28ab45a0c8df'"
"0a32ba52ed7a487a3d28cd523f2d6e7ef8a7a10a","malware","low_risk",40,False,19.67,"[Errno 22] Invalid argument: 'D:\\PDFSafe\\Testing Folders\\Testing Folders\\MALWARE_PDF_PRE_04-2011_10982_files\\0a32ba52ed7a487a3d28cd523f2d6e7ef8a7a10a'"
"0a36e3cbbecff967cfbe64d4f7cabb18a620a7b7","malware","low_risk",40,False,31.59,"[Errno 22] Invalid argument: 'D:\\PDFSafe\\Testing Folders\\Testing Folders\\MALWARE_PDF_PRE_04-2011_10982_files\\0a36e3cbbecff967cfbe64d4f7cabb18a620a7b7'"
"0a341044f26721d802e0a02d28d9440ca786e787","malware","low_risk",40,False,38.37,"[Errno 22] Invalid argument: 'D:\\PDFSafe\\Testing Folders\\Testing Folders\\MALWARE_PDF_PRE_04-2011_10982_files\\0a341044f26721d802e0a02d28d9440ca786e787'"
"0a398d5eae897b485f80de279ea62fbd1e77467d","malware","low_risk",40,False,33.44,"[Errno 22] Invalid argument: 'D:\\PDFSafe\\Testing Folders\\Testing Folders\\MALWARE_PDF_PRE_04-2011_10982_files\\0a398d5eae897b485f80de279ea62fbd1e77467d'"
"0a3c1bab0ec21217bde6af310c1902dd9f9890d1","malware","low_risk",40,False,32.09,"[Errno 22] Invalid argument: 'D:\\PDFSafe\\Testing Folders\\Testing Folders\\MALWARE_PDF_PRE_04-2011_10982_files\\0a3c1bab0ec21217bde6af310c1902dd9f9890d1'"
"0a4f290832b9c585163a97557e514cd74a0b0250","malware","low_risk",40,False,13.22,"[Errno 22] Invalid argument: 'D:\\PDFSafe\\Testing Folders\\Testing Folders\\MALWARE_PDF_PRE_04-2011_10982_files\\0a4f290832b9c585163a97557e514cd74a0b0250'"
"0a4ba86dcaee1cd5a02628251c43de08262650ed","malware","low_risk",40,False,32.99,"[Errno 22] Invalid argument: 'D:\\PDFSafe\\Testing Folders\\Testing Folders\\MALWARE_PDF_PRE_04-2011_10982_files\\0a4ba86dcaee1cd5a02628251c43de08262650ed'"
"0a6a766d8738dcd565c375455da0985b2f0a175e","malware","low_risk",40,False,26.54,"[Errno 22] Invalid argument: 'D:\\PDFSafe\\Testing Folders\\Testing Folders\\MALWARE_PDF_PRE_04-2011_10982_files\\0a6a766d8738dcd565c375455da0985b2f0a175e'"
"0a7856cb98995c14baf8a4a684b1773c84815d4f","malware","low_risk",40,False,18.21,"[Errno 22] Invalid argument: 'D:\\PDFSafe\\Testing Folders\\Testing Folders\\MALWARE_PDF_PRE_04-2011_10982_files\\0a7856cb98995c14baf8a4a684b1773c84815d4f'"
"0a7353bb3303c5de42d4df552623783240574ef3","malware","low_risk",40,False,35.16,"[Errno 22] Invalid argument: 'D:\\PDFSafe\\Testing Folders\\Testing Folders\\MALWARE_PDF_PRE_04-2011_10982_files\\0a7353bb3303c5de42d4df552623783240574ef3'"
"0a6d02ae54a43b87afc66d30de22b708f427607d","malware","low_risk",40,False,42.01,"[Errno 22] Invalid argument: 'D:\\PDFSafe\\Testing Folders\\Testing Folders\\MALWARE_PDF_PRE_04-2011_10982_files\\0a6d02ae54a43b87afc66d30de22b708f427607d'"
"0a76aae2d1bac3bc69031a6d2d1af3df73755b4b","malware","low_risk",40,False,33.50,"[Errno 22] Invalid argument: 'D:\\PDFSafe\\Testing Folders\\Testing Folders\\MALWARE_PDF_PRE_04-2011_10982_files\\0a76aae2d1bac3bc69031a6d2d1af3df73755b4b'"
"0a807168a0f9e9160909120b8fb4c3a50aea6fa9","malware","low_risk",40,False,59.17,"[Errno 22] Invalid argument: 'D:\\PDFSafe\\Testing Folders\\Testing Folders\\MALWARE_PDF_PRE_04-2011_10982_files\\0a807168a0f9e9160909120b8fb4c3a50aea6fa9'"
"0a7e29f46dcf9ac986edb088c42b5516c85dd5b0","malware","low_risk",40,False,155.22,"[Errno 22] Invalid argument: 'D:\\PDFSafe\\Testing Folders\\Testing Folders\\MALWARE_PDF_PRE_04-2011_10982_files\\0a7e29f46dcf9ac986edb088c42b5516c85dd5b0'"
"0a92e8aa2c5cd7a1806d342de61c96a5e98e7ef3","malware","low_risk",40,False,142.21,"[Errno 22] Invalid argument: 'D:\\PDFSafe\\Testing Folders\\Testing Folders\\MALWARE_PDF_PRE_04-2011_10982_files\\0a92e8aa2c5cd7a1806d342de61c96a5e98e7ef3'"
"0a9a50f446bd890f58c2fa5e367e205939d35a41","malware","low_risk",40,False,126.21,"[Errno 22] Invalid argument: 'D:\\PDFSafe\\Testing Folders\\Testing Folders\\MALWARE_PDF_PRE_04-2011_10982_files\\0a9a50f446bd890f58c2fa5e367e205939d35a41'"
"0a8f768673ae08766fa304a7b25c616b4f41d1c0","malware","malicious",84,True,238.05,""
"0aa27a04a6059bf3f36945843f5d6152f5a3bc00","malware","low_risk",40,False,118.93,"[Errno 22] Invalid argument: 'D:\\PDFSafe\\Testing Folders\\Testing Folders\\MALWARE_PDF_PRE_04-2011_10982_files\\0aa27a04a6059bf3f36945843f5d6152f5a3bc00'"
"0a9d76484cd5efb87e3a962a68206a6cb9d525f3","malware","low_risk",40,False,123.05,"[Errno 22] Invalid argument: 'D:\\PDFSafe\\Testing Folders\\Testing Folders\\MALWARE_PDF_PRE_04-2011_10982_files\\0a9d76484cd5efb87e3a962a68206a6cb9d525f3'"
"0aa3a44f8e6295a46a04523a4a0180c01bd3413d","malware","low_risk",40,False,93.41,"[Errno 22] Invalid argument: 'D:\\PDFSafe\\Testing Folders\\Testing Folders\\MALWARE_PDF_PRE_04-2011_10982_files\\0aa3a44f8e6295a46a04523a4a0180c01bd3413d'"
"0aa42dcecc5edd2a1e2bd6390236709d415cba40","malware","low_risk",40,False,131.76,"[Errno 22] Invalid argument: 'D:\\PDFSafe\\Testing Folders\\Testing Folders\\MALWARE_PDF_PRE_04-2011_10982_files\\0aa42dcecc5edd2a1e2bd6390236709d415cba40'"
"0aaf6371d28dc07c61a06ae02f5a36ffd3ad94cb","malware","low_risk",40,False,121.49,"[Errno 22] Invalid argument: 'D:\\PDFSafe\\Testing Folders\\Testing Folders\\MALWARE_PDF_PRE_04-2011_10982_files\\0aaf6371d28dc07c61a06ae02f5a36ffd3ad94cb'"
"0aa661a1ccb46f60947ed5a10e8d1e917facea4e","malware","low_risk",40,False,124.67,"[Errno 22] Invalid argument: 'D:\\PDFSafe\\Testing Folders\\Testing Folders\\MALWARE_PDF_PRE_04-2011_10982_files\\0aa661a1ccb46f60947ed5a10e8d1e917facea4e'"
"0abaa8519651c3a337b22ed1a57b280687b62e02","malware","low_risk",40,False,38.83,"[Errno 22] Invalid argument: 'D:\\PDFSafe\\Testing Folders\\Testing Folders\\MALWARE_PDF_PRE_04-2011_10982_files\\0abaa8519651c3a337b22ed1a57b280687b62e02'"
"0ab7a705ba301080f6d78aa4f1cc8fa4d65ea3b1","malware","low_risk",40,False,389.64,"[Errno 22] Invalid argument: 'D:\\PDFSafe\\Testing Folders\\Testing Folders\\MALWARE_PDF_PRE_04-2011_10982_files\\0ab7a705ba301080f6d78aa4f1cc8fa4d65ea3b1'"
"0ab22e4d763c2d65b4da2e5b1e8b731bfccf3baa","malware","low_risk",40,False,502.67,"[Errno 22] Invalid argument: 'D:\\PDFSafe\\Testing Folders\\Testing Folders\\MALWARE_PDF_PRE_04-2011_10982_files\\0ab22e4d763c2d65b4da2e5b1e8b731bfccf3baa'"
"0ac275d9f1759e5a818cdb1901633183c7915792","malware","low_risk",40,False,384.87,"[Errno 22] Invalid argument: 'D:\\PDFSafe\\Testing Folders\\Testing Folders\\MALWARE_PDF_PRE_04-2011_10982_files\\0ac275d9f1759e5a818cdb1901633183c7915792'"
"0acd3ce80a963e30cc58f8728f6a60a6449a934d","malware","low_risk",40,False,42.53,"[Errno 22] Invalid argument: 'D:\\PDFSafe\\Testing Folders\\Testing Folders\\MALWARE_PDF_PRE_04-2011_10982_files\\0acd3ce80a963e30cc58f8728f6a60a6449a934d'"
"0ad01b134643781ff007ad1c59be08b4e4deb8d3","malware","low_risk",40,False,61.02,"[Errno 22] Invalid argument: 'D:\\PDFSafe\\Testing Folders\\Testing Folders\\MALWARE_PDF_PRE_04-2011_10982_files\\0ad01b134643781ff007ad1c59be08b4e4deb8d3'"
"0adc0cf9bd214439d569a9fcfc02aaf9aca45857","malware","low_risk",40,False,55.48,"[Errno 22] Invalid argument: 'D:\\PDFSafe\\Testing Folders\\Testing Folders\\MALWARE_PDF_PRE_04-2011_10982_files\\0adc0cf9bd214439d569a9fcfc02aaf9aca45857'"
"0ae386778fb4face1390fdbc5bcff7396ce8d0e1","malware","low_risk",40,False,346.46,"[Errno 22] Invalid argument: 'D:\\PDFSafe\\Testing Folders\\Testing Folders\\MALWARE_PDF_PRE_04-2011_10982_files\\0ae386778fb4face1390fdbc5bcff7396ce8d0e1'"
"0ad82ece5f1f886b1fb34dc479a1c86fe90e533a","malware","low_risk",40,False,428.40,"[Errno 22] Invalid argument: 'D:\\PDFSafe\\Testing Folders\\Testing Folders\\MALWARE_PDF_PRE_04-2011_10982_files\\0ad82ece5f1f886b1fb34dc479a1c86fe90e533a'"
"0ae9a8bd807ad0da57a37bc1c317954d61b04897","malware","low_risk",40,False,32.48,"[Errno 22] Invalid argument: 'D:\\PDFSafe\\Testing Folders\\Testing Folders\\MALWARE_PDF_PRE_04-2011_10982_files\\0ae9a8bd807ad0da57a37bc1c317954d61b04897'"
"0ae9a0ef186a7ec5233e9f68be2e78bf5d04b095","malware","low_risk",40,False,59.37,"[Errno 22] Invalid argument: 'D:\\PDFSafe\\Testing Folders\\Testing Folders\\MALWARE_PDF_PRE_04-2011_10982_files\\0ae9a0ef186a7ec5233e9f68be2e78bf5d04b095'"
"0af19c4451d6e0138e93610b3c3e1f5dde3647b6","malware","low_risk",40,False,47.13,"[Errno 22] Invalid argument: 'D:\\PDFSafe\\Testing Folders\\Testing Folders\\MALWARE_PDF_PRE_04-2011_10982_files\\0af19c4451d6e0138e93610b3c3e1f5dde3647b6'"
"0af7a5d536650b6a25c157e1f4a1a37c2ebcb612","malware","low_risk",40,False,95.03,"[Errno 22] Invalid argument: 'D:\\PDFSafe\\Testing Folders\\Testing Folders\\MALWARE_PDF_PRE_04-2011_10982_files\\0af7a5d536650b6a25c157e1f4a1a37c2ebcb612'"
"0af86d284a6e46f1248664d564c1780946745215","malware","low_risk",40,False,107.80,"[Errno 22] Invalid argument: 'D:\\PDFSafe\\Testing Folders\\Testing Folders\\MALWARE_PDF_PRE_04-2011_10982_files\\0af86d284a6e46f1248664d564c1780946745215'"
"0af8aa6df4191719659eecc51a435385d2e852c3","malware","low_risk",40,False,69.63,"[Errno 22] Invalid argument: 'D:\\PDFSafe\\Testing Folders\\Testing Folders\\MALWARE_PDF_PRE_04-2011_10982_files\\0af8aa6df4191719659eecc51a435385d2e852c3'"
"0b02fb4684c697afce8b16189103e435f92bda39","malware","low_risk",40,False,97.86,"[Errno 22] Invalid argument: 'D:\\PDFSafe\\Testing Folders\\Testing Folders\\MALWARE_PDF_PRE_04-2011_10982_files\\0b02fb4684c697afce8b16189103e435f92bda39'"
"0b06e2385792069db914414a3aeeee6e1d931e42","malware","low_risk",40,False,96.39,"[Errno 22] Invalid argument: 'D:\\PDFSafe\\Testing Folders\\Testing Folders\\MALWARE_PDF_PRE_04-2011_10982_files\\0b06e2385792069db914414a3aeeee6e1d931e42'"
"0b0c244d6185ec5ea693defe2c5227e72445d264","malware","low_risk",40,False,76.32,"[Errno 22] Invalid argument: 'D:\\PDFSafe\\Testing Folders\\Testing Folders\\MALWARE_PDF_PRE_04-2011_10982_files\\0b0c244d6185ec5ea693defe2c5227e72445d264'"
"0b13f3bf30bbe22eea49c409ec27640b465788c3","malware","low_risk",40,False,63.88,"[Errno 22] Invalid argument: 'D:\\PDFSafe\\Testing Folders\\Testing Folders\\MALWARE_PDF_PRE_04-2011_10982_files\\0b13f3bf30bbe22eea49c409ec27640b465788c3'"
"0adf8e5940956b869b926f1cf4a84f906ccc288e","malware","low_risk",40,False,805.20,"[Errno 22] Invalid argument: 'D:\\PDFSafe\\Testing Folders\\Testing Folders\\MALWARE_PDF_PRE_04-2011_10982_files\\0adf8e5940956b869b926f1cf4a84f906ccc288e'"
"0b1ab2355880c7b3280efc36cc85999f4e26b9b4","malware","low_risk",40,False,58.83,"[Errno 22] Invalid argument: 'D:\\PDFSafe\\Testing Folders\\Testing Folders\\MALWARE_PDF_PRE_04-2011_10982_files\\0b1ab2355880c7b3280efc36cc85999f4e26b9b4'"
"0b1d5f000c32d838a9704b06f6b8a8a7fef7b854","malware","low_risk",40,False,62.74,"[Errno 22] Invalid argument: 'D:\\PDFSafe\\Testing Folders\\Testing Folders\\MALWARE_PDF_PRE_04-2011_10982_files\\0b1d5f000c32d838a9704b06f6b8a8a7fef7b854'"
"0b27ddae364d6dbced18c31a52c017618ad7d606","malware","low_risk",40,False,43.55,"[Errno 22] Invalid argument: 'D:\\PDFSafe\\Testing Folders\\Testing Folders\\MALWARE_PDF_PRE_04-2011_10982_files\\0b27ddae364d6dbced18c31a52c017618ad7d606'"
"0b2b4b16e94a82f1158894c885c467938e623780","malware","low_risk",40,False,103.83,"[Errno 22] Invalid argument: 'D:\\PDFSafe\\Testing Folders\\Testing Folders\\MALWARE_PDF_PRE_04-2011_10982_files\\0b2b4b16e94a82f1158894c885c467938e623780'"
"0b2c7b2829bae9272cd1212e82ac32b6cf03b4b3","malware","low_risk",40,False,111.88,"[Errno 22] Invalid argument: 'D:\\PDFSafe\\Testing Folders\\Testing Folders\\MALWARE_PDF_PRE_04-2011_10982_files\\0b2c7b2829bae9272cd1212e82ac32b6cf03b4b3'"
"0ac728aa0e08aae4c04f30e51631d0487f996fab","malware","low_risk",40,False,1457.83,"[Errno 22] Invalid argument: 'D:\\PDFSafe\\Testing Folders\\Testing Folders\\MALWARE_PDF_PRE_04-2011_10982_files\\0ac728aa0e08aae4c04f30e51631d0487f996fab'"
"0b41cbd5a8a100c1aa507670119dd2ab9b493f92","malware","low_risk",40,False,54.23,"[Errno 22] Invalid argument: 'D:\\PDFSafe\\Testing Folders\\Testing Folders\\MALWARE_PDF_PRE_04-2011_10982_files\\0b41cbd5a8a100c1aa507670119dd2ab9b493f92'"
"0b422f83b15a3e5ab927189bb1df76e2f3adb1a9","malware","low_risk",40,False,86.19,"[Errno 22] Invalid argument: 'D:\\PDFSafe\\Testing Folders\\Testing Folders\\MALWARE_PDF_PRE_04-2011_10982_files\\0b422f83b15a3e5ab927189bb1df76e2f3adb1a9'"
"0b49244f3c8a7c403583c5d48133985993dc91f4","malware","low_risk",40,False,78.89,"[Errno 22] Invalid argument: 'D:\\PDFSafe\\Testing Folders\\Testing Folders\\MALWARE_PDF_PRE_04-2011_10982_files\\0b49244f3c8a7c403583c5d48133985993dc91f4'"
"0b0e3c19648c3f2da932f0f0816cd9625ee4471b","malware","low_risk",40,False,584.48,"[Errno 22] Invalid argument: 'D:\\PDFSafe\\Testing Folders\\Testing Folders\\MALWARE_PDF_PRE_04-2011_10982_files\\0b0e3c19648c3f2da932f0f0816cd9625ee4471b'"
"0b4f75a5aa97adf41367d47d85d31c3f890518b8","malware","low_risk",40,False,43.21,"[Errno 22] Invalid argument: 'D:\\PDFSafe\\Testing Folders\\Testing Folders\\MALWARE_PDF_PRE_04-2011_10982_files\\0b4f75a5aa97adf41367d47d85d31c3f890518b8'"
"0b5f1da2e764a0a7d22e01d4e68b5c604e084055","malware","low_risk",40,False,33.33,"[Errno 22] Invalid argument: 'D:\\PDFSafe\\Testing Folders\\Testing Folders\\MALWARE_PDF_PRE_04-2011_10982_files\\0b5f1da2e764a0a7d22e01d4e68b5c604e084055'"
"0b61893e78f1e9de33a21a0c3596c53ffa3eb6ba","malware","low_risk",40,False,103.03,"[Errno 22] Invalid argument: 'D:\\PDFSafe\\Testing Folders\\Testing Folders\\MALWARE_PDF_PRE_04-2011_10982_files\\0b61893e78f1e9de33a21a0c3596c53ffa3eb6ba'"
"0b3e8f0c03fbb604c1bc915ca99195eea07ff3fe","malware","low_risk",40,False,699.65,"[Errno 22] Invalid argument: 'D:\\PDFSafe\\Testing Folders\\Testing Folders\\MALWARE_PDF_PRE_04-2011_10982_files\\0b3e8f0c03fbb604c1bc915ca99195eea07ff3fe'"
"0b311b6f1409faa5ba2be61ef8df548e67d0e637","malware","low_risk",40,False,740.49,"[Errno 22] Invalid argument: 'D:\\PDFSafe\\Testing Folders\\Testing Folders\\MALWARE_PDF_PRE_04-2011_10982_files\\0b311b6f1409faa5ba2be61ef8df548e67d0e637'"
"0b6cd9413ef0b35418759844cc3e4c45df05862a","malware","low_risk",40,False,32.89,"[Errno 22] Invalid argument: 'D:\\PDFSafe\\Testing Folders\\Testing Folders\\MALWARE_PDF_PRE_04-2011_10982_files\\0b6cd9413ef0b35418759844cc3e4c45df05862a'"
"0b552208a48bbd0d4f18083490362e4c71da44e2","malware","low_risk",40,False,501.98,"[Errno 22] Invalid argument: 'D:\\PDFSafe\\Testing Folders\\Testing Folders\\MALWARE_PDF_PRE_04-2011_10982_files\\0b552208a48bbd0d4f18083490362e4c71da44e2'"
"0b8130799f99aba63b85dcad8c972efe57543bde","malware","low_risk",40,False,34.80,"[Errno 22] Invalid argument: 'D:\\PDFSafe\\Testing Folders\\Testing Folders\\MALWARE_PDF_PRE_04-2011_10982_files\\0b8130799f99aba63b85dcad8c972efe57543bde'"
"0b85fc186cc6cfa31cc17f6fe9b540cf62a9d59e","malware","low_risk",40,False,86.44,"[Errno 22] Invalid argument: 'D:\\PDFSafe\\Testing Folders\\Testing Folders\\MALWARE_PDF_PRE_04-2011_10982_files\\0b85fc186cc6cfa31cc17f6fe9b540cf62a9d59e'"
"0b8f9a04df7d28518ee751593dd795d4f7e1e17a","malware","low_risk",40,False,89.41,"[Errno 22] Invalid argument: 'D:\\PDFSafe\\Testing Folders\\Testing Folders\\MALWARE_PDF_PRE_04-2011_10982_files\\0b8f9a04df7d28518ee751593dd795d4f7e1e17a'"
"0b9202c8b4a3d0e6c59905a7271a371ed97d678d","malware","low_risk",40,False,33.23,"[Errno 22] Invalid argument: 'D:\\PDFSafe\\Testing Folders\\Testing Folders\\MALWARE_PDF_PRE_04-2011_10982_files\\0b9202c8b4a3d0e6c59905a7271a371ed97d678d'"
"0b9740a3d2417e1677af839224e62ca89459788b","malware","low_risk",40,False,25.07,"[Errno 22] Invalid argument: 'D:\\PDFSafe\\Testing Folders\\Testing Folders\\MALWARE_PDF_PRE_04-2011_10982_files\\0b9740a3d2417e1677af839224e62ca89459788b'"
"0b9426f0c4e0b263cb752ce9fcc59a296cfa3ef4","malware","low_risk",40,False,88.72,"[Errno 22] Invalid argument: 'D:\\PDFSafe\\Testing Folders\\Testing Folders\\MALWARE_PDF_PRE_04-2011_10982_files\\0b9426f0c4e0b263cb752ce9fcc59a296cfa3ef4'"
"0b995096978e3852c423f1b4890d4fdf87092aa8","malware","low_risk",40,False,90.42,"[Errno 22] Invalid argument: 'D:\\PDFSafe\\Testing Folders\\Testing Folders\\MALWARE_PDF_PRE_04-2011_10982_files\\0b995096978e3852c423f1b4890d4fdf87092aa8'"
"0ba0ff0381e3d821c4ab8d10eab4aa16929d585e","malware","low_risk",40,False,73.27,"[Errno 22] Invalid argument: 'D:\\PDFSafe\\Testing Folders\\Testing Folders\\MALWARE_PDF_PRE_04-2011_10982_files\\0ba0ff0381e3d821c4ab8d10eab4aa16929d585e'"
"0ba2ee330e806117c82deed079b3e8a33be82c97","malware","low_risk",40,False,27.32,"[Errno 22] Invalid argument: 'D:\\PDFSafe\\Testing Folders\\Testing Folders\\MALWARE_PDF_PRE_04-2011_10982_files\\0ba2ee330e806117c82deed079b3e8a33be82c97'"
"0ba79fa18c7e5f98a0cc199fbb8317b8bc7acc04","malware","low_risk",40,False,85.73,"[Errno 22] Invalid argument: 'D:\\PDFSafe\\Testing Folders\\Testing Folders\\MALWARE_PDF_PRE_04-2011_10982_files\\0ba79fa18c7e5f98a0cc199fbb8317b8bc7acc04'"
"0baccb7ddc66bbf13fe2c927b85b713019d451cc","malware","low_risk",40,False,95.02,"[Errno 22] Invalid argument: 'D:\\PDFSafe\\Testing Folders\\Testing Folders\\MALWARE_PDF_PRE_04-2011_10982_files\\0baccb7ddc66bbf13fe2c927b85b713019d451cc'"
"0bb0243a7f9a877e115933a323af9b62fec01b1e","malware","low_risk",40,False,60.75,"[Errno 22] Invalid argument: 'D:\\PDFSafe\\Testing Folders\\Testing Folders\\MALWARE_PDF_PRE_04-2011_10982_files\\0bb0243a7f9a877e115933a323af9b62fec01b1e'"
"0bbc4b46a26face060d4578041ce788035636d2a","malware","low_risk",40,False,72.76,"[Errno 22] Invalid argument: 'D:\\PDFSafe\\Testing Folders\\Testing Folders\\MALWARE_PDF_PRE_04-2011_10982_files\\0bbc4b46a26face060d4578041ce788035636d2a'"
"0b62f57a88cc434fcccca7519f963801515506aa","malware","low_risk",40,False,757.21,"[Errno 22] Invalid argument: 'D:\\PDFSafe\\Testing Folders\\Testing Folders\\MALWARE_PDF_PRE_04-2011_10982_files\\0b62f57a88cc434fcccca7519f963801515506aa'"
"0bc87f44203617fcadb9c545dfeb586f60c43a14","malware","low_risk",40,False,65.83,"[Errno 22] Invalid argument: 'D:\\PDFSafe\\Testing Folders\\Testing Folders\\MALWARE_PDF_PRE_04-2011_10982_files\\0bc87f44203617fcadb9c545dfeb586f60c43a14'"
"0bcd1477ab0e99618e21b477c534094bc5ec631b","malware","low_risk",40,False,45.35,"[Errno 22] Invalid argument: 'D:\\PDFSafe\\Testing Folders\\Testing Folders\\MALWARE_PDF_PRE_04-2011_10982_files\\0bcd1477ab0e99618e21b477c534094bc5ec631b'"
"0bcab210d9145f78fe965162b5931f22a07c5221","malware","low_risk",40,False,54.88,"[Errno 22] Invalid argument: 'D:\\PDFSafe\\Testing Folders\\Testing Folders\\MALWARE_PDF_PRE_04-2011_10982_files\\0bcab210d9145f78fe965162b5931f22a07c5221'"
"0bd8db633e51c2d49e443d335508f1cb87d0b731","malware","low_risk",40,False,22.39,"[Errno 22] Invalid argument: 'D:\\PDFSafe\\Testing Folders\\Testing Folders\\MALWARE_PDF_PRE_04-2011_10982_files\\0bd8db633e51c2d49e443d335508f1cb87d0b731'"
"0bd5c79d2067e0e4b19bb93892794d794d2fa505","malware","low_risk",40,False,34.01,"[Errno 22] Invalid argument: 'D:\\PDFSafe\\Testing Folders\\Testing Folders\\MALWARE_PDF_PRE_04-2011_10982_files\\0bd5c79d2067e0e4b19bb93892794d794d2fa505'"
"0be4980d93eba252d6d8a1b26a7b2efc46709bbb","malware","low_risk",40,False,32.96,"[Errno 22] Invalid argument: 'D:\\PDFSafe\\Testing Folders\\Testing Folders\\MALWARE_PDF_PRE_04-2011_10982_files\\0be4980d93eba252d6d8a1b26a7b2efc46709bbb'"
"0be2d4866deddb5b8bd0cf6607b501511ae4fbee","malware","low_risk",40,False,39.63,"[Errno 22] Invalid argument: 'D:\\PDFSafe\\Testing Folders\\Testing Folders\\MALWARE_PDF_PRE_04-2011_10982_files\\0be2d4866deddb5b8bd0cf6607b501511ae4fbee'"
"0bdffb18e6bbbf4a3e494e568912f0b74e4f3e31","malware","low_risk",40,False,54.74,"[Errno 22] Invalid argument: 'D:\\PDFSafe\\Testing Folders\\Testing Folders\\MALWARE_PDF_PRE_04-2011_10982_files\\0bdffb18e6bbbf4a3e494e568912f0b74e4f3e31'"
"0bf319295070ba309576e33007d0207a05612c3b","malware","low_risk",40,False,10.87,"[Errno 22] Invalid argument: 'D:\\PDFSafe\\Testing Folders\\Testing Folders\\MALWARE_PDF_PRE_04-2011_10982_files\\0bf319295070ba309576e33007d0207a05612c3b'"
"0bfc2a6e5a029e7959ad9b20d8bcdbe1bb527440","malware","low_risk",40,False,110.84,"[Errno 22] Invalid argument: 'D:\\PDFSafe\\Testing Folders\\Testing Folders\\MALWARE_PDF_PRE_04-2011_10982_files\\0bfc2a6e5a029e7959ad9b20d8bcdbe1bb527440'"
"0befb584796d6d8022f99a16eeff7abc5bf9d848","malware","low_risk",40,False,130.61,"[Errno 22] Invalid argument: 'D:\\PDFSafe\\Testing Folders\\Testing Folders\\MALWARE_PDF_PRE_04-2011_10982_files\\0befb584796d6d8022f99a16eeff7abc5bf9d848'"
"0bf1cefd85e39ad2d4d1d667bc6e05eba020d07e","malware","low_risk",40,False,139.97,"[Errno 22] Invalid argument: 'D:\\PDFSafe\\Testing Folders\\Testing Folders\\MALWARE_PDF_PRE_04-2011_10982_files\\0bf1cefd85e39ad2d4d1d667bc6e05eba020d07e'"
"0b740c0bb0bedaa2366891ca4e61993088c5099b","malware","low_risk",40,False,758.01,"[Errno 22] Invalid argument: 'D:\\PDFSafe\\Testing Folders\\Testing Folders\\MALWARE_PDF_PRE_04-2011_10982_files\\0b740c0bb0bedaa2366891ca4e61993088c5099b'"
"0c035f3416f523af1609443263ceecc39b62f68e","malware","low_risk",40,False,53.56,"[Errno 22] Invalid argument: 'D:\\PDFSafe\\Testing Folders\\Testing Folders\\MALWARE_PDF_PRE_04-2011_10982_files\\0c035f3416f523af1609443263ceecc39b62f68e'"
"0bfc3afc45106b4e988bc2d53a5d3e611b340c26","malware","low_risk",40,False,71.35,"[Errno 22] Invalid argument: 'D:\\PDFSafe\\Testing Folders\\Testing Folders\\MALWARE_PDF_PRE_04-2011_10982_files\\0bfc3afc45106b4e988bc2d53a5d3e611b340c26'"
"0c0162a5c7aeb7b6501d123b483f05276eeadc64","malware","low_risk",40,False,99.34,"[Errno 22] Invalid argument: 'D:\\PDFSafe\\Testing Folders\\Testing Folders\\MALWARE_PDF_PRE_04-2011_10982_files\\0c0162a5c7aeb7b6501d123b483f05276eeadc64'"
"0c0a79b81cf8f43f48261b0d737e4a5cfaaba320","malware","low_risk",40,False,81.17,"[Errno 22] Invalid argument: 'D:\\PDFSafe\\Testing Folders\\Testing Folders\\MALWARE_PDF_PRE_04-2011_10982_files\\0c0a79b81cf8f43f48261b0d737e4a5cfaaba320'"
"0c0ab5378dc281ea9687ec8a24c146a56efbc559","malware","low_risk",40,False,103.48,"[Errno 22] Invalid argument: 'D:\\PDFSafe\\Testing Folders\\Testing Folders\\MALWARE_PDF_PRE_04-2011_10982_files\\0c0ab5378dc281ea9687ec8a24c146a56efbc559'"
"0c1dd01de8f947abb9410704a021402796643f8f","malware","low_risk",40,False,171.57,"[Errno 22] Invalid argument: 'D:\\PDFSafe\\Testing Folders\\Testing Folders\\MALWARE_PDF_PRE_04-2011_10982_files\\0c1dd01de8f947abb9410704a021402796643f8f'"
"0c2302a680d0adf68e92fa8843c60c2e8f54915f","malware","low_risk",40,False,101.87,"[Errno 22] Invalid argument: 'D:\\PDFSafe\\Testing Folders\\Testing Folders\\MALWARE_PDF_PRE_04-2011_10982_files\\0c2302a680d0adf68e92fa8843c60c2e8f54915f'"
"0c2008bc7b5cb9a3ab7646ee3048ec00b52403df","malware","low_risk",40,False,170.74,"[Errno 22] Invalid argument: 'D:\\PDFSafe\\Testing Folders\\Testing Folders\\MALWARE_PDF_PRE_04-2011_10982_files\\0c2008bc7b5cb9a3ab7646ee3048ec00b52403df'"
"0c262a6273a423cfb0aacebd78075a5f9f80b60d","malware","low_risk",40,False,60.46,"[Errno 22] Invalid argument: 'D:\\PDFSafe\\Testing Folders\\Testing Folders\\MALWARE_PDF_PRE_04-2011_10982_files\\0c262a6273a423cfb0aacebd78075a5f9f80b60d'"
"0c26f3b2b9f96608212015bb4c8e6a250269773e","malware","low_risk",40,False,64.65,"[Errno 22] Invalid argument: 'D:\\PDFSafe\\Testing Folders\\Testing Folders\\MALWARE_PDF_PRE_04-2011_10982_files\\0c26f3b2b9f96608212015bb4c8e6a250269773e'"
"0c30b4cd50ec2a107e76bbff5a84f8e052225665","malware","low_risk",40,False,74.89,"[Errno 22] Invalid argument: 'D:\\PDFSafe\\Testing Folders\\Testing Folders\\MALWARE_PDF_PRE_04-2011_10982_files\\0c30b4cd50ec2a107e76bbff5a84f8e052225665'"
"0c3ab7f83d98b2f53b86552a8e95f80ed99c6127","malware","low_risk",40,False,44.20,"[Errno 22] Invalid argument: 'D:\\PDFSafe\\Testing Folders\\Testing Folders\\MALWARE_PDF_PRE_04-2011_10982_files\\0c3ab7f83d98b2f53b86552a8e95f80ed99c6127'"
"0c1db7432e49c4b7e0af8b02132a15ace3124b5f","malware","low_risk",40,False,328.21,"[Errno 22] Invalid argument: 'D:\\PDFSafe\\Testing Folders\\Testing Folders\\MALWARE_PDF_PRE_04-2011_10982_files\\0c1db7432e49c4b7e0af8b02132a15ace3124b5f'"
"0c372581efabe62e0ecfb64196c727705b684883","malware","low_risk",40,False,63.52,"[Errno 22] Invalid argument: 'D:\\PDFSafe\\Testing Folders\\Testing Folders\\MALWARE_PDF_PRE_04-2011_10982_files\\0c372581efabe62e0ecfb64196c727705b684883'"
"0c3aef0215a88186bdcba7c5a8628c5d44bed4d1","malware","low_risk",40,False,48.25,"[Errno 22] Invalid argument: 'D:\\PDFSafe\\Testing Folders\\Testing Folders\\MALWARE_PDF_PRE_04-2011_10982_files\\0c3aef0215a88186bdcba7c5a8628c5d44bed4d1'"
"0c3b5aa0717cd57f359b8be2f0b07472d899ac46","malware","low_risk",40,False,44.20,"[Errno 22] Invalid argument: 'D:\\PDFSafe\\Testing Folders\\Testing Folders\\MALWARE_PDF_PRE_04-2011_10982_files\\0c3b5aa0717cd57f359b8be2f0b07472d899ac46'"
"0c40adec5e99fceb0b1ac8e6956155431b62235f","malware","low_risk",40,False,46.59,"[Errno 22] Invalid argument: 'D:\\PDFSafe\\Testing Folders\\Testing Folders\\MALWARE_PDF_PRE_04-2011_10982_files\\0c40adec5e99fceb0b1ac8e6956155431b62235f'"
"0c4e5ef02c7054160119e7652942aa37a9a02c11","malware","low_risk",40,False,53.98,"[Errno 22] Invalid argument: 'D:\\PDFSafe\\Testing Folders\\Testing Folders\\MALWARE_PDF_PRE_04-2011_10982_files\\0c4e5ef02c7054160119e7652942aa37a9a02c11'"
"0c5392f400f6785042c83e06125301176c7c5ab3","malware","low_risk",40,False,33.84,"[Errno 22] Invalid argument: 'D:\\PDFSafe\\Testing Folders\\Testing Folders\\MALWARE_PDF_PRE_04-2011_10982_files\\0c5392f400f6785042c83e06125301176c7c5ab3'"
"0c4ca8762f082cc65a3b36446a8b73d6b7e89db6","malware","low_risk",40,False,65.40,"[Errno 22] Invalid argument: 'D:\\PDFSafe\\Testing Folders\\Testing Folders\\MALWARE_PDF_PRE_04-2011_10982_files\\0c4ca8762f082cc65a3b36446a8b73d6b7e89db6'"
"0c706b69785c23f140fc21a2643a180fce95d741","malware","low_risk",40,False,14.63,"[Errno 22] Invalid argument: 'D:\\PDFSafe\\Testing Folders\\Testing Folders\\MALWARE_PDF_PRE_04-2011_10982_files\\0c706b69785c23f140fc21a2643a180fce95d741'"
"0c670a5cfe05b736fa9b2b8fdedee04755e5cab9","malware","low_risk",40,False,45.00,"[Errno 22] Invalid argument: 'D:\\PDFSafe\\Testing Folders\\Testing Folders\\MALWARE_PDF_PRE_04-2011_10982_files\\0c670a5cfe05b736fa9b2b8fdedee04755e5cab9'"
"0c6833ba380a259db472bbe93831c6dc2b5eb6e0","malware","low_risk",40,False,35.87,"[Errno 22] Invalid argument: 'D:\\PDFSafe\\Testing Folders\\Testing Folders\\MALWARE_PDF_PRE_04-2011_10982_files\\0c6833ba380a259db472bbe93831c6dc2b5eb6e0'"
"0c736e45b8ebd6df7a568aa7989c29869b67d50b","malware","low_risk",40,False,15.25,"[Errno 22] Invalid argument: 'D:\\PDFSafe\\Testing Folders\\Testing Folders\\MALWARE_PDF_PRE_04-2011_10982_files\\0c736e45b8ebd6df7a568aa7989c29869b67d50b'"
"0c73656b847c06c22335da2c166d9aa3e3b13913","malware","low_risk",40,False,35.65,"[Errno 22] Invalid argument: 'D:\\PDFSafe\\Testing Folders\\Testing Folders\\MALWARE_PDF_PRE_04-2011_10982_files\\0c73656b847c06c22335da2c166d9aa3e3b13913'"
"0c7d2a482a4047cdf27821e8f4cfabf44d7ead1c","malware","low_risk",40,False,33.15,"[Errno 22] Invalid argument: 'D:\\PDFSafe\\Testing Folders\\Testing Folders\\MALWARE_PDF_PRE_04-2011_10982_files\\0c7d2a482a4047cdf27821e8f4cfabf44d7ead1c'"
"0c81c174a6fc3ef3204672c5141bad779adf3de1","malware","low_risk",40,False,29.40,"[Errno 22] Invalid argument: 'D:\\PDFSafe\\Testing Folders\\Testing Folders\\MALWARE_PDF_PRE_04-2011_10982_files\\0c81c174a6fc3ef3204672c5141bad779adf3de1'"
"0c7cf829c5b0a3ce91eab790e934e2680315d438","malware","low_risk",40,False,45.09,"[Errno 22] Invalid argument: 'D:\\PDFSafe\\Testing Folders\\Testing Folders\\MALWARE_PDF_PRE_04-2011_10982_files\\0c7cf829c5b0a3ce91eab790e934e2680315d438'"
"0c937fb5a0020ee04f3e1be5431d55f5ded89dcd","malware","low_risk",40,False,14.00,"[Errno 22] Invalid argument: 'D:\\PDFSafe\\Testing Folders\\Testing Folders\\MALWARE_PDF_PRE_04-2011_10982_files\\0c937fb5a0020ee04f3e1be5431d55f5ded89dcd'"
"0c8c40e05fbb20ded50a51c85611704c00d32b00","malware","low_risk",40,False,40.02,"[Errno 22] Invalid argument: 'D:\\PDFSafe\\Testing Folders\\Testing Folders\\MALWARE_PDF_PRE_04-2011_10982_files\\0c8c40e05fbb20ded50a51c85611704c00d32b00'"
"0c9c46ffae3a66898dca36f05c94012cd47845f7","malware","low_risk",40,False,11.64,"[Errno 22] Invalid argument: 'D:\\PDFSafe\\Testing Folders\\Testing Folders\\MALWARE_PDF_PRE_04-2011_10982_files\\0c9c46ffae3a66898dca36f05c94012cd47845f7'"
"0c91551ab445a9f1c8fd5e967ed35ed690f6c2f4","malware","malicious",99,True,46.40,""
"0c95f80279a8afe60b33dc20dec0c20b814b9242","malware","low_risk",40,False,61.59,"[Errno 22] Invalid argument: 'D:\\PDFSafe\\Testing Folders\\Testing Folders\\MALWARE_PDF_PRE_04-2011_10982_files\\0c95f80279a8afe60b33dc20dec0c20b814b9242'"
"0c9df8087b8862a21e803f775b94ae2ce062659f","malware","low_risk",40,False,57.12,"[Errno 22] Invalid argument: 'D:\\PDFSafe\\Testing Folders\\Testing Folders\\MALWARE_PDF_PRE_04-2011_10982_files\\0c9df8087b8862a21e803f775b94ae2ce062659f'"
"0ca032fe2400bfe80d5239c9953a4f9431ea7b96","malware","low_risk",40,False,52.35,"[Errno 22] Invalid argument: 'D:\\PDFSafe\\Testing Folders\\Testing Folders\\MALWARE_PDF_PRE_04-2011_10982_files\\0ca032fe2400bfe80d5239c9953a4f9431ea7b96'"
"0ca6a688f0bd58c1168d6a87491847eca6ff312a","malware","low_risk",40,False,65.27,"[Errno 22] Invalid argument: 'D:\\PDFSafe\\Testing Folders\\Testing Folders\\MALWARE_PDF_PRE_04-2011_10982_files\\0ca6a688f0bd58c1168d6a87491847eca6ff312a'"
"0cb9baa3e6c0af41387ee86bf80f9780791a0169","malware","low_risk",40,False,67.20,"[Errno 22] Invalid argument: 'D:\\PDFSafe\\Testing Folders\\Testing Folders\\MALWARE_PDF_PRE_04-2011_10982_files\\0cb9baa3e6c0af41387ee86bf80f9780791a0169'"
"0cb7865f1fe45ece003b0f64478ef154f1dd9ef4","malware","low_risk",40,False,131.91,"[Errno 22] Invalid argument: 'D:\\PDFSafe\\Testing Folders\\Testing Folders\\MALWARE_PDF_PRE_04-2011_10982_files\\0cb7865f1fe45ece003b0f64478ef154f1dd9ef4'"
"0ca9881d0857986f25d02cdeb75a5e7eb5e710c6","malware","low_risk",40,False,158.43,"[Errno 22] Invalid argument: 'D:\\PDFSafe\\Testing Folders\\Testing Folders\\MALWARE_PDF_PRE_04-2011_10982_files\\0ca9881d0857986f25d02cdeb75a5e7eb5e710c6'"
"0cba0e0e37c3c3ca32411ba0ef076d417b06adf2","malware","low_risk",40,False,170.96,"[Errno 22] Invalid argument: 'D:\\PDFSafe\\Testing Folders\\Testing Folders\\MALWARE_PDF_PRE_04-2011_10982_files\\0cba0e0e37c3c3ca32411ba0ef076d417b06adf2'"
"0cc42753d124bc269c514b383141c04c063c6a40","malware","low_risk",40,False,80.84,"[Errno 22] Invalid argument: 'D:\\PDFSafe\\Testing Folders\\Testing Folders\\MALWARE_PDF_PRE_04-2011_10982_files\\0cc42753d124bc269c514b383141c04c063c6a40'"
"0cc16779d4a9774c4dbb927062cf2cc5065e6d13","malware","low_risk",40,False,132.11,"[Errno 22] Invalid argument: 'D:\\PDFSafe\\Testing Folders\\Testing Folders\\MALWARE_PDF_PRE_04-2011_10982_files\\0cc16779d4a9774c4dbb927062cf2cc5065e6d13'"
"0cd61acda532454bd1856af89d701abb05b35846","malware","low_risk",40,False,144.83,"[Errno 22] Invalid argument: 'D:\\PDFSafe\\Testing Folders\\Testing Folders\\MALWARE_PDF_PRE_04-2011_10982_files\\0cd61acda532454bd1856af89d701abb05b35846'"
"0ccc52a18b907d15ad3583298e477937d5c05765","malware","malicious",96,True,280.21,""
"0ce60e090a5eaddb4d7fd1d55c186170762832f2","malware","low_risk",40,False,109.91,"[Errno 22] Invalid argument: 'D:\\PDFSafe\\Testing Folders\\Testing Folders\\MALWARE_PDF_PRE_04-2011_10982_files\\0ce60e090a5eaddb4d7fd1d55c186170762832f2'"
"0cd91c9395d2b258f0dc8a4bb7770ee15ea7ae71","malware","low_risk",40,False,229.71,"[Errno 22] Invalid argument: 'D:\\PDFSafe\\Testing Folders\\Testing Folders\\MALWARE_PDF_PRE_04-2011_10982_files\\0cd91c9395d2b258f0dc8a4bb7770ee15ea7ae71'"
"0ce7030c2ba6a3fbccb4ac337b52247f67547644","malware","low_risk",40,False,82.50,"[Errno 22] Invalid argument: 'D:\\PDFSafe\\Testing Folders\\Testing Folders\\MALWARE_PDF_PRE_04-2011_10982_files\\0ce7030c2ba6a3fbccb4ac337b52247f67547644'"
"0cfb7f27a597551bd82c42513580d1cda2aee635","malware","low_risk",40,False,79.62,"[Errno 22] Invalid argument: 'D:\\PDFSafe\\Testing Folders\\Testing Folders\\MALWARE_PDF_PRE_04-2011_10982_files\\0cfb7f27a597551bd82c42513580d1cda2aee635'"
"0cef22da73ecf5054ee9160d75117b51e69d1186","malware","low_risk",40,False,79.68,"[Errno 22] Invalid argument: 'D:\\PDFSafe\\Testing Folders\\Testing Folders\\MALWARE_PDF_PRE_04-2011_10982_files\\0cef22da73ecf5054ee9160d75117b51e69d1186'"
"0d008924a63fa8612685c78a88c2b499d307fca9","malware","low_risk",40,False,57.19,"[Errno 22] Invalid argument: 'D:\\PDFSafe\\Testing Folders\\Testing Folders\\MALWARE_PDF_PRE_04-2011_10982_files\\0d008924a63fa8612685c78a88c2b499d307fca9'"
"0d20984290f080d185db54936df47b730ee85e10","malware","clean",0,False,61.60,""
"0d0bf656df39d3dd77affe6f7eab85cc684d74c6","malware","low_risk",40,False,95.45,"[Errno 22] Invalid argument: 'D:\\PDFSafe\\Testing Folders\\Testing Folders\\MALWARE_PDF_PRE_04-2011_10982_files\\0d0bf656df39d3dd77affe6f7eab85cc684d74c6'"
"0d2678223206814b722f03042705056d417dce35","malware","low_risk",40,False,38.38,"[Errno 22] Invalid argument: 'D:\\PDFSafe\\Testing Folders\\Testing Folders\\MALWARE_PDF_PRE_04-2011_10982_files\\0d2678223206814b722f03042705056d417dce35'"
"0d20b3e5e10f133e7d0335f708175390793eaf19","malware","low_risk",40,False,46.03,"[Errno 22] Invalid argument: 'D:\\PDFSafe\\Testing Folders\\Testing Folders\\MALWARE_PDF_PRE_04-2011_10982_files\\0d20b3e5e10f133e7d0335f708175390793eaf19'"
"0d2aa89f551567437aadf9539068a767def6c931","malware","low_risk",40,False,36.32,"[Errno 22] Invalid argument: 'D:\\PDFSafe\\Testing Folders\\Testing Folders\\MALWARE_PDF_PRE_04-2011_10982_files\\0d2aa89f551567437aadf9539068a767def6c931'"
"0d2df520834f9d91e8f051f373f3a976b7a9a8f7","malware","low_risk",40,False,41.40,"[Errno 22] Invalid argument: 'D:\\PDFSafe\\Testing Folders\\Testing Folders\\MALWARE_PDF_PRE_04-2011_10982_files\\0d2df520834f9d91e8f051f373f3a976b7a9a8f7'"
"0d2bef1daca092cabdc1661938037a8dad21b1ad","malware","low_risk",40,False,50.41,"[Errno 22] Invalid argument: 'D:\\PDFSafe\\Testing Folders\\Testing Folders\\MALWARE_PDF_PRE_04-2011_10982_files\\0d2bef1daca092cabdc1661938037a8dad21b1ad'"
"0d310f7c5d87d71a3e745cf59d2057d5fde92e43","malware","low_risk",40,False,29.90,"[Errno 22] Invalid argument: 'D:\\PDFSafe\\Testing Folders\\Testing Folders\\MALWARE_PDF_PRE_04-2011_10982_files\\0d310f7c5d87d71a3e745cf59d2057d5fde92e43'"
"0d3fb648fb8ef4cf184a764233edcb5f02402ccd","malware","low_risk",40,False,14.76,"[Errno 22] Invalid argument: 'D:\\PDFSafe\\Testing Folders\\Testing Folders\\MALWARE_PDF_PRE_04-2011_10982_files\\0d3fb648fb8ef4cf184a764233edcb5f02402ccd'"
"0d36b3ab8b9d781b44e67f2e402d480c8cda41a3","malware","low_risk",40,False,33.63,"[Errno 22] Invalid argument: 'D:\\PDFSafe\\Testing Folders\\Testing Folders\\MALWARE_PDF_PRE_04-2011_10982_files\\0d36b3ab8b9d781b44e67f2e402d480c8cda41a3'"
"0d3db526af1f3908b5eac65e424c349db4f06a6b","malware","low_risk",40,False,36.78,"[Errno 22] Invalid argument: 'D:\\PDFSafe\\Testing Folders\\Testing Folders\\MALWARE_PDF_PRE_04-2011_10982_files\\0d3db526af1f3908b5eac65e424c349db4f06a6b'"
"0d4339878a7d83548b928b960c35d11fc893c74d","malware","low_risk",40,False,12.84,"[Errno 22] Invalid argument: 'D:\\PDFSafe\\Testing Folders\\Testing Folders\\MALWARE_PDF_PRE_04-2011_10982_files\\0d4339878a7d83548b928b960c35d11fc893c74d'"
"0d5c0bcc09cd24d636b982d66521169ca2e079c4","malware","low_risk",40,False,18.92,"[Errno 22] Invalid argument: 'D:\\PDFSafe\\Testing Folders\\Testing Folders\\MALWARE_PDF_PRE_04-2011_10982_files\\0d5c0bcc09cd24d636b982d66521169ca2e079c4'"
"0d543eb2d822524c0f04e24d6cc33e8a7b612cfc","malware","low_risk",40,False,48.75,"[Errno 22] Invalid argument: 'D:\\PDFSafe\\Testing Folders\\Testing Folders\\MALWARE_PDF_PRE_04-2011_10982_files\\0d543eb2d822524c0f04e24d6cc33e8a7b612cfc'"
"0d55ea2fd13d45f96c324beb910816e2e23b6d09","malware","low_risk",40,False,37.77,"[Errno 22] Invalid argument: 'D:\\PDFSafe\\Testing Folders\\Testing Folders\\MALWARE_PDF_PRE_04-2011_10982_files\\0d55ea2fd13d45f96c324beb910816e2e23b6d09'"
"0cba6cf1ecbdeac9dc918c5b34ef056c6df00a3f","malware","low_risk",40,False,757.03,""
"0d6178d9f91d70271fd42841ca09886b4a3cbf6c","malware","low_risk",40,False,60.71,"[Errno 22] Invalid argument: 'D:\\PDFSafe\\Testing Folders\\Testing Folders\\MALWARE_PDF_PRE_04-2011_10982_files\\0d6178d9f91d70271fd42841ca09886b4a3cbf6c'"
"0d686bee9e1c8bf8b5b3800308f334015bf538f0","malware","low_risk",40,False,47.59,"[Errno 22] Invalid argument: 'D:\\PDFSafe\\Testing Folders\\Testing Folders\\MALWARE_PDF_PRE_04-2011_10982_files\\0d686bee9e1c8bf8b5b3800308f334015bf538f0'"
"0d7e5dc1b7c7d6b70516e32ee3c58622185791b5","malware","low_risk",40,False,32.30,"[Errno 22] Invalid argument: 'D:\\PDFSafe\\Testing Folders\\Testing Folders\\MALWARE_PDF_PRE_04-2011_10982_files\\0d7e5dc1b7c7d6b70516e32ee3c58622185791b5'"
"0d73bc6d6deedffa8a8f73597e9b84413ef0d1d1","malware","low_risk",40,False,63.32,"[Errno 22] Invalid argument: 'D:\\PDFSafe\\Testing Folders\\Testing Folders\\MALWARE_PDF_PRE_04-2011_10982_files\\0d73bc6d6deedffa8a8f73597e9b84413ef0d1d1'"
"0d8233ea482eaeba697c53fe67da8122be67c997","malware","low_risk",40,False,30.59,"[Errno 22] Invalid argument: 'D:\\PDFSafe\\Testing Folders\\Testing Folders\\MALWARE_PDF_PRE_04-2011_10982_files\\0d8233ea482eaeba697c53fe67da8122be67c997'"
"0d89cd67c21cf0e5922f33cb9a324b3d97f91056","malware","low_risk",40,False,32.67,"[Errno 22] Invalid argument: 'D:\\PDFSafe\\Testing Folders\\Testing Folders\\MALWARE_PDF_PRE_04-2011_10982_files\\0d89cd67c21cf0e5922f33cb9a324b3d97f91056'"
"0d8c93a3bc2b42df0e6b62f93c66c4d238014236","malware","low_risk",40,False,28.76,"[Errno 22] Invalid argument: 'D:\\PDFSafe\\Testing Folders\\Testing Folders\\MALWARE_PDF_PRE_04-2011_10982_files\\0d8c93a3bc2b42df0e6b62f93c66c4d238014236'"
"0d8cd7675f3b550499b76d5bb0512f396145a685","malware","low_risk",40,False,31.15,"[Errno 22] Invalid argument: 'D:\\PDFSafe\\Testing Folders\\Testing Folders\\MALWARE_PDF_PRE_04-2011_10982_files\\0d8cd7675f3b550499b76d5bb0512f396145a685'"
"0d91613db3843db6386266bfc912b6c2508fc0fa","malware","low_risk",40,False,34.35,"[Errno 22] Invalid argument: 'D:\\PDFSafe\\Testing Folders\\Testing Folders\\MALWARE_PDF_PRE_04-2011_10982_files\\0d91613db3843db6386266bfc912b6c2508fc0fa'"
"0da81d8014778a0d49de5abcab882c7072571e50","malware","low_risk",40,False,33.63,"[Errno 22] Invalid argument: 'D:\\PDFSafe\\Testing Folders\\Testing Folders\\MALWARE_PDF_PRE_04-2011_10982_files\\0da81d8014778a0d49de5abcab882c7072571e50'"
"0daa1d54a2a2ec3457f628b77ec8bd1aa2b89c2e","malware","low_risk",40,False,28.78,"[Errno 22] Invalid argument: 'D:\\PDFSafe\\Testing Folders\\Testing Folders\\MALWARE_PDF_PRE_04-2011_10982_files\\0daa1d54a2a2ec3457f628b77ec8bd1aa2b89c2e'"
"0da8729add2579db43f0a42e8a4685b316d0c3ff","malware","malicious",97,True,47.80,""
"0dac1833a690ff78a49016d4d036312864ef06e8","malware","low_risk",40,False,37.09,"[Errno 22] Invalid argument: 'D:\\PDFSafe\\Testing Folders\\Testing Folders\\MALWARE_PDF_PRE_04-2011_10982_files\\0dac1833a690ff78a49016d4d036312864ef06e8'"
"0dc25b696030ff5318b02c70e5b1d2a17b9ca1d8","malware","low_risk",40,False,22.48,"[Errno 22] Invalid argument: 'D:\\PDFSafe\\Testing Folders\\Testing Folders\\MALWARE_PDF_PRE_04-2011_10982_files\\0dc25b696030ff5318b02c70e5b1d2a17b9ca1d8'"
"0dbe7187743281b4fc676a19efdc778d6a273a72","malware","low_risk",40,False,43.42,"[Errno 22] Invalid argument: 'D:\\PDFSafe\\Testing Folders\\Testing Folders\\MALWARE_PDF_PRE_04-2011_10982_files\\0dbe7187743281b4fc676a19efdc778d6a273a72'"
"0dd0296f113ce761a0e19d6574e51f88a1e87ecd","malware","low_risk",40,False,32.49,"[Errno 22] Invalid argument: 'D:\\PDFSafe\\Testing Folders\\Testing Folders\\MALWARE_PDF_PRE_04-2011_10982_files\\0dd0296f113ce761a0e19d6574e51f88a1e87ecd'"
"0dd0ea5db65536697e8b26783462b64ce88a90f1","malware","low_risk",40,False,32.75,"[Errno 22] Invalid argument: 'D:\\PDFSafe\\Testing Folders\\Testing Folders\\MALWARE_PDF_PRE_04-2011_10982_files\\0dd0ea5db65536697e8b26783462b64ce88a90f1'"
"0dce47fc787bf43a293c623e8855d1f40677037d","malware","low_risk",40,False,60.60,"[Errno 22] Invalid argument: 'D:\\PDFSafe\\Testing Folders\\Testing Folders\\MALWARE_PDF_PRE_04-2011_10982_files\\0dce47fc787bf43a293c623e8855d1f40677037d'"
"0dd8093645e72ec1d20ba0c95c4c430185c43cae","malware","low_risk",40,False,25.23,"[Errno 22] Invalid argument: 'D:\\PDFSafe\\Testing Folders\\Testing Folders\\MALWARE_PDF_PRE_04-2011_10982_files\\0dd8093645e72ec1d20ba0c95c4c430185c43cae'"
"0dd6dcf3f61dabd7c82c8ce779b01ba56be62d7c","malware","low_risk",40,False,49.67,"[Errno 22] Invalid argument: 'D:\\PDFSafe\\Testing Folders\\Testing Folders\\MALWARE_PDF_PRE_04-2011_10982_files\\0dd6dcf3f61dabd7c82c8ce779b01ba56be62d7c'"
"0de6b47f7342ad50e6c76d0b1fece5c458e532e4","malware","low_risk",40,False,15.95,"[Errno 22] Invalid argument: 'D:\\PDFSafe\\Testing Folders\\Testing Folders\\MALWARE_PDF_PRE_04-2011_10982_files\\0de6b47f7342ad50e6c76d0b1fece5c458e532e4'"
"0dddb34c8fb1328f86c18ecc01f28d49999da057","malware","low_risk",40,False,31.31,"[Errno 22] Invalid argument: 'D:\\PDFSafe\\Testing Folders\\Testing Folders\\MALWARE_PDF_PRE_04-2011_10982_files\\0dddb34c8fb1328f86c18ecc01f28d49999da057'"
"0ddb724491056771cfeb61e455ca649b82c65f03","malware","low_risk",40,False,52.71,"[Errno 22] Invalid argument: 'D:\\PDFSafe\\Testing Folders\\Testing Folders\\MALWARE_PDF_PRE_04-2011_10982_files\\0ddb724491056771cfeb61e455ca649b82c65f03'"
"0df027d5de4875ad33cca53fb36c28e1cbd38204","malware","low_risk",40,False,13.29,"[Errno 22] Invalid argument: 'D:\\PDFSafe\\Testing Folders\\Testing Folders\\MALWARE_PDF_PRE_04-2011_10982_files\\0df027d5de4875ad33cca53fb36c28e1cbd38204'"
"0de6f337c4c1d6bdec3af9c1fc8c060945d66a21","malware","low_risk",40,False,43.70,"[Errno 22] Invalid argument: 'D:\\PDFSafe\\Testing Folders\\Testing Folders\\MALWARE_PDF_PRE_04-2011_10982_files\\0de6f337c4c1d6bdec3af9c1fc8c060945d66a21'"
"0df7301c22d905acfc4977647aa0297de0a40d64","malware","low_risk",40,False,34.63,"[Errno 22] Invalid argument: 'D:\\PDFSafe\\Testing Folders\\Testing Folders\\MALWARE_PDF_PRE_04-2011_10982_files\\0df7301c22d905acfc4977647aa0297de0a40d64'"
"0e0099a6a9ae66910cd877493d4f4628d670de79","malware","low_risk",40,False,28.09,"[Errno 22] Invalid argument: 'D:\\PDFSafe\\Testing Folders\\Testing Folders\\MALWARE_PDF_PRE_04-2011_10982_files\\0e0099a6a9ae66910cd877493d4f4628d670de79'"
"0e0054f19759e7c5df153d1396c8e9918e141a6f","malware","low_risk",40,False,34.83,"[Errno 22] Invalid argument: 'D:\\PDFSafe\\Testing Folders\\Testing Folders\\MALWARE_PDF_PRE_04-2011_10982_files\\0e0054f19759e7c5df153d1396c8e9918e141a6f'"
"0e0988e0212db787f183487dd36aef82ddaa28a2","malware","low_risk",40,False,22.51,"[Errno 22] Invalid argument: 'D:\\PDFSafe\\Testing Folders\\Testing Folders\\MALWARE_PDF_PRE_04-2011_10982_files\\0e0988e0212db787f183487dd36aef82ddaa28a2'"
"0e02e41f85e2fa8f848e82e75e73f154a2ae6169","malware","low_risk",40,False,32.96,"[Errno 22] Invalid argument: 'D:\\PDFSafe\\Testing Folders\\Testing Folders\\MALWARE_PDF_PRE_04-2011_10982_files\\0e02e41f85e2fa8f848e82e75e73f154a2ae6169'"
"0e144bc13f173518afd30000be4c3f4d66e24adb","malware","low_risk",40,False,32.79,"[Errno 22] Invalid argument: 'D:\\PDFSafe\\Testing Folders\\Testing Folders\\MALWARE_PDF_PRE_04-2011_10982_files\\0e144bc13f173518afd30000be4c3f4d66e24adb'"
"0e01f9653c88f7fcce6f939d257f5ec2b0d0192f","malware","low_risk",40,False,61.51,"[Errno 22] Invalid argument: 'D:\\PDFSafe\\Testing Folders\\Testing Folders\\MALWARE_PDF_PRE_04-2011_10982_files\\0e01f9653c88f7fcce6f939d257f5ec2b0d0192f'"
"0e18fd019a362f9575779905c13c57c5de6789e0","malware","low_risk",40,False,44.28,"[Errno 22] Invalid argument: 'D:\\PDFSafe\\Testing Folders\\Testing Folders\\MALWARE_PDF_PRE_04-2011_10982_files\\0e18fd019a362f9575779905c13c57c5de6789e0'"
"0e36f7f94057ca4ba5afb28fb464bd82556d7000","malware","low_risk",40,False,30.15,"[Errno 22] Invalid argument: 'D:\\PDFSafe\\Testing Folders\\Testing Folders\\MALWARE_PDF_PRE_04-2011_10982_files\\0e36f7f94057ca4ba5afb28fb464bd82556d7000'"
"0e2c889d4340df250b47deb4c0772487e877609c","malware","low_risk",40,False,49.78,"[Errno 22] Invalid argument: 'D:\\PDFSafe\\Testing Folders\\Testing Folders\\MALWARE_PDF_PRE_04-2011_10982_files\\0e2c889d4340df250b47deb4c0772487e877609c'"
"0e3d9733610d108c347370f4b715323c55a072f5","malware","low_risk",40,False,30.41,"[Errno 22] Invalid argument: 'D:\\PDFSafe\\Testing Folders\\Testing Folders\\MALWARE_PDF_PRE_04-2011_10982_files\\0e3d9733610d108c347370f4b715323c55a072f5'"
"0e4499970d32914fb1fed68027e143054d73b13e","malware","low_risk",40,False,36.14,"[Errno 22] Invalid argument: 'D:\\PDFSafe\\Testing Folders\\Testing Folders\\MALWARE_PDF_PRE_04-2011_10982_files\\0e4499970d32914fb1fed68027e143054d73b13e'"
"0e49e2a81759bb4c5103d587661915f790a1121f","malware","low_risk",40,False,25.73,"[Errno 22] Invalid argument: 'D:\\PDFSafe\\Testing Folders\\Testing Folders\\MALWARE_PDF_PRE_04-2011_10982_files\\0e49e2a81759bb4c5103d587661915f790a1121f'"
"0e4867337749d5c62464a8975cb62343dd5eb121","malware","low_risk",40,False,32.25,"[Errno 22] Invalid argument: 'D:\\PDFSafe\\Testing Folders\\Testing Folders\\MALWARE_PDF_PRE_04-2011_10982_files\\0e4867337749d5c62464a8975cb62343dd5eb121'"
"0e505c4aec93c3abda35d9be83a108df0da8272b","malware","low_risk",40,False,12.75,"[Errno 22] Invalid argument: 'D:\\PDFSafe\\Testing Folders\\Testing Folders\\MALWARE_PDF_PRE_04-2011_10982_files\\0e505c4aec93c3abda35d9be83a108df0da8272b'"
"0e4dc0deb773b5227d3ab6a5b354597a07d6acae","malware","low_risk",40,False,43.73,"[Errno 22] Invalid argument: 'D:\\PDFSafe\\Testing Folders\\Testing Folders\\MALWARE_PDF_PRE_04-2011_10982_files\\0e4dc0deb773b5227d3ab6a5b354597a07d6acae'"
"0e5fec7de52e0b117c9d6da33c60644b99473b67","malware","low_risk",40,False,31.30,"[Errno 22] Invalid argument: 'D:\\PDFSafe\\Testing Folders\\Testing Folders\\MALWARE_PDF_PRE_04-2011_10982_files\\0e5fec7de52e0b117c9d6da33c60644b99473b67'"
"0e57e3bbf7e23820597e950c01c5c8adef606e88","malware","malicious",90,True,49.72,""
"0e42a1704541218bb719de1079bfd1f83b7ef58a","malware","low_risk",40,False,104.70,"[Errno 22] Invalid argument: 'D:\\PDFSafe\\Testing Folders\\Testing Folders\\MALWARE_PDF_PRE_04-2011_10982_files\\0e42a1704541218bb719de1079bfd1f83b7ef58a'"
"0e7b86cf220deba0819b3868d901424e6fe580e2","malware","low_risk",40,False,46.68,"[Errno 22] Invalid argument: 'D:\\PDFSafe\\Testing Folders\\Testing Folders\\MALWARE_PDF_PRE_04-2011_10982_files\\0e7b86cf220deba0819b3868d901424e6fe580e2'"
"0e7cb0957f35eb432ca78d0f434091c3f69f44c3","malware","low_risk",40,False,35.87,"[Errno 22] Invalid argument: 'D:\\PDFSafe\\Testing Folders\\Testing Folders\\MALWARE_PDF_PRE_04-2011_10982_files\\0e7cb0957f35eb432ca78d0f434091c3f69f44c3'"
"0e610790992de403c0d296214a9e963eb604fac4","malware","malicious",96,True,52.51,""
"0e81203122b108f1d729a4b5bf7aa8c7bf7bcb1f","malware","low_risk",40,False,68.25,"[Errno 22] Invalid argument: 'D:\\PDFSafe\\Testing Folders\\Testing Folders\\MALWARE_PDF_PRE_04-2011_10982_files\\0e81203122b108f1d729a4b5bf7aa8c7bf7bcb1f'"
"0e89becf87b5aa7b68f1e463f47620de3995b1ee","malware","low_risk",40,False,39.16,"[Errno 22] Invalid argument: 'D:\\PDFSafe\\Testing Folders\\Testing Folders\\MALWARE_PDF_PRE_04-2011_10982_files\\0e89becf87b5aa7b68f1e463f47620de3995b1ee'"
"0e8704d5f497958a9d3a408ff35ea422e6548087","malware","low_risk",40,False,41.15,"[Errno 22] Invalid argument: 'D:\\PDFSafe\\Testing Folders\\Testing Folders\\MALWARE_PDF_PRE_04-2011_10982_files\\0e8704d5f497958a9d3a408ff35ea422e6548087'"
"0e94f662c659d2fefd160e0be49b8673812be9a5","malware","low_risk",40,False,31.03,"[Errno 22] Invalid argument: 'D:\\PDFSafe\\Testing Folders\\Testing Folders\\MALWARE_PDF_PRE_04-2011_10982_files\\0e94f662c659d2fefd160e0be49b8673812be9a5'"
"0e8b7e970b4307f01ee61ba3f40a8527f09c65e7","malware","low_risk",40,False,34.94,"[Errno 22] Invalid argument: 'D:\\PDFSafe\\Testing Folders\\Testing Folders\\MALWARE_PDF_PRE_04-2011_10982_files\\0e8b7e970b4307f01ee61ba3f40a8527f09c65e7'"
"0e8e0a74b546c111ff977bbd48f04e35fcdc25c2","malware","low_risk",40,False,52.49,"[Errno 22] Invalid argument: 'D:\\PDFSafe\\Testing Folders\\Testing Folders\\MALWARE_PDF_PRE_04-2011_10982_files\\0e8e0a74b546c111ff977bbd48f04e35fcdc25c2'"
"0e88cb05909965d3485dbb5d91811075a818d8da","malware","low_risk",40,False,97.94,"[Errno 22] Invalid argument: 'D:\\PDFSafe\\Testing Folders\\Testing Folders\\MALWARE_PDF_PRE_04-2011_10982_files\\0e88cb05909965d3485dbb5d91811075a818d8da'"
"0eb72b907e070c87d553ed133143895334d17873","malware","low_risk",40,False,26.87,"[Errno 22] Invalid argument: 'D:\\PDFSafe\\Testing Folders\\Testing Folders\\MALWARE_PDF_PRE_04-2011_10982_files\\0eb72b907e070c87d553ed133143895334d17873'"
"0eb20dd0e3fff31f569dca51c0e4ea25b8efc784","malware","low_risk",40,False,33.58,"[Errno 22] Invalid argument: 'D:\\PDFSafe\\Testing Folders\\Testing Folders\\MALWARE_PDF_PRE_04-2011_10982_files\\0eb20dd0e3fff31f569dca51c0e4ea25b8efc784'"
"0eba9d71a39e9f145a40a0cfcff1d5ff78446f1b","malware","low_risk",40,False,29.19,"[Errno 22] Invalid argument: 'D:\\PDFSafe\\Testing Folders\\Testing Folders\\MALWARE_PDF_PRE_04-2011_10982_files\\0eba9d71a39e9f145a40a0cfcff1d5ff78446f1b'"
"0ec993460692e26ee43dd05894d15cd2b06fdf9a","malware","low_risk",40,False,22.00,"[Errno 22] Invalid argument: 'D:\\PDFSafe\\Testing Folders\\Testing Folders\\MALWARE_PDF_PRE_04-2011_10982_files\\0ec993460692e26ee43dd05894d15cd2b06fdf9a'"
"0ec4f01ce5f61e1c80532c416ba524ee633573d1","malware","low_risk",40,False,33.77,"[Errno 22] Invalid argument: 'D:\\PDFSafe\\Testing Folders\\Testing Folders\\MALWARE_PDF_PRE_04-2011_10982_files\\0ec4f01ce5f61e1c80532c416ba524ee633573d1'"
"0ed0897452cfbcd1d4d0a525266f7685597e474e","malware","low_risk",40,False,13.81,"[Errno 22] Invalid argument: 'D:\\PDFSafe\\Testing Folders\\Testing Folders\\MALWARE_PDF_PRE_04-2011_10982_files\\0ed0897452cfbcd1d4d0a525266f7685597e474e'"
"0edc082a4d58b7f1637c522d39a597ee020eee0a","malware","low_risk",40,False,27.81,"[Errno 22] Invalid argument: 'D:\\PDFSafe\\Testing Folders\\Testing Folders\\MALWARE_PDF_PRE_04-2011_10982_files\\0edc082a4d58b7f1637c522d39a597ee020eee0a'"
"0edebf68880a436e4205cfe7c1bcf8b70005b083","malware","low_risk",40,False,30.34,"[Errno 22] Invalid argument: 'D:\\PDFSafe\\Testing Folders\\Testing Folders\\MALWARE_PDF_PRE_04-2011_10982_files\\0edebf68880a436e4205cfe7c1bcf8b70005b083'"
"0eddb30b2c2827feafe9a006cc4e493de8a0f9cc","malware","low_risk",40,False,32.33,"[Errno 22] Invalid argument: 'D:\\PDFSafe\\Testing Folders\\Testing Folders\\MALWARE_PDF_PRE_04-2011_10982_files\\0eddb30b2c2827feafe9a006cc4e493de8a0f9cc'"
"0ee97281f83b57966f73339cdfe92b70d807d76b","malware","low_risk",40,False,33.13,"[Errno 22] Invalid argument: 'D:\\PDFSafe\\Testing Folders\\Testing Folders\\MALWARE_PDF_PRE_04-2011_10982_files\\0ee97281f83b57966f73339cdfe92b70d807d76b'"
"0ebf05bd76b7667a987695112186805ef7c90c2b","malware","low_risk",40,False,291.96,"[Errno 22] Invalid argument: 'D:\\PDFSafe\\Testing Folders\\Testing Folders\\MALWARE_PDF_PRE_04-2011_10982_files\\0ebf05bd76b7667a987695112186805ef7c90c2b'"
"0eee801ef030b9e5b917f7d16410f620b3f6841a","malware","low_risk",40,False,73.90,"[Errno 22] Invalid argument: 'D:\\PDFSafe\\Testing Folders\\Testing Folders\\MALWARE_PDF_PRE_04-2011_10982_files\\0eee801ef030b9e5b917f7d16410f620b3f6841a'"
"0eed3b32b894e6b1e17b01f70374a1b95e926d78","malware","low_risk",40,False,437.48,"[Errno 22] Invalid argument: 'D:\\PDFSafe\\Testing Folders\\Testing Folders\\MALWARE_PDF_PRE_04-2011_10982_files\\0eed3b32b894e6b1e17b01f70374a1b95e926d78'"
"0efbdb436ea149acfba8bb2791eaf9adf46e46db","malware","low_risk",40,False,39.87,"[Errno 22] Invalid argument: 'D:\\PDFSafe\\Testing Folders\\Testing Folders\\MALWARE_PDF_PRE_04-2011_10982_files\\0efbdb436ea149acfba8bb2791eaf9adf46e46db'"
"0eeda8fde14a78cd78d2045651ff2bd4485def42","malware","low_risk",40,False,555.01,"[Errno 22] Invalid argument: 'D:\\PDFSafe\\Testing Folders\\Testing Folders\\MALWARE_PDF_PRE_04-2011_10982_files\\0eeda8fde14a78cd78d2045651ff2bd4485def42'"
"0ee7962850e1589a26352d1ea72eabfb9b08933b","malware","low_risk",40,False,706.34,"[Errno 22] Invalid argument: 'D:\\PDFSafe\\Testing Folders\\Testing Folders\\MALWARE_PDF_PRE_04-2011_10982_files\\0ee7962850e1589a26352d1ea72eabfb9b08933b'"
"0efdcfcf54387626aff7b50e2519ab0313031a63","malware","low_risk",40,False,71.23,"[Errno 22] Invalid argument: 'D:\\PDFSafe\\Testing Folders\\Testing Folders\\MALWARE_PDF_PRE_04-2011_10982_files\\0efdcfcf54387626aff7b50e2519ab0313031a63'"
"0f01c22f927525238980b8c6749991cdf3cc86c5","malware","low_risk",40,False,77.48,"[Errno 22] Invalid argument: 'D:\\PDFSafe\\Testing Folders\\Testing Folders\\MALWARE_PDF_PRE_04-2011_10982_files\\0f01c22f927525238980b8c6749991cdf3cc86c5'"
"0efa90a0c4cbba31768d7394398ec7fb56f869e0","malware","low_risk",40,False,580.37,"[Errno 22] Invalid argument: 'D:\\PDFSafe\\Testing Folders\\Testing Folders\\MALWARE_PDF_PRE_04-2011_10982_files\\0efa90a0c4cbba31768d7394398ec7fb56f869e0'"
"0f04f58c92cd9a637416f37ac6a93b3ad1bcc57a","malware","low_risk",40,False,62.69,"[Errno 22] Invalid argument: 'D:\\PDFSafe\\Testing Folders\\Testing Folders\\MALWARE_PDF_PRE_04-2011_10982_files\\0f04f58c92cd9a637416f37ac6a93b3ad1bcc57a'"
"0f081af5a6670a04cadb6a56693735e2426a3576","malware","low_risk",40,False,41.22,"[Errno 22] Invalid argument: 'D:\\PDFSafe\\Testing Folders\\Testing Folders\\MALWARE_PDF_PRE_04-2011_10982_files\\0f081af5a6670a04cadb6a56693735e2426a3576'"
"0f0b55ccb0ba5cd54eb22856f3d63bce47983513","malware","low_risk",40,False,29.32,"[Errno 22] Invalid argument: 'D:\\PDFSafe\\Testing Folders\\Testing Folders\\MALWARE_PDF_PRE_04-2011_10982_files\\0f0b55ccb0ba5cd54eb22856f3d63bce47983513'"
"0f2d79cd74faba5fed6d80cd13709b01bc78aee6","malware","low_risk",40,False,53.31,"[Errno 22] Invalid argument: 'D:\\PDFSafe\\Testing Folders\\Testing Folders\\MALWARE_PDF_PRE_04-2011_10982_files\\0f2d79cd74faba5fed6d80cd13709b01bc78aee6'"
"0f2eb6bbaccfecc4d569259fa2bb9189c7ac44ec","malware","low_risk",40,False,36.19,"[Errno 22] Invalid argument: 'D:\\PDFSafe\\Testing Folders\\Testing Folders\\MALWARE_PDF_PRE_04-2011_10982_files\\0f2eb6bbaccfecc4d569259fa2bb9189c7ac44ec'"
"0f309d225b0896a0e9c8e24505e901ee586cecdb","malware","low_risk",40,False,19.70,"[Errno 22] Invalid argument: 'D:\\PDFSafe\\Testing Folders\\Testing Folders\\MALWARE_PDF_PRE_04-2011_10982_files\\0f309d225b0896a0e9c8e24505e901ee586cecdb'"
"0efc38ac6df5f97d1909aaea2c8b79898d169292","malware","low_risk",40,False,585.91,"[Errno 22] Invalid argument: 'D:\\PDFSafe\\Testing Folders\\Testing Folders\\MALWARE_PDF_PRE_04-2011_10982_files\\0efc38ac6df5f97d1909aaea2c8b79898d169292'"
"0f38ee3b5b1d5a372a1ced4948df6a5710ec0536","malware","low_risk",40,False,116.97,"[Errno 22] Invalid argument: 'D:\\PDFSafe\\Testing Folders\\Testing Folders\\MALWARE_PDF_PRE_04-2011_10982_files\\0f38ee3b5b1d5a372a1ced4948df6a5710ec0536'"
"0f34857030193f3b29fa8bcbf1dd3cd37ab5a291","malware","low_risk",40,False,148.18,"[Errno 22] Invalid argument: 'D:\\PDFSafe\\Testing Folders\\Testing Folders\\MALWARE_PDF_PRE_04-2011_10982_files\\0f34857030193f3b29fa8bcbf1dd3cd37ab5a291'"
"0f426192a1393605ca82778ba6b36a15f28d7523","malware","low_risk",40,False,103.49,"[Errno 22] Invalid argument: 'D:\\PDFSafe\\Testing Folders\\Testing Folders\\MALWARE_PDF_PRE_04-2011_10982_files\\0f426192a1393605ca82778ba6b36a15f28d7523'"
"0f5146f652f8b52876c2f3f71531bab6724534eb","malware","low_risk",40,False,64.71,"[Errno 22] Invalid argument: 'D:\\PDFSafe\\Testing Folders\\Testing Folders\\MALWARE_PDF_PRE_04-2011_10982_files\\0f5146f652f8b52876c2f3f71531bab6724534eb'"
"0f526af731d561ecea5f8d1e6b2398493c165c07","malware","low_risk",40,False,68.57,"[Errno 22] Invalid argument: 'D:\\PDFSafe\\Testing Folders\\Testing Folders\\MALWARE_PDF_PRE_04-2011_10982_files\\0f526af731d561ecea5f8d1e6b2398493c165c07'"
"0f53d2ed9f265f903898d0b30479a5b24eac12b9","malware","low_risk",40,False,93.14,"[Errno 22] Invalid argument: 'D:\\PDFSafe\\Testing Folders\\Testing Folders\\MALWARE_PDF_PRE_04-2011_10982_files\\0f53d2ed9f265f903898d0b30479a5b24eac12b9'"
"0efca07daf5e2cd530900e0a4d4b594fb77b31fd","malware","low_risk",40,False,681.38,"[Errno 22] Invalid argument: 'D:\\PDFSafe\\Testing Folders\\Testing Folders\\MALWARE_PDF_PRE_04-2011_10982_files\\0efca07daf5e2cd530900e0a4d4b594fb77b31fd'"
"0f556285d504f70088217100bff3a14b0f5bf9f4","malware","low_risk",40,False,83.34,"[Errno 22] Invalid argument: 'D:\\PDFSafe\\Testing Folders\\Testing Folders\\MALWARE_PDF_PRE_04-2011_10982_files\\0f556285d504f70088217100bff3a14b0f5bf9f4'"
"0f60daa7a5484cb730dc9340ed8ae23ddd28e1e8","malware","low_risk",40,False,80.99,"[Errno 22] Invalid argument: 'D:\\PDFSafe\\Testing Folders\\Testing Folders\\MALWARE_PDF_PRE_04-2011_10982_files\\0f60daa7a5484cb730dc9340ed8ae23ddd28e1e8'"
"0f66dd2e2790b0fffc8f7fcb2974537e14dae782","malware","low_risk",40,False,79.79,"[Errno 22] Invalid argument: 'D:\\PDFSafe\\Testing Folders\\Testing Folders\\MALWARE_PDF_PRE_04-2011_10982_files\\0f66dd2e2790b0fffc8f7fcb2974537e14dae782'"
"0f54731b8d77899252ef1d1d4e901ff595a637d6","malware","low_risk",40,False,169.20,"[Errno 22] Invalid argument: 'D:\\PDFSafe\\Testing Folders\\Testing Folders\\MALWARE_PDF_PRE_04-2011_10982_files\\0f54731b8d77899252ef1d1d4e901ff595a637d6'"
"0f5f336c3e941095061aafa16acac89936412266","malware","low_risk",40,False,123.73,"[Errno 22] Invalid argument: 'D:\\PDFSafe\\Testing Folders\\Testing Folders\\MALWARE_PDF_PRE_04-2011_10982_files\\0f5f336c3e941095061aafa16acac89936412266'"
"0f73e1ef6584e3dbaddce5d2248fec010dcbc591","malware","low_risk",40,False,93.00,"[Errno 22] Invalid argument: 'D:\\PDFSafe\\Testing Folders\\Testing Folders\\MALWARE_PDF_PRE_04-2011_10982_files\\0f73e1ef6584e3dbaddce5d2248fec010dcbc591'"
"0f7ae675689227ca813292f23832706953b75d54","malware","low_risk",40,False,87.10,"[Errno 22] Invalid argument: 'D:\\PDFSafe\\Testing Folders\\Testing Folders\\MALWARE_PDF_PRE_04-2011_10982_files\\0f7ae675689227ca813292f23832706953b75d54'"
"0f93fd11cfdbd1bebc54b5441d4acee3a70b8e24","malware","malicious",97,True,58.74,""
"0f916ac0460d204142bd9cad6b3f8087971a54e9","malware","low_risk",40,False,109.63,"[Errno 22] Invalid argument: 'D:\\PDFSafe\\Testing Folders\\Testing Folders\\MALWARE_PDF_PRE_04-2011_10982_files\\0f916ac0460d204142bd9cad6b3f8087971a54e9'"
"0f9626030014282b69af656208ed7280ed414e49","malware","low_risk",40,False,52.30,"[Errno 22] Invalid argument: 'D:\\PDFSafe\\Testing Folders\\Testing Folders\\MALWARE_PDF_PRE_04-2011_10982_files\\0f9626030014282b69af656208ed7280ed414e49'"
"0f97165b75713daf4a41c00b468c46746e0825d6","malware","low_risk",40,False,49.45,"[Errno 22] Invalid argument: 'D:\\PDFSafe\\Testing Folders\\Testing Folders\\MALWARE_PDF_PRE_04-2011_10982_files\\0f97165b75713daf4a41c00b468c46746e0825d6'"
"0f96e3323e43a97c9439c5809c6b554dc52ff40f","malware","low_risk",40,False,53.10,"[Errno 22] Invalid argument: 'D:\\PDFSafe\\Testing Folders\\Testing Folders\\MALWARE_PDF_PRE_04-2011_10982_files\\0f96e3323e43a97c9439c5809c6b554dc52ff40f'"
"0fa45963b8b62c6ed486148a9f307404827503cd","malware","low_risk",40,False,36.49,"[Errno 22] Invalid argument: 'D:\\PDFSafe\\Testing Folders\\Testing Folders\\MALWARE_PDF_PRE_04-2011_10982_files\\0fa45963b8b62c6ed486148a9f307404827503cd'"
"0fabac50e7e260228dba14e43af43d4063bb1146","malware","low_risk",40,False,38.26,"[Errno 22] Invalid argument: 'D:\\PDFSafe\\Testing Folders\\Testing Folders\\MALWARE_PDF_PRE_04-2011_10982_files\\0fabac50e7e260228dba14e43af43d4063bb1146'"
"0fa529cf227f5371de576bb800520a6185ed3194","malware","low_risk",40,False,41.23,"[Errno 22] Invalid argument: 'D:\\PDFSafe\\Testing Folders\\Testing Folders\\MALWARE_PDF_PRE_04-2011_10982_files\\0fa529cf227f5371de576bb800520a6185ed3194'"
"0fb55b332f871188624fdf8b69488f8819eb4a86","malware","low_risk",40,False,38.40,"[Errno 22] Invalid argument: 'D:\\PDFSafe\\Testing Folders\\Testing Folders\\MALWARE_PDF_PRE_04-2011_10982_files\\0fb55b332f871188624fdf8b69488f8819eb4a86'"
"0fb8cd25501f616bdcc94ef3eef5cbc949a48654","malware","low_risk",40,False,33.59,"[Errno 22] Invalid argument: 'D:\\PDFSafe\\Testing Folders\\Testing Folders\\MALWARE_PDF_PRE_04-2011_10982_files\\0fb8cd25501f616bdcc94ef3eef5cbc949a48654'"
"0fda5720f5c38cb160392333df09e3f8a60b1fb5","malware","low_risk",40,False,17.99,"[Errno 22] Invalid argument: 'D:\\PDFSafe\\Testing Folders\\Testing Folders\\MALWARE_PDF_PRE_04-2011_10982_files\\0fda5720f5c38cb160392333df09e3f8a60b1fb5'"
"0fd144591566e22fda6f90d6f230c0e4edb00897","malware","low_risk",40,False,32.75,"[Errno 22] Invalid argument: 'D:\\PDFSafe\\Testing Folders\\Testing Folders\\MALWARE_PDF_PRE_04-2011_10982_files\\0fd144591566e22fda6f90d6f230c0e4edb00897'"
"0fbb333d5c827136aec7fdf09a8c08e12f3d7b79","malware","low_risk",40,False,36.72,"[Errno 22] Invalid argument: 'D:\\PDFSafe\\Testing Folders\\Testing Folders\\MALWARE_PDF_PRE_04-2011_10982_files\\0fbb333d5c827136aec7fdf09a8c08e12f3d7b79'"
"0fc253e794c5e93e0743a24f8cb602caefbcf92f","malware","low_risk",40,False,40.35,"[Errno 22] Invalid argument: 'D:\\PDFSafe\\Testing Folders\\Testing Folders\\MALWARE_PDF_PRE_04-2011_10982_files\\0fc253e794c5e93e0743a24f8cb602caefbcf92f'"
"0fdd8fef5f703258abf9d963cea415fbc4095d91","malware","low_risk",40,False,18.58,"[Errno 22] Invalid argument: 'D:\\PDFSafe\\Testing Folders\\Testing Folders\\MALWARE_PDF_PRE_04-2011_10982_files\\0fdd8fef5f703258abf9d963cea415fbc4095d91'"
"0fe31f28e2d4d3af86f561be2aa66eecf8cd0cdf","malware","low_risk",40,False,21.20,"[Errno 22] Invalid argument: 'D:\\PDFSafe\\Testing Folders\\Testing Folders\\MALWARE_PDF_PRE_04-2011_10982_files\\0fe31f28e2d4d3af86f561be2aa66eecf8cd0cdf'"
"0fe22f7b2287b6689fa0c7dde545372555ea0b30","malware","low_risk",40,False,27.80,"[Errno 22] Invalid argument: 'D:\\PDFSafe\\Testing Folders\\Testing Folders\\MALWARE_PDF_PRE_04-2011_10982_files\\0fe22f7b2287b6689fa0c7dde545372555ea0b30'"
"0fea37cf26648230f01901d43ba2ab9975e9c5b5","malware","low_risk",40,False,48.69,"[Errno 22] Invalid argument: 'D:\\PDFSafe\\Testing Folders\\Testing Folders\\MALWARE_PDF_PRE_04-2011_10982_files\\0fea37cf26648230f01901d43ba2ab9975e9c5b5'"
"0fe79a79d5c5ced568d55c3771db23843edb5f94","malware","low_risk",40,False,50.95,"[Errno 22] Invalid argument: 'D:\\PDFSafe\\Testing Folders\\Testing Folders\\MALWARE_PDF_PRE_04-2011_10982_files\\0fe79a79d5c5ced568d55c3771db23843edb5f94'"
"0ff00c94300e4033240f6713ee0bc8a5558d3ba7","malware","low_risk",40,False,33.94,"[Errno 22] Invalid argument: 'D:\\PDFSafe\\Testing Folders\\Testing Folders\\MALWARE_PDF_PRE_04-2011_10982_files\\0ff00c94300e4033240f6713ee0bc8a5558d3ba7'"
"0fedc89e7243a9fef181a9a71390dc558f820ab2","malware","low_risk",40,False,61.64,"[Errno 22] Invalid argument: 'D:\\PDFSafe\\Testing Folders\\Testing Folders\\MALWARE_PDF_PRE_04-2011_10982_files\\0fedc89e7243a9fef181a9a71390dc558f820ab2'"
"0ff7c12d74c1bdc83122ead9440b33dd8aa44793","malware","low_risk",40,False,31.33,"[Errno 22] Invalid argument: 'D:\\PDFSafe\\Testing Folders\\Testing Folders\\MALWARE_PDF_PRE_04-2011_10982_files\\0ff7c12d74c1bdc83122ead9440b33dd8aa44793'"
"0fffd9f60f00d55b9f825e2f636937be54c588db","malware","low_risk",40,False,29.76,"[Errno 22] Invalid argument: 'D:\\PDFSafe\\Testing Folders\\Testing Folders\\MALWARE_PDF_PRE_04-2011_10982_files\\0fffd9f60f00d55b9f825e2f636937be54c588db'"
"0ffbb8ab1d1e24ccc75e1c0918eeb998c6372e77","malware","low_risk",40,False,36.85,"[Errno 22] Invalid argument: 'D:\\PDFSafe\\Testing Folders\\Testing Folders\\MALWARE_PDF_PRE_04-2011_10982_files\\0ffbb8ab1d1e24ccc75e1c0918eeb998c6372e77'"
"10012f7cbfa05bdba8c2625fb385b600246ddfd0","malware","low_risk",40,False,14.96,"[Errno 22] Invalid argument: 'D:\\PDFSafe\\Testing Folders\\Testing Folders\\MALWARE_PDF_PRE_04-2011_10982_files\\10012f7cbfa05bdba8c2625fb385b600246ddfd0'"
"1008976be071d15777e50c728586b093113572c2","malware","low_risk",40,False,31.18,"[Errno 22] Invalid argument: 'D:\\PDFSafe\\Testing Folders\\Testing Folders\\MALWARE_PDF_PRE_04-2011_10982_files\\1008976be071d15777e50c728586b093113572c2'"
"1019dfff684231e672cea18218bea18ae6859ac1","malware","low_risk",40,False,25.54,"[Errno 22] Invalid argument: 'D:\\PDFSafe\\Testing Folders\\Testing Folders\\MALWARE_PDF_PRE_04-2011_10982_files\\1019dfff684231e672cea18218bea18ae6859ac1'"
"100eceb1ba7b440d7e2db1c4b3421fded329f89e","malware","low_risk",40,False,32.98,"[Errno 22] Invalid argument: 'D:\\PDFSafe\\Testing Folders\\Testing Folders\\MALWARE_PDF_PRE_04-2011_10982_files\\100eceb1ba7b440d7e2db1c4b3421fded329f89e'"
"100fe6b33c5c6e39207fa9e22293ebc625dbd9b1","malware","low_risk",40,False,37.98,"[Errno 22] Invalid argument: 'D:\\PDFSafe\\Testing Folders\\Testing Folders\\MALWARE_PDF_PRE_04-2011_10982_files\\100fe6b33c5c6e39207fa9e22293ebc625dbd9b1'"
"102c06bf2956d61e8f87c34392817d48a8f71ffa","malware","low_risk",40,False,29.97,"[Errno 22] Invalid argument: 'D:\\PDFSafe\\Testing Folders\\Testing Folders\\MALWARE_PDF_PRE_04-2011_10982_files\\102c06bf2956d61e8f87c34392817d48a8f71ffa'"
"102d0096dd21c75730ac3f19f4ad1b11e4d3b671","malware","low_risk",40,False,32.07,"[Errno 22] Invalid argument: 'D:\\PDFSafe\\Testing Folders\\Testing Folders\\MALWARE_PDF_PRE_04-2011_10982_files\\102d0096dd21c75730ac3f19f4ad1b11e4d3b671'"
"102636757668165642af558e91847bd45f47eb76","malware","low_risk",40,False,41.73,"[Errno 22] Invalid argument: 'D:\\PDFSafe\\Testing Folders\\Testing Folders\\MALWARE_PDF_PRE_04-2011_10982_files\\102636757668165642af558e91847bd45f47eb76'"
"101f9147f23637e71dc573e25c3a5c2d5a05bce8","malware","low_risk",40,False,56.32,"[Errno 22] Invalid argument: 'D:\\PDFSafe\\Testing Folders\\Testing Folders\\MALWARE_PDF_PRE_04-2011_10982_files\\101f9147f23637e71dc573e25c3a5c2d5a05bce8'"
"1048bdd84118c11c4eaf40d615cbac1483c70159","malware","low_risk",40,False,11.92,"[Errno 22] Invalid argument: 'D:\\PDFSafe\\Testing Folders\\Testing Folders\\MALWARE_PDF_PRE_04-2011_10982_files\\1048bdd84118c11c4eaf40d615cbac1483c70159'"
"104a5198843192916e6733b3e4916013b7000752","malware","low_risk",40,False,12.09,"[Errno 22] Invalid argument: 'D:\\PDFSafe\\Testing Folders\\Testing Folders\\MALWARE_PDF_PRE_04-2011_10982_files\\104a5198843192916e6733b3e4916013b7000752'"
"103fc55c8569e7f47d966348f06c726409f0fc01","malware","low_risk",40,False,40.17,"[Errno 22] Invalid argument: 'D:\\PDFSafe\\Testing Folders\\Testing Folders\\MALWARE_PDF_PRE_04-2011_10982_files\\103fc55c8569e7f47d966348f06c726409f0fc01'"
"104a036004ca125241b724ebb354893d97f29605","malware","low_risk",40,False,48.90,"[Errno 22] Invalid argument: 'D:\\PDFSafe\\Testing Folders\\Testing Folders\\MALWARE_PDF_PRE_04-2011_10982_files\\104a036004ca125241b724ebb354893d97f29605'"
"104bfff903fed0a3123bbda25266f9c319e2ef74","malware","low_risk",40,False,31.96,"[Errno 22] Invalid argument: 'D:\\PDFSafe\\Testing Folders\\Testing Folders\\MALWARE_PDF_PRE_04-2011_10982_files\\104bfff903fed0a3123bbda25266f9c319e2ef74'"
"104b642c8d344e7597c5badaa7096fe5b39e7e40","malware","low_risk",40,False,47.87,"[Errno 22] Invalid argument: 'D:\\PDFSafe\\Testing Folders\\Testing Folders\\MALWARE_PDF_PRE_04-2011_10982_files\\104b642c8d344e7597c5badaa7096fe5b39e7e40'"
"1050515222cf68277a7b4444ed961ab6fe6a32ee","malware","low_risk",40,False,30.66,"[Errno 22] Invalid argument: 'D:\\PDFSafe\\Testing Folders\\Testing Folders\\MALWARE_PDF_PRE_04-2011_10982_files\\1050515222cf68277a7b4444ed961ab6fe6a32ee'"
"105491bf1b84aa30d739775e1baaa44ebb61dabf","malware","low_risk",40,False,29.93,"[Errno 22] Invalid argument: 'D:\\PDFSafe\\Testing Folders\\Testing Folders\\MALWARE_PDF_PRE_04-2011_10982_files\\105491bf1b84aa30d739775e1baaa44ebb61dabf'"
"105cbf62947d611e16a6a577920a1a6cf5540afa","malware","low_risk",40,False,38.73,"[Errno 22] Invalid argument: 'D:\\PDFSafe\\Testing Folders\\Testing Folders\\MALWARE_PDF_PRE_04-2011_10982_files\\105cbf62947d611e16a6a577920a1a6cf5540afa'"
"107543478200279c8b4d5676bc08d01204dd207b","malware","low_risk",40,False,37.59,"[Errno 22] Invalid argument: 'D:\\PDFSafe\\Testing Folders\\Testing Folders\\MALWARE_PDF_PRE_04-2011_10982_files\\107543478200279c8b4d5676bc08d01204dd207b'"
"1076b7b37f2206cdeebddee6345b18b456db5b2f","malware","low_risk",40,False,39.96,"[Errno 22] Invalid argument: 'D:\\PDFSafe\\Testing Folders\\Testing Folders\\MALWARE_PDF_PRE_04-2011_10982_files\\1076b7b37f2206cdeebddee6345b18b456db5b2f'"
"107a147030e251e7811c1a8daf837406384d16df","malware","low_risk",40,False,43.82,"[Errno 22] Invalid argument: 'D:\\PDFSafe\\Testing Folders\\Testing Folders\\MALWARE_PDF_PRE_04-2011_10982_files\\107a147030e251e7811c1a8daf837406384d16df'"
"107b5f83252087fb44338798c87cae3b2062da40","malware","low_risk",40,False,33.10,"[Errno 22] Invalid argument: 'D:\\PDFSafe\\Testing Folders\\Testing Folders\\MALWARE_PDF_PRE_04-2011_10982_files\\107b5f83252087fb44338798c87cae3b2062da40'"
"107eaf23f291c754caeab9770213d49953b559e2","malware","low_risk",40,False,30.59,"[Errno 22] Invalid argument: 'D:\\PDFSafe\\Testing Folders\\Testing Folders\\MALWARE_PDF_PRE_04-2011_10982_files\\107eaf23f291c754caeab9770213d49953b559e2'"
"10817d3b748e6f4592663d8aa6b1a3f9a26f78d2","malware","low_risk",40,False,30.93,"[Errno 22] Invalid argument: 'D:\\PDFSafe\\Testing Folders\\Testing Folders\\MALWARE_PDF_PRE_04-2011_10982_files\\10817d3b748e6f4592663d8aa6b1a3f9a26f78d2'"
"10901fe324831c342ac5bb35c0e10fdf62e1b938","malware","low_risk",40,False,12.23,"[Errno 22] Invalid argument: 'D:\\PDFSafe\\Testing Folders\\Testing Folders\\MALWARE_PDF_PRE_04-2011_10982_files\\10901fe324831c342ac5bb35c0e10fdf62e1b938'"
"1081b0d698cccddbfbb76a54f5b7f1c025731c50","malware","low_risk",40,False,32.38,"[Errno 22] Invalid argument: 'D:\\PDFSafe\\Testing Folders\\Testing Folders\\MALWARE_PDF_PRE_04-2011_10982_files\\1081b0d698cccddbfbb76a54f5b7f1c025731c50'"
"10889801e7cfa9cce49f7cc03ffba26da430ca66","malware","low_risk",40,False,35.82,"[Errno 22] Invalid argument: 'D:\\PDFSafe\\Testing Folders\\Testing Folders\\MALWARE_PDF_PRE_04-2011_10982_files\\10889801e7cfa9cce49f7cc03ffba26da430ca66'"
"1091173b837599213aac2e429f5094fc31480bb5","malware","low_risk",40,False,39.35,"[Errno 22] Invalid argument: 'D:\\PDFSafe\\Testing Folders\\Testing Folders\\MALWARE_PDF_PRE_04-2011_10982_files\\1091173b837599213aac2e429f5094fc31480bb5'"
"109a25e78fe668810e66d130ef7649647939ff7f","malware","low_risk",40,False,37.81,"[Errno 22] Invalid argument: 'D:\\PDFSafe\\Testing Folders\\Testing Folders\\MALWARE_PDF_PRE_04-2011_10982_files\\109a25e78fe668810e66d130ef7649647939ff7f'"
"10a88deab78e29e506ab177415e5e8be09d7a73f","malware","low_risk",40,False,33.31,"[Errno 22] Invalid argument: 'D:\\PDFSafe\\Testing Folders\\Testing Folders\\MALWARE_PDF_PRE_04-2011_10982_files\\10a88deab78e29e506ab177415e5e8be09d7a73f'"
"10a6d0820d2378768e103c9888b0366ae271bd0b","malware","low_risk",40,False,38.58,"[Errno 22] Invalid argument: 'D:\\PDFSafe\\Testing Folders\\Testing Folders\\MALWARE_PDF_PRE_04-2011_10982_files\\10a6d0820d2378768e103c9888b0366ae271bd0b'"
"10c042cba7818b351fee634b998ab2be2845dc56","malware","low_risk",40,False,26.29,"[Errno 22] Invalid argument: 'D:\\PDFSafe\\Testing Folders\\Testing Folders\\MALWARE_PDF_PRE_04-2011_10982_files\\10c042cba7818b351fee634b998ab2be2845dc56'"
"10c513af607d6dc5096be7465eb439427039cdf2","malware","low_risk",40,False,26.99,"[Errno 22] Invalid argument: 'D:\\PDFSafe\\Testing Folders\\Testing Folders\\MALWARE_PDF_PRE_04-2011_10982_files\\10c513af607d6dc5096be7465eb439427039cdf2'"
"10c328418b4e591e4407fbb2d335ffd6657b87bd","malware","low_risk",40,False,38.31,"[Errno 22] Invalid argument: 'D:\\PDFSafe\\Testing Folders\\Testing Folders\\MALWARE_PDF_PRE_04-2011_10982_files\\10c328418b4e591e4407fbb2d335ffd6657b87bd'"
"10bf6d76d3aeaf54e75ade5c058fdd0cee1f5e82","malware","low_risk",40,False,69.67,"[Errno 22] Invalid argument: 'D:\\PDFSafe\\Testing Folders\\Testing Folders\\MALWARE_PDF_PRE_04-2011_10982_files\\10bf6d76d3aeaf54e75ade5c058fdd0cee1f5e82'"
"10cd3e999d848c78859889fd962bea9b1a232055","malware","low_risk",40,False,29.10,"[Errno 22] Invalid argument: 'D:\\PDFSafe\\Testing Folders\\Testing Folders\\MALWARE_PDF_PRE_04-2011_10982_files\\10cd3e999d848c78859889fd962bea9b1a232055'"
"10dca84d6ebc11370a6c57dd24bcee52faa0cdbb","malware","low_risk",40,False,12.71,"[Errno 22] Invalid argument: 'D:\\PDFSafe\\Testing Folders\\Testing Folders\\MALWARE_PDF_PRE_04-2011_10982_files\\10dca84d6ebc11370a6c57dd24bcee52faa0cdbb'"
"10d1bdf73d7f143a656015dbf6278cc9c0d9594a","malware","low_risk",40,False,33.45,"[Errno 22] Invalid argument: 'D:\\PDFSafe\\Testing Folders\\Testing Folders\\MALWARE_PDF_PRE_04-2011_10982_files\\10d1bdf73d7f143a656015dbf6278cc9c0d9594a'"
"10c60724f2df71296aa8d0b0b55c54e8e10a3d7b","malware","low_risk",40,False,63.94,"[Errno 22] Invalid argument: 'D:\\PDFSafe\\Testing Folders\\Testing Folders\\MALWARE_PDF_PRE_04-2011_10982_files\\10c60724f2df71296aa8d0b0b55c54e8e10a3d7b'"
"10d6182e0364e28284c61274eb03513420181157","malware","low_risk",40,False,41.52,"[Errno 22] Invalid argument: 'D:\\PDFSafe\\Testing Folders\\Testing Folders\\MALWARE_PDF_PRE_04-2011_10982_files\\10d6182e0364e28284c61274eb03513420181157'"
"10efcfec996b42b55eca0d883266cf87501375f8","malware","low_risk",40,False,28.60,"[Errno 22] Invalid argument: 'D:\\PDFSafe\\Testing Folders\\Testing Folders\\MALWARE_PDF_PRE_04-2011_10982_files\\10efcfec996b42b55eca0d883266cf87501375f8'"
"10ecfdc5d13da066fd6e5a626de6364ce652228d","malware","low_risk",40,False,31.38,"[Errno 22] Invalid argument: 'D:\\PDFSafe\\Testing Folders\\Testing Folders\\MALWARE_PDF_PRE_04-2011_10982_files\\10ecfdc5d13da066fd6e5a626de6364ce652228d'"
"10e8f0d257c6cb4e79299db6e6b8c4e0a762e33e","malware","low_risk",40,False,32.55,"[Errno 22] Invalid argument: 'D:\\PDFSafe\\Testing Folders\\Testing Folders\\MALWARE_PDF_PRE_04-2011_10982_files\\10e8f0d257c6cb4e79299db6e6b8c4e0a762e33e'"
"10fe689e9311d3a6a692b869af84eb9925e9807b","malware","low_risk",40,False,11.12,"[Errno 22] Invalid argument: 'D:\\PDFSafe\\Testing Folders\\Testing Folders\\MALWARE_PDF_PRE_04-2011_10982_files\\10fe689e9311d3a6a692b869af84eb9925e9807b'"
"10f1b1c4f03b6c5e7786c5a51c57b2b2f199c07f","malware","low_risk",40,False,34.89,"[Errno 22] Invalid argument: 'D:\\PDFSafe\\Testing Folders\\Testing Folders\\MALWARE_PDF_PRE_04-2011_10982_files\\10f1b1c4f03b6c5e7786c5a51c57b2b2f199c07f'"
"10fa71a797d004885459d193c9fcd433651dbccb","malware","low_risk",40,False,34.77,"[Errno 22] Invalid argument: 'D:\\PDFSafe\\Testing Folders\\Testing Folders\\MALWARE_PDF_PRE_04-2011_10982_files\\10fa71a797d004885459d193c9fcd433651dbccb'"
"11035d2f06182d1fb4823bd3692a7e773350d002","malware","low_risk",40,False,27.29,"[Errno 22] Invalid argument: 'D:\\PDFSafe\\Testing Folders\\Testing Folders\\MALWARE_PDF_PRE_04-2011_10982_files\\11035d2f06182d1fb4823bd3692a7e773350d002'"
"10fc9f7ff6896cdc0fc6c403ada581eb983628ef","malware","low_risk",40,False,45.98,"[Errno 22] Invalid argument: 'D:\\PDFSafe\\Testing Folders\\Testing Folders\\MALWARE_PDF_PRE_04-2011_10982_files\\10fc9f7ff6896cdc0fc6c403ada581eb983628ef'"
"11059c621cbe3713f836620ae5197389fdc9f690","malware","low_risk",40,False,36.01,"[Errno 22] Invalid argument: 'D:\\PDFSafe\\Testing Folders\\Testing Folders\\MALWARE_PDF_PRE_04-2011_10982_files\\11059c621cbe3713f836620ae5197389fdc9f690'"
"111a1fdd01cc491effd66c76959cd1217fa2e859","malware","low_risk",40,False,15.54,"[Errno 22] Invalid argument: 'D:\\PDFSafe\\Testing Folders\\Testing Folders\\MALWARE_PDF_PRE_04-2011_10982_files\\111a1fdd01cc491effd66c76959cd1217fa2e859'"
"111991087538e7764790aa0f9996a45f72d040ac","malware","low_risk",40,False,33.89,"[Errno 22] Invalid argument: 'D:\\PDFSafe\\Testing Folders\\Testing Folders\\MALWARE_PDF_PRE_04-2011_10982_files\\111991087538e7764790aa0f9996a45f72d040ac'"
"11234c1b16424cb86b8d84a9f9ca47a056e3e79f","malware","low_risk",40,False,34.97,"[Errno 22] Invalid argument: 'D:\\PDFSafe\\Testing Folders\\Testing Folders\\MALWARE_PDF_PRE_04-2011_10982_files\\11234c1b16424cb86b8d84a9f9ca47a056e3e79f'"
"1128f0ff1ffc03b92f3ea42366c472cac032831b","malware","low_risk",40,False,41.64,"[Errno 22] Invalid argument: 'D:\\PDFSafe\\Testing Folders\\Testing Folders\\MALWARE_PDF_PRE_04-2011_10982_files\\1128f0ff1ffc03b92f3ea42366c472cac032831b'"
"11341847f5c9a93839411784518e8a3dde29971a","malware","low_risk",40,False,44.12,"[Errno 22] Invalid argument: 'D:\\PDFSafe\\Testing Folders\\Testing Folders\\MALWARE_PDF_PRE_04-2011_10982_files\\11341847f5c9a93839411784518e8a3dde29971a'"
"1134bdf277189f7a9da2d3c6bb05adbf005e0f02","malware","low_risk",40,False,33.30,"[Errno 22] Invalid argument: 'D:\\PDFSafe\\Testing Folders\\Testing Folders\\MALWARE_PDF_PRE_04-2011_10982_files\\1134bdf277189f7a9da2d3c6bb05adbf005e0f02'"
"11384cc7e995e44816f6890ff24614e9cb3dad55","malware","low_risk",40,False,12.19,"[Errno 22] Invalid argument: 'D:\\PDFSafe\\Testing Folders\\Testing Folders\\MALWARE_PDF_PRE_04-2011_10982_files\\11384cc7e995e44816f6890ff24614e9cb3dad55'"
"1135211cc5de9e356e76182982819d88b25530c6","malware","low_risk",40,False,46.37,"[Errno 22] Invalid argument: 'D:\\PDFSafe\\Testing Folders\\Testing Folders\\MALWARE_PDF_PRE_04-2011_10982_files\\1135211cc5de9e356e76182982819d88b25530c6'"
"113a61c593505a81f6e3116910ae88584726f746","malware","low_risk",40,False,35.08,"[Errno 22] Invalid argument: 'D:\\PDFSafe\\Testing Folders\\Testing Folders\\MALWARE_PDF_PRE_04-2011_10982_files\\113a61c593505a81f6e3116910ae88584726f746'"
"1143f0097c89ef48d3011fef707716d3fd42b94c","malware","low_risk",40,False,31.45,"[Errno 22] Invalid argument: 'D:\\PDFSafe\\Testing Folders\\Testing Folders\\MALWARE_PDF_PRE_04-2011_10982_files\\1143f0097c89ef48d3011fef707716d3fd42b94c'"
"1143a417fe88b7fb2b0c7f6a2e6c547aa77c7d81","malware","low_risk",40,False,55.44,"[Errno 22] Invalid argument: 'D:\\PDFSafe\\Testing Folders\\Testing Folders\\MALWARE_PDF_PRE_04-2011_10982_files\\1143a417fe88b7fb2b0c7f6a2e6c547aa77c7d81'"
"11446c658a57d41225877b94dcc276b7db420b82","malware","low_risk",40,False,33.09,"[Errno 22] Invalid argument: 'D:\\PDFSafe\\Testing Folders\\Testing Folders\\MALWARE_PDF_PRE_04-2011_10982_files\\11446c658a57d41225877b94dcc276b7db420b82'"
"11509a2831af2e4a92b51a1466ba1809e95bc062","malware","low_risk",40,False,31.56,"[Errno 22] Invalid argument: 'D:\\PDFSafe\\Testing Folders\\Testing Folders\\MALWARE_PDF_PRE_04-2011_10982_files\\11509a2831af2e4a92b51a1466ba1809e95bc062'"
"11525160bdc0b8ab80508e535cd2ec03fecacdd0","malware","low_risk",40,False,32.19,"[Errno 22] Invalid argument: 'D:\\PDFSafe\\Testing Folders\\Testing Folders\\MALWARE_PDF_PRE_04-2011_10982_files\\11525160bdc0b8ab80508e535cd2ec03fecacdd0'"
"11630e743b31af860dd7b4fd36a1bb2ad228c9ee","malware","low_risk",40,False,15.89,"[Errno 22] Invalid argument: 'D:\\PDFSafe\\Testing Folders\\Testing Folders\\MALWARE_PDF_PRE_04-2011_10982_files\\11630e743b31af860dd7b4fd36a1bb2ad228c9ee'"
"1164b5e64f340de337a2a477cc4afde7a3f18307","malware","low_risk",40,False,33.96,"[Errno 22] Invalid argument: 'D:\\PDFSafe\\Testing Folders\\Testing Folders\\MALWARE_PDF_PRE_04-2011_10982_files\\1164b5e64f340de337a2a477cc4afde7a3f18307'"
"116f58dd25db1d82338fe774664e043f1e5c7591","malware","low_risk",40,False,28.23,"[Errno 22] Invalid argument: 'D:\\PDFSafe\\Testing Folders\\Testing Folders\\MALWARE_PDF_PRE_04-2011_10982_files\\116f58dd25db1d82338fe774664e043f1e5c7591'"
"115dda650668a4b371b2b1f56aaf40bc8327815d","malware","low_risk",40,False,51.12,"[Errno 22] Invalid argument: 'D:\\PDFSafe\\Testing Folders\\Testing Folders\\MALWARE_PDF_PRE_04-2011_10982_files\\115dda650668a4b371b2b1f56aaf40bc8327815d'"
"118067b048b2b028bbc66af8a04d5794a9a20aff","malware","low_risk",40,False,15.30,"[Errno 22] Invalid argument: 'D:\\PDFSafe\\Testing Folders\\Testing Folders\\MALWARE_PDF_PRE_04-2011_10982_files\\118067b048b2b028bbc66af8a04d5794a9a20aff'"
"117d65fa1bb98d3d80d8e98ccbcd1aba53238b5d","malware","low_risk",40,False,30.41,"[Errno 22] Invalid argument: 'D:\\PDFSafe\\Testing Folders\\Testing Folders\\MALWARE_PDF_PRE_04-2011_10982_files\\117d65fa1bb98d3d80d8e98ccbcd1aba53238b5d'"
"117449509b5c0d95abed2fe7a67680c71f5c1ad1","malware","low_risk",40,False,57.20,"[Errno 22] Invalid argument: 'D:\\PDFSafe\\Testing Folders\\Testing Folders\\MALWARE_PDF_PRE_04-2011_10982_files\\117449509b5c0d95abed2fe7a67680c71f5c1ad1'"
"117d9e36a5d58cba75370e85d69fed1e589e6ced","malware","low_risk",40,False,59.06,"[Errno 22] Invalid argument: 'D:\\PDFSafe\\Testing Folders\\Testing Folders\\MALWARE_PDF_PRE_04-2011_10982_files\\117d9e36a5d58cba75370e85d69fed1e589e6ced'"
"11ae5cb8c47b59c2555dc8d680822de537d57539","malware","low_risk",40,False,43.73,"[Errno 22] Invalid argument: 'D:\\PDFSafe\\Testing Folders\\Testing Folders\\MALWARE_PDF_PRE_04-2011_10982_files\\11ae5cb8c47b59c2555dc8d680822de537d57539'"
"1198bff7b9c84431df7cdf5646b4e322f7c6cf1d","malware","low_risk",40,False,58.23,"[Errno 22] Invalid argument: 'D:\\PDFSafe\\Testing Folders\\Testing Folders\\MALWARE_PDF_PRE_04-2011_10982_files\\1198bff7b9c84431df7cdf5646b4e322f7c6cf1d'"
"11a22a82e390c51b11e4b29a60486ec957e56f93","malware","malicious",90,True,49.43,""
"11b49699ba7099aa24551b93aa2c83e8c112ebd7","malware","low_risk",40,False,50.90,"[Errno 22] Invalid argument: 'D:\\PDFSafe\\Testing Folders\\Testing Folders\\MALWARE_PDF_PRE_04-2011_10982_files\\11b49699ba7099aa24551b93aa2c83e8c112ebd7'"
"11d063d24a6020b42ed4a4fa92b50a11e3e0dd2b","malware","low_risk",40,False,32.30,"[Errno 22] Invalid argument: 'D:\\PDFSafe\\Testing Folders\\Testing Folders\\MALWARE_PDF_PRE_04-2011_10982_files\\11d063d24a6020b42ed4a4fa92b50a11e3e0dd2b'"
"11b96f661da2dc23f631ea927653ce383867ad75","malware","low_risk",40,False,35.63,"[Errno 22] Invalid argument: 'D:\\PDFSafe\\Testing Folders\\Testing Folders\\MALWARE_PDF_PRE_04-2011_10982_files\\11b96f661da2dc23f631ea927653ce383867ad75'"
"11d0fb9bfb4055b94276bacde631f69f2dd1308f","malware","low_risk",40,False,41.25,"[Errno 22] Invalid argument: 'D:\\PDFSafe\\Testing Folders\\Testing Folders\\MALWARE_PDF_PRE_04-2011_10982_files\\11d0fb9bfb4055b94276bacde631f69f2dd1308f'"
"11e8412507904bb34784c54a9aefe705654283c9","malware","low_risk",40,False,26.87,"[Errno 22] Invalid argument: 'D:\\PDFSafe\\Testing Folders\\Testing Folders\\MALWARE_PDF_PRE_04-2011_10982_files\\11e8412507904bb34784c54a9aefe705654283c9'"
"11d559f5db862a750ff4275e939b94ee26ce6986","malware","low_risk",40,False,36.93,"[Errno 22] Invalid argument: 'D:\\PDFSafe\\Testing Folders\\Testing Folders\\MALWARE_PDF_PRE_04-2011_10982_files\\11d559f5db862a750ff4275e939b94ee26ce6986'"
"11d2f8d754f3e52893c631f0201b72c909d52cd8","malware","low_risk",40,False,45.06,"[Errno 22] Invalid argument: 'D:\\PDFSafe\\Testing Folders\\Testing Folders\\MALWARE_PDF_PRE_04-2011_10982_files\\11d2f8d754f3e52893c631f0201b72c909d52cd8'"
"11d209f11132bc8ddac1bf372a41bc36e84710b3","malware","low_risk",40,False,61.96,"[Errno 22] Invalid argument: 'D:\\PDFSafe\\Testing Folders\\Testing Folders\\MALWARE_PDF_PRE_04-2011_10982_files\\11d209f11132bc8ddac1bf372a41bc36e84710b3'"
"11f000982ddf8ae7c04050e781d7f52a9603339e","malware","low_risk",40,False,32.74,"[Errno 22] Invalid argument: 'D:\\PDFSafe\\Testing Folders\\Testing Folders\\MALWARE_PDF_PRE_04-2011_10982_files\\11f000982ddf8ae7c04050e781d7f52a9603339e'"
"11ed4375ac5fb739740d62f4edbd610f477965b2","malware","low_risk",40,False,38.68,"[Errno 22] Invalid argument: 'D:\\PDFSafe\\Testing Folders\\Testing Folders\\MALWARE_PDF_PRE_04-2011_10982_files\\11ed4375ac5fb739740d62f4edbd610f477965b2'"
"11f2e04cbb7507dc34fb12a08fae6c8037c5426d","malware","low_risk",40,False,35.29,"[Errno 22] Invalid argument: 'D:\\PDFSafe\\Testing Folders\\Testing Folders\\MALWARE_PDF_PRE_04-2011_10982_files\\11f2e04cbb7507dc34fb12a08fae6c8037c5426d'"
"11fb1d3b9c6bd62e4aaac3ecc524ef51cf7e36ec","malware","low_risk",40,False,32.72,"[Errno 22] Invalid argument: 'D:\\PDFSafe\\Testing Folders\\Testing Folders\\MALWARE_PDF_PRE_04-2011_10982_files\\11fb1d3b9c6bd62e4aaac3ecc524ef51cf7e36ec'"
"11fb2065a8e2505b727492914bcfff66a3092546","malware","low_risk",40,False,36.86,"[Errno 22] Invalid argument: 'D:\\PDFSafe\\Testing Folders\\Testing Folders\\MALWARE_PDF_PRE_04-2011_10982_files\\11fb2065a8e2505b727492914bcfff66a3092546'"
"12061689d8e69d5c7e47c6a13acea73b0f76b26b","malware","low_risk",40,False,28.48,"[Errno 22] Invalid argument: 'D:\\PDFSafe\\Testing Folders\\Testing Folders\\MALWARE_PDF_PRE_04-2011_10982_files\\12061689d8e69d5c7e47c6a13acea73b0f76b26b'"
"11fb8efd37c03f0a894eda80e757e04c073d9053","malware","low_risk",40,False,50.50,"[Errno 22] Invalid argument: 'D:\\PDFSafe\\Testing Folders\\Testing Folders\\MALWARE_PDF_PRE_04-2011_10982_files\\11fb8efd37c03f0a894eda80e757e04c073d9053'"
"12147fecb2bc5c122b47632cd9d2c9dfd63ee4bf","malware","low_risk",40,False,31.21,"[Errno 22] Invalid argument: 'D:\\PDFSafe\\Testing Folders\\Testing Folders\\MALWARE_PDF_PRE_04-2011_10982_files\\12147fecb2bc5c122b47632cd9d2c9dfd63ee4bf'"
"121dde39714c42f56ea130e73ebdd4a0147664c4","malware","low_risk",40,False,14.14,"[Errno 22] Invalid argument: 'D:\\PDFSafe\\Testing Folders\\Testing Folders\\MALWARE_PDF_PRE_04-2011_10982_files\\121dde39714c42f56ea130e73ebdd4a0147664c4'"
"121d5f05932c45afc4804d6542dc1a3c7d0215b9","malware","low_risk",40,False,34.93,"[Errno 22] Invalid argument: 'D:\\PDFSafe\\Testing Folders\\Testing Folders\\MALWARE_PDF_PRE_04-2011_10982_files\\121d5f05932c45afc4804d6542dc1a3c7d0215b9'"
"120d820b71b3fb97f8b5416c59f71e10f81e7df7","malware","low_risk",40,False,57.51,"[Errno 22] Invalid argument: 'D:\\PDFSafe\\Testing Folders\\Testing Folders\\MALWARE_PDF_PRE_04-2011_10982_files\\120d820b71b3fb97f8b5416c59f71e10f81e7df7'"
"123e78670faba0b217b9eb78cf380c0a9cd6e924","malware","low_risk",40,False,29.81,"[Errno 22] Invalid argument: 'D:\\PDFSafe\\Testing Folders\\Testing Folders\\MALWARE_PDF_PRE_04-2011_10982_files\\123e78670faba0b217b9eb78cf380c0a9cd6e924'"
"122034c51f6915050c0a3d214976556093998c31","malware","low_risk",40,False,41.33,"[Errno 22] Invalid argument: 'D:\\PDFSafe\\Testing Folders\\Testing Folders\\MALWARE_PDF_PRE_04-2011_10982_files\\122034c51f6915050c0a3d214976556093998c31'"
"1237e09574610f3d224be0a0e06b74bfeaede5fa","malware","low_risk",40,False,43.31,"[Errno 22] Invalid argument: 'D:\\PDFSafe\\Testing Folders\\Testing Folders\\MALWARE_PDF_PRE_04-2011_10982_files\\1237e09574610f3d224be0a0e06b74bfeaede5fa'"
"124caab332880720b524a99ce6850a43c2fc91e1","malware","low_risk",40,False,12.09,"[Errno 22] Invalid argument: 'D:\\PDFSafe\\Testing Folders\\Testing Folders\\MALWARE_PDF_PRE_04-2011_10982_files\\124caab332880720b524a99ce6850a43c2fc91e1'"
"1246233e1c2398746debf8f63935cb5ba22b705b","malware","low_risk",40,False,27.89,"[Errno 22] Invalid argument: 'D:\\PDFSafe\\Testing Folders\\Testing Folders\\MALWARE_PDF_PRE_04-2011_10982_files\\1246233e1c2398746debf8f63935cb5ba22b705b'"
"122f52eb35e56b4570a5bce69149ba5fe3858d8b","malware","low_risk",40,False,82.90,"[Errno 22] Invalid argument: 'D:\\PDFSafe\\Testing Folders\\Testing Folders\\MALWARE_PDF_PRE_04-2011_10982_files\\122f52eb35e56b4570a5bce69149ba5fe3858d8b'"
"1259e3842788abb9e909979dc2ee8285b3fb5328","malware","low_risk",40,False,19.20,"[Errno 22] Invalid argument: 'D:\\PDFSafe\\Testing Folders\\Testing Folders\\MALWARE_PDF_PRE_04-2011_10982_files\\1259e3842788abb9e909979dc2ee8285b3fb5328'"
"1254a7f2ed04966cf1f06e49191321eb6563dc79","malware","low_risk",40,False,28.83,"[Errno 22] Invalid argument: 'D:\\PDFSafe\\Testing Folders\\Testing Folders\\MALWARE_PDF_PRE_04-2011_10982_files\\1254a7f2ed04966cf1f06e49191321eb6563dc79'"
"125ceaf8f17a4947a8cace22ed83e69dc63207da","malware","low_risk",40,False,31.40,"[Errno 22] Invalid argument: 'D:\\PDFSafe\\Testing Folders\\Testing Folders\\MALWARE_PDF_PRE_04-2011_10982_files\\125ceaf8f17a4947a8cace22ed83e69dc63207da'"
"126385f46ab85a47e4f4d79c45a8eb12ef32a250","malware","low_risk",40,False,46.07,"[Errno 22] Invalid argument: 'D:\\PDFSafe\\Testing Folders\\Testing Folders\\MALWARE_PDF_PRE_04-2011_10982_files\\126385f46ab85a47e4f4d79c45a8eb12ef32a250'"
"125c131a87057c1f10d7f21cf7d977b2c4a9c4d9","malware","low_risk",40,False,58.07,"[Errno 22] Invalid argument: 'D:\\PDFSafe\\Testing Folders\\Testing Folders\\MALWARE_PDF_PRE_04-2011_10982_files\\125c131a87057c1f10d7f21cf7d977b2c4a9c4d9'"
"126923f8a2441f492444c28b38c376c74bfd9db5","malware","low_risk",40,False,34.76,"[Errno 22] Invalid argument: 'D:\\PDFSafe\\Testing Folders\\Testing Folders\\MALWARE_PDF_PRE_04-2011_10982_files\\126923f8a2441f492444c28b38c376c74bfd9db5'"
"126a4c1e40eaf16b8f1fd15822a49e4f4cb1ebe1","malware","low_risk",40,False,33.14,"[Errno 22] Invalid argument: 'D:\\PDFSafe\\Testing Folders\\Testing Folders\\MALWARE_PDF_PRE_04-2011_10982_files\\126a4c1e40eaf16b8f1fd15822a49e4f4cb1ebe1'"
"126f6ca64a038599a1dc6ef0392e96318cc57e20","malware","low_risk",40,False,34.75,"[Errno 22] Invalid argument: 'D:\\PDFSafe\\Testing Folders\\Testing Folders\\MALWARE_PDF_PRE_04-2011_10982_files\\126f6ca64a038599a1dc6ef0392e96318cc57e20'"
"127e545e46a74b5176e1022e4a95b6d8fdf6a523","malware","low_risk",40,False,29.78,"[Errno 22] Invalid argument: 'D:\\PDFSafe\\Testing Folders\\Testing Folders\\MALWARE_PDF_PRE_04-2011_10982_files\\127e545e46a74b5176e1022e4a95b6d8fdf6a523'"
"1285d885476a8e00e4513c90cc195bf25ac2016e","malware","low_risk",40,False,31.92,"[Errno 22] Invalid argument: 'D:\\PDFSafe\\Testing Folders\\Testing Folders\\MALWARE_PDF_PRE_04-2011_10982_files\\1285d885476a8e00e4513c90cc195bf25ac2016e'"
"12427a074066ca2220b0ebd16ed7aeeb1dd9f2b5","malware","malicious",96,True,163.37,""
"128a51218e8ef3cb8e82cff35c916ea802ad5f03","malware","low_risk",40,False,58.02,"[Errno 22] Invalid argument: 'D:\\PDFSafe\\Testing Folders\\Testing Folders\\MALWARE_PDF_PRE_04-2011_10982_files\\128a51218e8ef3cb8e82cff35c916ea802ad5f03'"
"128cbb3d800bb0b005a967fbbe18207d4826fb01","malware","low_risk",40,False,48.93,"[Errno 22] Invalid argument: 'D:\\PDFSafe\\Testing Folders\\Testing Folders\\MALWARE_PDF_PRE_04-2011_10982_files\\128cbb3d800bb0b005a967fbbe18207d4826fb01'"
"128cc8bd2935546a4ae5785940b8c80894b4f618","malware","low_risk",40,False,33.79,"[Errno 22] Invalid argument: 'D:\\PDFSafe\\Testing Folders\\Testing Folders\\MALWARE_PDF_PRE_04-2011_10982_files\\128cc8bd2935546a4ae5785940b8c80894b4f618'"
"128fe3cdf96c7fa8b22d07f16c44376f0c7a4fa7","malware","low_risk",40,False,37.28,"[Errno 22] Invalid argument: 'D:\\PDFSafe\\Testing Folders\\Testing Folders\\MALWARE_PDF_PRE_04-2011_10982_files\\128fe3cdf96c7fa8b22d07f16c44376f0c7a4fa7'"
"129356454a71c54546dab0db34870aeae5e972fb","malware","low_risk",40,False,28.55,"[Errno 22] Invalid argument: 'D:\\PDFSafe\\Testing Folders\\Testing Folders\\MALWARE_PDF_PRE_04-2011_10982_files\\129356454a71c54546dab0db34870aeae5e972fb'"
"129a024ee4ea32cfe5db34b4f603c889aaaf50ad","malware","low_risk",40,False,28.89,"[Errno 22] Invalid argument: 'D:\\PDFSafe\\Testing Folders\\Testing Folders\\MALWARE_PDF_PRE_04-2011_10982_files\\129a024ee4ea32cfe5db34b4f603c889aaaf50ad'"
"1293f29bf084478f792271a2d1cdff1b5b19d293","malware","low_risk",40,False,30.43,"[Errno 22] Invalid argument: 'D:\\PDFSafe\\Testing Folders\\Testing Folders\\MALWARE_PDF_PRE_04-2011_10982_files\\1293f29bf084478f792271a2d1cdff1b5b19d293'"
"12a4f2ec87e057439559c4d2922ca0bd56b434b8","malware","low_risk",40,False,20.57,"[Errno 22] Invalid argument: 'D:\\PDFSafe\\Testing Folders\\Testing Folders\\MALWARE_PDF_PRE_04-2011_10982_files\\12a4f2ec87e057439559c4d2922ca0bd56b434b8'"
"12a15708c62c68c0f7494cb2cba56aefee98ba07","malware","low_risk",40,False,28.54,"[Errno 22] Invalid argument: 'D:\\PDFSafe\\Testing Folders\\Testing Folders\\MALWARE_PDF_PRE_04-2011_10982_files\\12a15708c62c68c0f7494cb2cba56aefee98ba07'"
"129c9782541f604b291528123acab04d3a7e0721","malware","low_risk",40,False,50.77,"[Errno 22] Invalid argument: 'D:\\PDFSafe\\Testing Folders\\Testing Folders\\MALWARE_PDF_PRE_04-2011_10982_files\\129c9782541f604b291528123acab04d3a7e0721'"
"12a56b3a54577040506361348b228a6ed84751d2","malware","low_risk",40,False,51.78,"[Errno 22] Invalid argument: 'D:\\PDFSafe\\Testing Folders\\Testing Folders\\MALWARE_PDF_PRE_04-2011_10982_files\\12a56b3a54577040506361348b228a6ed84751d2'"
"12ad109603c69298cc0381d69dabc5d3900f0750","malware","low_risk",40,False,32.07,"[Errno 22] Invalid argument: 'D:\\PDFSafe\\Testing Folders\\Testing Folders\\MALWARE_PDF_PRE_04-2011_10982_files\\12ad109603c69298cc0381d69dabc5d3900f0750'"
"12b35c59ed2bcec88ff7cf8da5eeccd42b8c33cc","malware","low_risk",40,False,42.26,"[Errno 22] Invalid argument: 'D:\\PDFSafe\\Testing Folders\\Testing Folders\\MALWARE_PDF_PRE_04-2011_10982_files\\12b35c59ed2bcec88ff7cf8da5eeccd42b8c33cc'"
"12b83581aa57066c96d01a0fecaa9c89186d822c","malware","low_risk",40,False,95.85,"[Errno 22] Invalid argument: 'D:\\PDFSafe\\Testing Folders\\Testing Folders\\MALWARE_PDF_PRE_04-2011_10982_files\\12b83581aa57066c96d01a0fecaa9c89186d822c'"
"12d73c6040c14cec6e4a08d761c0d6205a3bf5f1","malware","low_risk",40,False,86.77,"[Errno 22] Invalid argument: 'D:\\PDFSafe\\Testing Folders\\Testing Folders\\MALWARE_PDF_PRE_04-2011_10982_files\\12d73c6040c14cec6e4a08d761c0d6205a3bf5f1'"
"12c66a5be17dde3601f10168ab5cc4bc18c2bd21","malware","low_risk",40,False,152.25,"[Errno 22] Invalid argument: 'D:\\PDFSafe\\Testing Folders\\Testing Folders\\MALWARE_PDF_PRE_04-2011_10982_files\\12c66a5be17dde3601f10168ab5cc4bc18c2bd21'"
"12b6785551700fd0586a23a23cafe565637c3ed2","malware","low_risk",40,False,192.27,"[Errno 22] Invalid argument: 'D:\\PDFSafe\\Testing Folders\\Testing Folders\\MALWARE_PDF_PRE_04-2011_10982_files\\12b6785551700fd0586a23a23cafe565637c3ed2'"
"12e5c22d5fd67134b20a03778deb8b349c637bf5","malware","low_risk",40,False,111.83,"[Errno 22] Invalid argument: 'D:\\PDFSafe\\Testing Folders\\Testing Folders\\MALWARE_PDF_PRE_04-2011_10982_files\\12e5c22d5fd67134b20a03778deb8b349c637bf5'"
"12df1463663fa6a7084f9379fbd3b6bbb5d222eb","malware","low_risk",40,False,120.93,"[Errno 22] Invalid argument: 'D:\\PDFSafe\\Testing Folders\\Testing Folders\\MALWARE_PDF_PRE_04-2011_10982_files\\12df1463663fa6a7084f9379fbd3b6bbb5d222eb'"
"12e7138e2552ba63c39944c71e2d9626c6ea4daa","malware","low_risk",40,False,70.17,"[Errno 22] Invalid argument: 'D:\\PDFSafe\\Testing Folders\\Testing Folders\\MALWARE_PDF_PRE_04-2011_10982_files\\12e7138e2552ba63c39944c71e2d9626c6ea4daa'"
"13075a4e1575965ffce97863574ecde175b91e21","malware","malicious",97,True,77.04,""
"12fed651d71abddae51ee9cf4383bcde352fe788","malware","low_risk",40,False,80.11,"[Errno 22] Invalid argument: 'D:\\PDFSafe\\Testing Folders\\Testing Folders\\MALWARE_PDF_PRE_04-2011_10982_files\\12fed651d71abddae51ee9cf4383bcde352fe788'"
"12e71f7be66c7bfa847385cfd44f085f1cbafdba","malware","low_risk",40,False,129.42,"[Errno 22] Invalid argument: 'D:\\PDFSafe\\Testing Folders\\Testing Folders\\MALWARE_PDF_PRE_04-2011_10982_files\\12e71f7be66c7bfa847385cfd44f085f1cbafdba'"
"1311159df9d079425a95306aa143a634f85422d8","malware","low_risk",40,False,136.92,"[Errno 22] Invalid argument: 'D:\\PDFSafe\\Testing Folders\\Testing Folders\\MALWARE_PDF_PRE_04-2011_10982_files\\1311159df9d079425a95306aa143a634f85422d8'"
"1314ff9a844627997b99eb877f42ea9f1cdcb25a","malware","low_risk",40,False,63.93,"[Errno 22] Invalid argument: 'D:\\PDFSafe\\Testing Folders\\Testing Folders\\MALWARE_PDF_PRE_04-2011_10982_files\\1314ff9a844627997b99eb877f42ea9f1cdcb25a'"
"1314a57d64b7e5a7ecf3b6906a13386e534f431e","malware","low_risk",40,False,72.48,"[Errno 22] Invalid argument: 'D:\\PDFSafe\\Testing Folders\\Testing Folders\\MALWARE_PDF_PRE_04-2011_10982_files\\1314a57d64b7e5a7ecf3b6906a13386e534f431e'"
"132dc4386def817f2df0bfcc2031bbac3836c46c","malware","low_risk",40,False,87.96,"[Errno 22] Invalid argument: 'D:\\PDFSafe\\Testing Folders\\Testing Folders\\MALWARE_PDF_PRE_04-2011_10982_files\\132dc4386def817f2df0bfcc2031bbac3836c46c'"
"132fe451b062c016eb403504fbfd8dd35a94264c","malware","low_risk",40,False,91.30,"[Errno 22] Invalid argument: 'D:\\PDFSafe\\Testing Folders\\Testing Folders\\MALWARE_PDF_PRE_04-2011_10982_files\\132fe451b062c016eb403504fbfd8dd35a94264c'"
"132d3c9c1f28d10f626fdedf089bd9ceff63d200","malware","low_risk",40,False,145.68,"[Errno 22] Invalid argument: 'D:\\PDFSafe\\Testing Folders\\Testing Folders\\MALWARE_PDF_PRE_04-2011_10982_files\\132d3c9c1f28d10f626fdedf089bd9ceff63d200'"
"1313244ace557748aa6b69642454597bdf637cab","malware","low_risk",40,False,222.13,"[Errno 22] Invalid argument: 'D:\\PDFSafe\\Testing Folders\\Testing Folders\\MALWARE_PDF_PRE_04-2011_10982_files\\1313244ace557748aa6b69642454597bdf637cab'"
"135baab64863da5facd9521c40b944c2ca32248c","malware","low_risk",40,False,58.00,"[Errno 22] Invalid argument: 'D:\\PDFSafe\\Testing Folders\\Testing Folders\\MALWARE_PDF_PRE_04-2011_10982_files\\135baab64863da5facd9521c40b944c2ca32248c'"
"133dece82ce74e95bb32612e079d520f1f026dde","malware","low_risk",40,False,126.58,"[Errno 22] Invalid argument: 'D:\\PDFSafe\\Testing Folders\\Testing Folders\\MALWARE_PDF_PRE_04-2011_10982_files\\133dece82ce74e95bb32612e079d520f1f026dde'"
"1351617d3badbd4b833f51b8bdf3ae4023b4072e","malware","low_risk",40,False,69.40,"[Errno 22] Invalid argument: 'D:\\PDFSafe\\Testing Folders\\Testing Folders\\MALWARE_PDF_PRE_04-2011_10982_files\\1351617d3badbd4b833f51b8bdf3ae4023b4072e'"
"136d88628cd78367105835952af0019c7e0689dc","malware","low_risk",40,False,35.69,"[Errno 22] Invalid argument: 'D:\\PDFSafe\\Testing Folders\\Testing Folders\\MALWARE_PDF_PRE_04-2011_10982_files\\136d88628cd78367105835952af0019c7e0689dc'"
"1362c750fe8ab227585dfa79d637f99359dfccd9","malware","low_risk",40,False,42.39,"[Errno 22] Invalid argument: 'D:\\PDFSafe\\Testing Folders\\Testing Folders\\MALWARE_PDF_PRE_04-2011_10982_files\\1362c750fe8ab227585dfa79d637f99359dfccd9'"
"134d4325d2dbed016d898996e7359f0169df4a21","malware","low_risk",40,False,157.46,"[Errno 22] Invalid argument: 'D:\\PDFSafe\\Testing Folders\\Testing Folders\\MALWARE_PDF_PRE_04-2011_10982_files\\134d4325d2dbed016d898996e7359f0169df4a21'"
"137cd19ef7b1fd6d4f27c6b83ad274e934ab47dc","malware","low_risk",40,False,32.31,"[Errno 22] Invalid argument: 'D:\\PDFSafe\\Testing Folders\\Testing Folders\\MALWARE_PDF_PRE_04-2011_10982_files\\137cd19ef7b1fd6d4f27c6b83ad274e934ab47dc'"
"138ebe3777e71ce08e62f70cf6228cbe9089457e","malware","low_risk",40,False,42.22,"[Errno 22] Invalid argument: 'D:\\PDFSafe\\Testing Folders\\Testing Folders\\MALWARE_PDF_PRE_04-2011_10982_files\\138ebe3777e71ce08e62f70cf6228cbe9089457e'"
"138c2ec40c59abc201f04050285f6e3a980e96a5","malware","low_risk",40,False,43.97,"[Errno 22] Invalid argument: 'D:\\PDFSafe\\Testing Folders\\Testing Folders\\MALWARE_PDF_PRE_04-2011_10982_files\\138c2ec40c59abc201f04050285f6e3a980e96a5'"
"138fa343c3d613225f046803f366b99f45a38942","malware","low_risk",40,False,37.82,"[Errno 22] Invalid argument: 'D:\\PDFSafe\\Testing Folders\\Testing Folders\\MALWARE_PDF_PRE_04-2011_10982_files\\138fa343c3d613225f046803f366b99f45a38942'"
"1369a0b03d4f600f5315efd8562b17c1d836f771","malware","low_risk",40,False,113.43,""
"138faf6adf37e787a379991638dd6784bb02e08c","malware","low_risk",40,False,30.57,"[Errno 22] Invalid argument: 'D:\\PDFSafe\\Testing Folders\\Testing Folders\\MALWARE_PDF_PRE_04-2011_10982_files\\138faf6adf37e787a379991638dd6784bb02e08c'"
"139117d3d6136267f8388f455e7262a7e57f498b","malware","low_risk",40,False,54.18,"[Errno 22] Invalid argument: 'D:\\PDFSafe\\Testing Folders\\Testing Folders\\MALWARE_PDF_PRE_04-2011_10982_files\\139117d3d6136267f8388f455e7262a7e57f498b'"
"13a0887be2f05f469bd4ffd676dedd63c2696507","malware","low_risk",40,False,42.59,"[Errno 22] Invalid argument: 'D:\\PDFSafe\\Testing Folders\\Testing Folders\\MALWARE_PDF_PRE_04-2011_10982_files\\13a0887be2f05f469bd4ffd676dedd63c2696507'"
"13a643c3e2d44ce49652d82d041652a8b95bce13","malware","low_risk",40,False,39.38,"[Errno 22] Invalid argument: 'D:\\PDFSafe\\Testing Folders\\Testing Folders\\MALWARE_PDF_PRE_04-2011_10982_files\\13a643c3e2d44ce49652d82d041652a8b95bce13'"
"13a3cbb72884659a12784b712108bb385f7c108b","malware","low_risk",40,False,44.65,"[Errno 22] Invalid argument: 'D:\\PDFSafe\\Testing Folders\\Testing Folders\\MALWARE_PDF_PRE_04-2011_10982_files\\13a3cbb72884659a12784b712108bb385f7c108b'"
"13b8341704ba8910782565eb8cd3073ddc142e2b","malware","low_risk",40,False,18.19,"[Errno 22] Invalid argument: 'D:\\PDFSafe\\Testing Folders\\Testing Folders\\MALWARE_PDF_PRE_04-2011_10982_files\\13b8341704ba8910782565eb8cd3073ddc142e2b'"
"13bb71ba1a00389e51f8264b2f478bdb14ef65d3","malware","low_risk",40,False,23.29,"[Errno 22] Invalid argument: 'D:\\PDFSafe\\Testing Folders\\Testing Folders\\MALWARE_PDF_PRE_04-2011_10982_files\\13bb71ba1a00389e51f8264b2f478bdb14ef65d3'"
"13b0ac46ea01a7d9edbc46a3a7184c2af3bacfe3","malware","low_risk",40,False,37.94,"[Errno 22] Invalid argument: 'D:\\PDFSafe\\Testing Folders\\Testing Folders\\MALWARE_PDF_PRE_04-2011_10982_files\\13b0ac46ea01a7d9edbc46a3a7184c2af3bacfe3'"
"13c495631ef73d64be45c95d8fe4caa37b36c24b","malware","low_risk",40,False,34.26,"[Errno 22] Invalid argument: 'D:\\PDFSafe\\Testing Folders\\Testing Folders\\MALWARE_PDF_PRE_04-2011_10982_files\\13c495631ef73d64be45c95d8fe4caa37b36c24b'"
"13dc17f548233e3def66b9d3352f97999aa2e441","malware","low_risk",40,False,31.10,"[Errno 22] Invalid argument: 'D:\\PDFSafe\\Testing Folders\\Testing Folders\\MALWARE_PDF_PRE_04-2011_10982_files\\13dc17f548233e3def66b9d3352f97999aa2e441'"
"13dafb2e8be7f61c891f836830905d332f0c2f5a","malware","low_risk",40,False,33.36,"[Errno 22] Invalid argument: 'D:\\PDFSafe\\Testing Folders\\Testing Folders\\MALWARE_PDF_PRE_04-2011_10982_files\\13dafb2e8be7f61c891f836830905d332f0c2f5a'"
"13eba5b6aa7152bd73fff10c9f8002626abdb197","malware","low_risk",40,False,41.46,"[Errno 22] Invalid argument: 'D:\\PDFSafe\\Testing Folders\\Testing Folders\\MALWARE_PDF_PRE_04-2011_10982_files\\13eba5b6aa7152bd73fff10c9f8002626abdb197'"
"13f9984bbeca38aae49098fe2993b8ef6b2685a1","malware","low_risk",40,False,31.68,"[Errno 22] Invalid argument: 'D:\\PDFSafe\\Testing Folders\\Testing Folders\\MALWARE_PDF_PRE_04-2011_10982_files\\13f9984bbeca38aae49098fe2993b8ef6b2685a1'"
"13f945d64518df06ff8a2ec0ef8dd0dfff1675f7","malware","low_risk",40,False,36.49,"[Errno 22] Invalid argument: 'D:\\PDFSafe\\Testing Folders\\Testing Folders\\MALWARE_PDF_PRE_04-2011_10982_files\\13f945d64518df06ff8a2ec0ef8dd0dfff1675f7'"
"140a7242955038ab521c737d72d869b5e6308d3a","malware","low_risk",40,False,29.74,"[Errno 22] Invalid argument: 'D:\\PDFSafe\\Testing Folders\\Testing Folders\\MALWARE_PDF_PRE_04-2011_10982_files\\140a7242955038ab521c737d72d869b5e6308d3a'"
"1404609a709e1367051810f1c406e37d1ba66c81","malware","low_risk",40,False,33.76,"[Errno 22] Invalid argument: 'D:\\PDFSafe\\Testing Folders\\Testing Folders\\MALWARE_PDF_PRE_04-2011_10982_files\\1404609a709e1367051810f1c406e37d1ba66c81'"
"13c03c705b32b2383fa9a0d55e4858a87c5c4c37","malware","suspicious",68,True,135.59,""
"141021b22bdf084e6b28d01b956d5beb355e0a43","malware","low_risk",40,False,50.22,"[Errno 22] Invalid argument: 'D:\\PDFSafe\\Testing Folders\\Testing Folders\\MALWARE_PDF_PRE_04-2011_10982_files\\141021b22bdf084e6b28d01b956d5beb355e0a43'"
"140a90f197bc0c3803010706eed656e54cf97481","malware","low_risk",40,False,55.55,"[Errno 22] Invalid argument: 'D:\\PDFSafe\\Testing Folders\\Testing Folders\\MALWARE_PDF_PRE_04-2011_10982_files\\140a90f197bc0c3803010706eed656e54cf97481'"
"1413a502908b8d14da215ff57e06c3b73e5dc8cc","malware","low_risk",40,False,49.52,"[Errno 22] Invalid argument: 'D:\\PDFSafe\\Testing Folders\\Testing Folders\\MALWARE_PDF_PRE_04-2011_10982_files\\1413a502908b8d14da215ff57e06c3b73e5dc8cc'"
"142c1be0e87d91eecb4174ee473b80b7fa014513","malware","low_risk",40,False,31.49,"[Errno 22] Invalid argument: 'D:\\PDFSafe\\Testing Folders\\Testing Folders\\MALWARE_PDF_PRE_04-2011_10982_files\\142c1be0e87d91eecb4174ee473b80b7fa014513'"
"141bf8b761c701abc909844a2bc013cbbb57b138","malware","low_risk",40,False,35.75,"[Errno 22] Invalid argument: 'D:\\PDFSafe\\Testing Folders\\Testing Folders\\MALWARE_PDF_PRE_04-2011_10982_files\\141bf8b761c701abc909844a2bc013cbbb57b138'"
"143a5e9b0258e5ef7598dd672cb795de07eba573","malware","low_risk",40,False,28.68,"[Errno 22] Invalid argument: 'D:\\PDFSafe\\Testing Folders\\Testing Folders\\MALWARE_PDF_PRE_04-2011_10982_files\\143a5e9b0258e5ef7598dd672cb795de07eba573'"
"1455170efb03071b6d7c803ac76fa24062357296","malware","low_risk",40,False,39.45,"[Errno 22] Invalid argument: 'D:\\PDFSafe\\Testing Folders\\Testing Folders\\MALWARE_PDF_PRE_04-2011_10982_files\\1455170efb03071b6d7c803ac76fa24062357296'"
"145a8f30d0ee8ebefcaaa1993febf1da171b85fa","malware","low_risk",40,False,37.81,"[Errno 22] Invalid argument: 'D:\\PDFSafe\\Testing Folders\\Testing Folders\\MALWARE_PDF_PRE_04-2011_10982_files\\145a8f30d0ee8ebefcaaa1993febf1da171b85fa'"
"145bf49619d1091cbbdabd6592019638846d4acb","malware","low_risk",40,False,13.01,"[Errno 22] Invalid argument: 'D:\\PDFSafe\\Testing Folders\\Testing Folders\\MALWARE_PDF_PRE_04-2011_10982_files\\145bf49619d1091cbbdabd6592019638846d4acb'"
"145c88aaff7ca404c272f19417356a6ae64920f5","malware","low_risk",40,False,27.07,"[Errno 22] Invalid argument: 'D:\\PDFSafe\\Testing Folders\\Testing Folders\\MALWARE_PDF_PRE_04-2011_10982_files\\145c88aaff7ca404c272f19417356a6ae64920f5'"
"14786b8a7b05c31555b5ab0c550e27803e2f4ea2","malware","low_risk",40,False,19.99,"[Errno 22] Invalid argument: 'D:\\PDFSafe\\Testing Folders\\Testing Folders\\MALWARE_PDF_PRE_04-2011_10982_files\\14786b8a7b05c31555b5ab0c550e27803e2f4ea2'"
"14014d16b35577d97be6d32e564096306b622ecd","malware","malicious",84,True,204.11,""
"148a3c0328d0a409c9baacde97d18b018e0a9fc6","malware","low_risk",40,False,48.02,"[Errno 22] Invalid argument: 'D:\\PDFSafe\\Testing Folders\\Testing Folders\\MALWARE_PDF_PRE_04-2011_10982_files\\148a3c0328d0a409c9baacde97d18b018e0a9fc6'"
"1496e561436e41f4f0d869b2f4293edf812fa764","malware","low_risk",40,False,40.52,"[Errno 22] Invalid argument: 'D:\\PDFSafe\\Testing Folders\\Testing Folders\\MALWARE_PDF_PRE_04-2011_10982_files\\1496e561436e41f4f0d869b2f4293edf812fa764'"
"143f56688dff3c9c9107c8bb20ea0d798a813bff","malware","low_risk",40,False,136.36,"[Errno 22] Invalid argument: 'D:\\PDFSafe\\Testing Folders\\Testing Folders\\MALWARE_PDF_PRE_04-2011_10982_files\\143f56688dff3c9c9107c8bb20ea0d798a813bff'"
"149505aa855637de512cf33c0369c0c5d670b721","malware","low_risk",40,False,63.18,"[Errno 22] Invalid argument: 'D:\\PDFSafe\\Testing Folders\\Testing Folders\\MALWARE_PDF_PRE_04-2011_10982_files\\149505aa855637de512cf33c0369c0c5d670b721'"
"14a6a2a8f53e224c08dfcaaf366d4b87a1c819c7","malware","low_risk",40,False,18.54,"[Errno 22] Invalid argument: 'D:\\PDFSafe\\Testing Folders\\Testing Folders\\MALWARE_PDF_PRE_04-2011_10982_files\\14a6a2a8f53e224c08dfcaaf366d4b87a1c819c7'"
"14a9513e51a3b75d6c71ac6d6ddea50a6ac9bf84","malware","low_risk",40,False,41.88,"[Errno 22] Invalid argument: 'D:\\PDFSafe\\Testing Folders\\Testing Folders\\MALWARE_PDF_PRE_04-2011_10982_files\\14a9513e51a3b75d6c71ac6d6ddea50a6ac9bf84'"
"14bfe21a3cd45913e74963f511a6aed4c7712293","malware","low_risk",40,False,30.43,"[Errno 22] Invalid argument: 'D:\\PDFSafe\\Testing Folders\\Testing Folders\\MALWARE_PDF_PRE_04-2011_10982_files\\14bfe21a3cd45913e74963f511a6aed4c7712293'"
"14c9146f13e7c9b7d8f36d00dabb57debe324b62","malware","low_risk",40,False,35.32,"[Errno 22] Invalid argument: 'D:\\PDFSafe\\Testing Folders\\Testing Folders\\MALWARE_PDF_PRE_04-2011_10982_files\\14c9146f13e7c9b7d8f36d00dabb57debe324b62'"
"14ca34b96dd4627db8b529da5e7c174099a9b8d2","malware","low_risk",40,False,13.40,"[Errno 22] Invalid argument: 'D:\\PDFSafe\\Testing Folders\\Testing Folders\\MALWARE_PDF_PRE_04-2011_10982_files\\14ca34b96dd4627db8b529da5e7c174099a9b8d2'"
"14d1a90760efdb50dc734605d970727ba66b4171","malware","low_risk",40,False,13.57,"[Errno 22] Invalid argument: 'D:\\PDFSafe\\Testing Folders\\Testing Folders\\MALWARE_PDF_PRE_04-2011_10982_files\\14d1a90760efdb50dc734605d970727ba66b4171'"
"14e17b1354b8f6064715834e7e927c6c6afb9097","malware","low_risk",40,False,31.77,"[Errno 22] Invalid argument: 'D:\\PDFSafe\\Testing Folders\\Testing Folders\\MALWARE_PDF_PRE_04-2011_10982_files\\14e17b1354b8f6064715834e7e927c6c6afb9097'"
"14dd758acac9b48e7b39733d0b4d8adb1a33ef85","malware","low_risk",40,False,37.83,"[Errno 22] Invalid argument: 'D:\\PDFSafe\\Testing Folders\\Testing Folders\\MALWARE_PDF_PRE_04-2011_10982_files\\14dd758acac9b48e7b39733d0b4d8adb1a33ef85'"
"150aa1b6d7cca2d7903f818f6f53265ff627f1fb","malware","low_risk",40,False,34.46,"[Errno 22] Invalid argument: 'D:\\PDFSafe\\Testing Folders\\Testing Folders\\MALWARE_PDF_PRE_04-2011_10982_files\\150aa1b6d7cca2d7903f818f6f53265ff627f1fb'"
"150afdb63cb0d929beca1427b9f492c590114c50","malware","low_risk",40,False,34.28,"[Errno 22] Invalid argument: 'D:\\PDFSafe\\Testing Folders\\Testing Folders\\MALWARE_PDF_PRE_04-2011_10982_files\\150afdb63cb0d929beca1427b9f492c590114c50'"
"150b4a03a8de47aae1178e314570acc087a89742","malware","low_risk",40,False,35.82,"[Errno 22] Invalid argument: 'D:\\PDFSafe\\Testing Folders\\Testing Folders\\MALWARE_PDF_PRE_04-2011_10982_files\\150b4a03a8de47aae1178e314570acc087a89742'"
"15130fd6e029a24df9e16ae29440e813ceda7fac","malware","low_risk",40,False,38.56,"[Errno 22] Invalid argument: 'D:\\PDFSafe\\Testing Folders\\Testing Folders\\MALWARE_PDF_PRE_04-2011_10982_files\\15130fd6e029a24df9e16ae29440e813ceda7fac'"
"14b3a21b07416886dcb41d691f16a46343945ab0","malware","malicious",96,True,167.09,""
"1527ebbddf52cf5a4331989fe65b2430c47af51d","malware","low_risk",40,False,40.31,"[Errno 22] Invalid argument: 'D:\\PDFSafe\\Testing Folders\\Testing Folders\\MALWARE_PDF_PRE_04-2011_10982_files\\1527ebbddf52cf5a4331989fe65b2430c47af51d'"
"1518cbd3bcebd1bbdaf2252530eb66a28b0d91a7","malware","low_risk",40,False,60.22,"[Errno 22] Invalid argument: 'D:\\PDFSafe\\Testing Folders\\Testing Folders\\MALWARE_PDF_PRE_04-2011_10982_files\\1518cbd3bcebd1bbdaf2252530eb66a28b0d91a7'"
"151b388a05d489ebb99a88133f1f14f93c64bb47","malware","low_risk",40,False,60.31,"[Errno 22] Invalid argument: 'D:\\PDFSafe\\Testing Folders\\Testing Folders\\MALWARE_PDF_PRE_04-2011_10982_files\\151b388a05d489ebb99a88133f1f14f93c64bb47'"
"1529783122ad3b2e40c836558dbefc858ff93c0a","malware","low_risk",40,False,21.80,"[Errno 22] Invalid argument: 'D:\\PDFSafe\\Testing Folders\\Testing Folders\\MALWARE_PDF_PRE_04-2011_10982_files\\1529783122ad3b2e40c836558dbefc858ff93c0a'"
"152bfb371c0d4e4b4dfbc8c8ea849469bc34a269","malware","low_risk",40,False,33.53,"[Errno 22] Invalid argument: 'D:\\PDFSafe\\Testing Folders\\Testing Folders\\MALWARE_PDF_PRE_04-2011_10982_files\\152bfb371c0d4e4b4dfbc8c8ea849469bc34a269'"
"152e787cb2abd181a1bdd9414544bcf9f5079e15","malware","low_risk",40,False,33.11,"[Errno 22] Invalid argument: 'D:\\PDFSafe\\Testing Folders\\Testing Folders\\MALWARE_PDF_PRE_04-2011_10982_files\\152e787cb2abd181a1bdd9414544bcf9f5079e15'"
"15301383825f85e6624c039ad0e38a35fac9efac","malware","low_risk",40,False,16.55,"[Errno 22] Invalid argument: 'D:\\PDFSafe\\Testing Folders\\Testing Folders\\MALWARE_PDF_PRE_04-2011_10982_files\\15301383825f85e6624c039ad0e38a35fac9efac'"
"152fb9f9a1d3751faf2b4032698848b23d7a9723","malware","low_risk",40,False,29.24,"[Errno 22] Invalid argument: 'D:\\PDFSafe\\Testing Folders\\Testing Folders\\MALWARE_PDF_PRE_04-2011_10982_files\\152fb9f9a1d3751faf2b4032698848b23d7a9723'"
"15060246c4bf26fde54cae6304d531d6a2a9c5b5","malware","low_risk",40,False,223.36,"[Errno 22] Invalid argument: 'D:\\PDFSafe\\Testing Folders\\Testing Folders\\MALWARE_PDF_PRE_04-2011_10982_files\\15060246c4bf26fde54cae6304d531d6a2a9c5b5'"
"15407bdff2d970974af86fb2eb662fa95fbeed3d","malware","low_risk",40,False,34.73,"[Errno 22] Invalid argument: 'D:\\PDFSafe\\Testing Folders\\Testing Folders\\MALWARE_PDF_PRE_04-2011_10982_files\\15407bdff2d970974af86fb2eb662fa95fbeed3d'"
"15648d8c50de0001e6633508ea146c032b9cad8f","malware","low_risk",40,False,11.74,"[Errno 22] Invalid argument: 'D:\\PDFSafe\\Testing Folders\\Testing Folders\\MALWARE_PDF_PRE_04-2011_10982_files\\15648d8c50de0001e6633508ea146c032b9cad8f'"
"15600883eaa22d587512ad9d34f70667766c66f3","malware","low_risk",40,False,43.22,"[Errno 22] Invalid argument: 'D:\\PDFSafe\\Testing Folders\\Testing Folders\\MALWARE_PDF_PRE_04-2011_10982_files\\15600883eaa22d587512ad9d34f70667766c66f3'"
"155f8d2bb76ada904647a025dbc03da1ed5403ba","malware","malicious",97,True,45.85,""
"1563cd8fab29496683ea9ffed97f102e5d1856b8","malware","low_risk",40,False,88.78,"[Errno 22] Invalid argument: 'D:\\PDFSafe\\Testing Folders\\Testing Folders\\MALWARE_PDF_PRE_04-2011_10982_files\\1563cd8fab29496683ea9ffed97f102e5d1856b8'"
"1569ec2afefd620abb6c776412da1e2156150a29","malware","low_risk",40,False,73.14,"[Errno 22] Invalid argument: 'D:\\PDFSafe\\Testing Folders\\Testing Folders\\MALWARE_PDF_PRE_04-2011_10982_files\\1569ec2afefd620abb6c776412da1e2156150a29'"
"1570826b5606252d39542c2d35d89ffbe14aea85","malware","low_risk",40,False,63.20,"[Errno 22] Invalid argument: 'D:\\PDFSafe\\Testing Folders\\Testing Folders\\MALWARE_PDF_PRE_04-2011_10982_files\\1570826b5606252d39542c2d35d89ffbe14aea85'"
"15708a02f97f60caf97649915c36c601988522fe","malware","low_risk",40,False,70.49,"[Errno 22] Invalid argument: 'D:\\PDFSafe\\Testing Folders\\Testing Folders\\MALWARE_PDF_PRE_04-2011_10982_files\\15708a02f97f60caf97649915c36c601988522fe'"
"1585be6a0733db5bfa6a4bde41cb5cb2892ed38e","malware","low_risk",40,False,16.12,"[Errno 22] Invalid argument: 'D:\\PDFSafe\\Testing Folders\\Testing Folders\\MALWARE_PDF_PRE_04-2011_10982_files\\1585be6a0733db5bfa6a4bde41cb5cb2892ed38e'"
"1580ce40a94c9bf196d924944337fdfb1064f104","malware","low_risk",40,False,36.64,"[Errno 22] Invalid argument: 'D:\\PDFSafe\\Testing Folders\\Testing Folders\\MALWARE_PDF_PRE_04-2011_10982_files\\1580ce40a94c9bf196d924944337fdfb1064f104'"
"15904fc336cc44dac9fb2d68dd2790f092740c39","malware","low_risk",40,False,12.74,"[Errno 22] Invalid argument: 'D:\\PDFSafe\\Testing Folders\\Testing Folders\\MALWARE_PDF_PRE_04-2011_10982_files\\15904fc336cc44dac9fb2d68dd2790f092740c39'"
"15861a77ff1869166a3a6e53a58b725e4189f5f5","malware","low_risk",40,False,53.21,"[Errno 22] Invalid argument: 'D:\\PDFSafe\\Testing Folders\\Testing Folders\\MALWARE_PDF_PRE_04-2011_10982_files\\15861a77ff1869166a3a6e53a58b725e4189f5f5'"
"1587594b233a697625ee84fd39a6e84b5115aec3","malware","low_risk",40,False,43.44,"[Errno 22] Invalid argument: 'D:\\PDFSafe\\Testing Folders\\Testing Folders\\MALWARE_PDF_PRE_04-2011_10982_files\\1587594b233a697625ee84fd39a6e84b5115aec3'"
"15939e7f3bb32815e5c2bb80e9bb2853af87b46b","malware","low_risk",40,False,16.62,"[Errno 22] Invalid argument: 'D:\\PDFSafe\\Testing Folders\\Testing Folders\\MALWARE_PDF_PRE_04-2011_10982_files\\15939e7f3bb32815e5c2bb80e9bb2853af87b46b'"
"158c06224253e60b04c662564427c52d4f449d35","malware","low_risk",40,False,43.42,"[Errno 22] Invalid argument: 'D:\\PDFSafe\\Testing Folders\\Testing Folders\\MALWARE_PDF_PRE_04-2011_10982_files\\158c06224253e60b04c662564427c52d4f449d35'"
"15aef482ffbb5642fe0e75426f36b34c5c36a579","malware","low_risk",40,False,28.44,"[Errno 22] Invalid argument: 'D:\\PDFSafe\\Testing Folders\\Testing Folders\\MALWARE_PDF_PRE_04-2011_10982_files\\15aef482ffbb5642fe0e75426f36b34c5c36a579'"
"15a30b3d32e4dca2a4293daacce443aad480a82a","malware","low_risk",40,False,38.32,"[Errno 22] Invalid argument: 'D:\\PDFSafe\\Testing Folders\\Testing Folders\\MALWARE_PDF_PRE_04-2011_10982_files\\15a30b3d32e4dca2a4293daacce443aad480a82a'"
"15b664d2170f7b736a14fe14b2da3d1895189b5c","malware","low_risk",40,False,39.35,"[Errno 22] Invalid argument: 'D:\\PDFSafe\\Testing Folders\\Testing Folders\\MALWARE_PDF_PRE_04-2011_10982_files\\15b664d2170f7b736a14fe14b2da3d1895189b5c'"
"15a1c5c9e00f2cf2813038aa495b8c445363bf2b","malware","low_risk",40,False,59.78,"[Errno 22] Invalid argument: 'D:\\PDFSafe\\Testing Folders\\Testing Folders\\MALWARE_PDF_PRE_04-2011_10982_files\\15a1c5c9e00f2cf2813038aa495b8c445363bf2b'"
"15c4b6df56bab66c5c843caeec99e3f33bd813ef","malware","low_risk",40,False,28.91,"[Errno 22] Invalid argument: 'D:\\PDFSafe\\Testing Folders\\Testing Folders\\MALWARE_PDF_PRE_04-2011_10982_files\\15c4b6df56bab66c5c843caeec99e3f33bd813ef'"
"15c25108bcb8b3f828c64e48caedfb9d6e3860f5","malware","low_risk",40,False,37.09,"[Errno 22] Invalid argument: 'D:\\PDFSafe\\Testing Folders\\Testing Folders\\MALWARE_PDF_PRE_04-2011_10982_files\\15c25108bcb8b3f828c64e48caedfb9d6e3860f5'"
"15b6ef1bb8b6521d877b078de0c05bf6b53a585f","malware","low_risk",40,False,42.40,"[Errno 22] Invalid argument: 'D:\\PDFSafe\\Testing Folders\\Testing Folders\\MALWARE_PDF_PRE_04-2011_10982_files\\15b6ef1bb8b6521d877b078de0c05bf6b53a585f'"
"15d27640435ad89f1f3d9fc7906132912b0d85ea","malware","low_risk",40,False,32.24,"[Errno 22] Invalid argument: 'D:\\PDFSafe\\Testing Folders\\Testing Folders\\MALWARE_PDF_PRE_04-2011_10982_files\\15d27640435ad89f1f3d9fc7906132912b0d85ea'"
"15d41ea5f3942736cc39f0abad85c72d3fb3bb0e","malware","low_risk",40,False,34.67,"[Errno 22] Invalid argument: 'D:\\PDFSafe\\Testing Folders\\Testing Folders\\MALWARE_PDF_PRE_04-2011_10982_files\\15d41ea5f3942736cc39f0abad85c72d3fb3bb0e'"
"15c760451002d1e52ae2d21e194cc6188364193c","malware","low_risk",40,False,57.62,"[Errno 22] Invalid argument: 'D:\\PDFSafe\\Testing Folders\\Testing Folders\\MALWARE_PDF_PRE_04-2011_10982_files\\15c760451002d1e52ae2d21e194cc6188364193c'"
"15d5ee7652fa0444346669c957e7ce69979b8f3b","malware","low_risk",40,False,40.52,"[Errno 22] Invalid argument: 'D:\\PDFSafe\\Testing Folders\\Testing Folders\\MALWARE_PDF_PRE_04-2011_10982_files\\15d5ee7652fa0444346669c957e7ce69979b8f3b'"
"15da70bf847baaf7b02d5cb3805fd798c9e53f47","malware","low_risk",40,False,15.81,"[Errno 22] Invalid argument: 'D:\\PDFSafe\\Testing Folders\\Testing Folders\\MALWARE_PDF_PRE_04-2011_10982_files\\15da70bf847baaf7b02d5cb3805fd798c9e53f47'"
"15e1a7faa98bf77b3936b8880728b0ebfa48243c","malware","low_risk",40,False,18.52,"[Errno 22] Invalid argument: 'D:\\PDFSafe\\Testing Folders\\Testing Folders\\MALWARE_PDF_PRE_04-2011_10982_files\\15e1a7faa98bf77b3936b8880728b0ebfa48243c'"
"15dec73f260c9506e7c31f0f36c3a68693256f43","malware","low_risk",40,False,34.59,"[Errno 22] Invalid argument: 'D:\\PDFSafe\\Testing Folders\\Testing Folders\\MALWARE_PDF_PRE_04-2011_10982_files\\15dec73f260c9506e7c31f0f36c3a68693256f43'"
"15e052937092d3f74fce357e92aec6235564cebd","malware","low_risk",40,False,30.24,"[Errno 22] Invalid argument: 'D:\\PDFSafe\\Testing Folders\\Testing Folders\\MALWARE_PDF_PRE_04-2011_10982_files\\15e052937092d3f74fce357e92aec6235564cebd'"
"15e6def66ed6356bdab04ccfcafdb7c79e9345e9","malware","low_risk",40,False,30.27,"[Errno 22] Invalid argument: 'D:\\PDFSafe\\Testing Folders\\Testing Folders\\MALWARE_PDF_PRE_04-2011_10982_files\\15e6def66ed6356bdab04ccfcafdb7c79e9345e9'"
"15e9adc041499b1a1be3968ac0ec00b990c09b5a","malware","low_risk",40,False,13.34,"[Errno 22] Invalid argument: 'D:\\PDFSafe\\Testing Folders\\Testing Folders\\MALWARE_PDF_PRE_04-2011_10982_files\\15e9adc041499b1a1be3968ac0ec00b990c09b5a'"
"15e754c12ad948539c24bd4f0c5ecebf23d57a4e","malware","low_risk",40,False,38.87,"[Errno 22] Invalid argument: 'D:\\PDFSafe\\Testing Folders\\Testing Folders\\MALWARE_PDF_PRE_04-2011_10982_files\\15e754c12ad948539c24bd4f0c5ecebf23d57a4e'"
"15ebaf8c090a7c0d78cd1a5ff923d915961353fc","malware","low_risk",40,False,33.51,"[Errno 22] Invalid argument: 'D:\\PDFSafe\\Testing Folders\\Testing Folders\\MALWARE_PDF_PRE_04-2011_10982_files\\15ebaf8c090a7c0d78cd1a5ff923d915961353fc'"
"16004b52bf363c3e9f56f068cc5bad8c27656dcd","malware","low_risk",40,False,36.71,"[Errno 22] Invalid argument: 'D:\\PDFSafe\\Testing Folders\\Testing Folders\\MALWARE_PDF_PRE_04-2011_10982_files\\16004b52bf363c3e9f56f068cc5bad8c27656dcd'"
"160ea50ca6c573545a0b4bafb9318489cf3c1f3a","malware","low_risk",40,False,35.81,"[Errno 22] Invalid argument: 'D:\\PDFSafe\\Testing Folders\\Testing Folders\\MALWARE_PDF_PRE_04-2011_10982_files\\160ea50ca6c573545a0b4bafb9318489cf3c1f3a'"
"161a16d032c4bcd49ac20478c92e140d6a7fac9d","malware","low_risk",40,False,34.29,"[Errno 22] Invalid argument: 'D:\\PDFSafe\\Testing Folders\\Testing Folders\\MALWARE_PDF_PRE_04-2011_10982_files\\161a16d032c4bcd49ac20478c92e140d6a7fac9d'"
"161eb2eda3318e817b2ac04444ba5543295f9724","malware","low_risk",40,False,36.41,"[Errno 22] Invalid argument: 'D:\\PDFSafe\\Testing Folders\\Testing Folders\\MALWARE_PDF_PRE_04-2011_10982_files\\161eb2eda3318e817b2ac04444ba5543295f9724'"
"16231f066367268c0542a15c945657b4fe973068","malware","low_risk",40,False,36.56,"[Errno 22] Invalid argument: 'D:\\PDFSafe\\Testing Folders\\Testing Folders\\MALWARE_PDF_PRE_04-2011_10982_files\\16231f066367268c0542a15c945657b4fe973068'"
"16276a27c53f18b4c65d3a6212e98fe5f8abbbcb","malware","low_risk",40,False,32.87,"[Errno 22] Invalid argument: 'D:\\PDFSafe\\Testing Folders\\Testing Folders\\MALWARE_PDF_PRE_04-2011_10982_files\\16276a27c53f18b4c65d3a6212e98fe5f8abbbcb'"
"162fac06e6b3ad8ab51035b80402525671feadac","malware","low_risk",40,False,10.94,"[Errno 22] Invalid argument: 'D:\\PDFSafe\\Testing Folders\\Testing Folders\\MALWARE_PDF_PRE_04-2011_10982_files\\162fac06e6b3ad8ab51035b80402525671feadac'"
"1629ae30e71f47f716a9aa28e8856f97275ede95","malware","low_risk",40,False,41.88,"[Errno 22] Invalid argument: 'D:\\PDFSafe\\Testing Folders\\Testing Folders\\MALWARE_PDF_PRE_04-2011_10982_files\\1629ae30e71f47f716a9aa28e8856f97275ede95'"
"1630163a9df5ef7579d18ef1e17d9edb4fe1ae73","malware","low_risk",40,False,31.67,"[Errno 22] Invalid argument: 'D:\\PDFSafe\\Testing Folders\\Testing Folders\\MALWARE_PDF_PRE_04-2011_10982_files\\1630163a9df5ef7579d18ef1e17d9edb4fe1ae73'"
"16394c26cb1e64de63cb2e2249b1e2bb14355752","malware","low_risk",40,False,31.95,"[Errno 22] Invalid argument: 'D:\\PDFSafe\\Testing Folders\\Testing Folders\\MALWARE_PDF_PRE_04-2011_10982_files\\16394c26cb1e64de63cb2e2249b1e2bb14355752'"
"163b7d3d8519c3da6143b2fc3ecead4343042b06","malware","low_risk",40,False,42.32,"[Errno 22] Invalid argument: 'D:\\PDFSafe\\Testing Folders\\Testing Folders\\MALWARE_PDF_PRE_04-2011_10982_files\\163b7d3d8519c3da6143b2fc3ecead4343042b06'"
"163c2f4a83b527f7e7ee451814d1ce1a44f66d05","malware","low_risk",40,False,33.70,"[Errno 22] Invalid argument: 'D:\\PDFSafe\\Testing Folders\\Testing Folders\\MALWARE_PDF_PRE_04-2011_10982_files\\163c2f4a83b527f7e7ee451814d1ce1a44f66d05'"
"1646c7a6b1055f2963273d4ec66f63ac4d6d918c","malware","low_risk",40,False,29.79,"[Errno 22] Invalid argument: 'D:\\PDFSafe\\Testing Folders\\Testing Folders\\MALWARE_PDF_PRE_04-2011_10982_files\\1646c7a6b1055f2963273d4ec66f63ac4d6d918c'"
"165ad3af0328795ce9be76c0edae74c12bec45a9","malware","low_risk",40,False,34.65,"[Errno 22] Invalid argument: 'D:\\PDFSafe\\Testing Folders\\Testing Folders\\MALWARE_PDF_PRE_04-2011_10982_files\\165ad3af0328795ce9be76c0edae74c12bec45a9'"
"16751b048a68c784a1b3a962677c6c964d5cc8e0","malware","low_risk",40,False,32.02,"[Errno 22] Invalid argument: 'D:\\PDFSafe\\Testing Folders\\Testing Folders\\MALWARE_PDF_PRE_04-2011_10982_files\\16751b048a68c784a1b3a962677c6c964d5cc8e0'"
"168e29c6e9bfd786a4447b20347ccb2a0ce03eb3","malware","low_risk",40,False,20.16,"[Errno 22] Invalid argument: 'D:\\PDFSafe\\Testing Folders\\Testing Folders\\MALWARE_PDF_PRE_04-2011_10982_files\\168e29c6e9bfd786a4447b20347ccb2a0ce03eb3'"
"1675d4e99faf85fc1178142768fc433e391fe9a7","malware","low_risk",40,False,41.09,"[Errno 22] Invalid argument: 'D:\\PDFSafe\\Testing Folders\\Testing Folders\\MALWARE_PDF_PRE_04-2011_10982_files\\1675d4e99faf85fc1178142768fc433e391fe9a7'"
"167618c67b4c82a68d8938919b83cc3bae47d95e","malware","low_risk",40,False,38.09,"[Errno 22] Invalid argument: 'D:\\PDFSafe\\Testing Folders\\Testing Folders\\MALWARE_PDF_PRE_04-2011_10982_files\\167618c67b4c82a68d8938919b83cc3bae47d95e'"
"167a3f888f8286b01c3964ecf251b85600fc6312","malware","low_risk",40,False,36.51,"[Errno 22] Invalid argument: 'D:\\PDFSafe\\Testing Folders\\Testing Folders\\MALWARE_PDF_PRE_04-2011_10982_files\\167a3f888f8286b01c3964ecf251b85600fc6312'"
"16972a1ebe0a435ed9956bf69c135aac055cfb0a","malware","low_risk",40,False,13.90,"[Errno 22] Invalid argument: 'D:\\PDFSafe\\Testing Folders\\Testing Folders\\MALWARE_PDF_PRE_04-2011_10982_files\\16972a1ebe0a435ed9956bf69c135aac055cfb0a'"
"1697cc8ebd5e9ff1c57b5a60d743fc8d29d5c82c","malware","low_risk",40,False,30.18,"[Errno 22] Invalid argument: 'D:\\PDFSafe\\Testing Folders\\Testing Folders\\MALWARE_PDF_PRE_04-2011_10982_files\\1697cc8ebd5e9ff1c57b5a60d743fc8d29d5c82c'"
"16a918ed729fddde37eb051fac1a6cf7edfcae03","malware","low_risk",40,False,33.01,"[Errno 22] Invalid argument: 'D:\\PDFSafe\\Testing Folders\\Testing Folders\\MALWARE_PDF_PRE_04-2011_10982_files\\16a918ed729fddde37eb051fac1a6cf7edfcae03'"
"16a804765fae3676961573ece5d3c806428608f7","malware","low_risk",40,False,37.99,"[Errno 22] Invalid argument: 'D:\\PDFSafe\\Testing Folders\\Testing Folders\\MALWARE_PDF_PRE_04-2011_10982_files\\16a804765fae3676961573ece5d3c806428608f7'"
"16aa1c8efaeea57d9364a2e765a6d80695bc4ca0","malware","low_risk",40,False,38.67,"[Errno 22] Invalid argument: 'D:\\PDFSafe\\Testing Folders\\Testing Folders\\MALWARE_PDF_PRE_04-2011_10982_files\\16aa1c8efaeea57d9364a2e765a6d80695bc4ca0'"
"16ad7d34ecf34325631494471619f1a86d4c275a","malware","low_risk",40,False,36.01,"[Errno 22] Invalid argument: 'D:\\PDFSafe\\Testing Folders\\Testing Folders\\MALWARE_PDF_PRE_04-2011_10982_files\\16ad7d34ecf34325631494471619f1a86d4c275a'"
"16b015cdb186f6cac395bb6cbd4a7438a9b96675","malware","low_risk",40,False,27.14,"[Errno 22] Invalid argument: 'D:\\PDFSafe\\Testing Folders\\Testing Folders\\MALWARE_PDF_PRE_04-2011_10982_files\\16b015cdb186f6cac395bb6cbd4a7438a9b96675'"
"16b74775d798d5844641374f04c3f0734c827a54","malware","low_risk",40,False,28.82,"[Errno 22] Invalid argument: 'D:\\PDFSafe\\Testing Folders\\Testing Folders\\MALWARE_PDF_PRE_04-2011_10982_files\\16b74775d798d5844641374f04c3f0734c827a54'"
"16c87d655e2aed9d2e16cf44d87bf049b13599a8","malware","low_risk",40,False,11.57,"[Errno 22] Invalid argument: 'D:\\PDFSafe\\Testing Folders\\Testing Folders\\MALWARE_PDF_PRE_04-2011_10982_files\\16c87d655e2aed9d2e16cf44d87bf049b13599a8'"
"16c14137c27a08fb783446718c58474950729e0e","malware","low_risk",40,False,34.85,"[Errno 22] Invalid argument: 'D:\\PDFSafe\\Testing Folders\\Testing Folders\\MALWARE_PDF_PRE_04-2011_10982_files\\16c14137c27a08fb783446718c58474950729e0e'"
"16d39d2fda1837d4d6ad33259052c60d189a0502","malware","low_risk",40,False,31.68,"[Errno 22] Invalid argument: 'D:\\PDFSafe\\Testing Folders\\Testing Folders\\MALWARE_PDF_PRE_04-2011_10982_files\\16d39d2fda1837d4d6ad33259052c60d189a0502'"
"16d7c7034a8a30a6a14f48f144894105a8d2470b","malware","low_risk",40,False,34.27,"[Errno 22] Invalid argument: 'D:\\PDFSafe\\Testing Folders\\Testing Folders\\MALWARE_PDF_PRE_04-2011_10982_files\\16d7c7034a8a30a6a14f48f144894105a8d2470b'"
"16e17b980a77208eefee651ec9f6710937c15686","malware","low_risk",40,False,33.03,"[Errno 22] Invalid argument: 'D:\\PDFSafe\\Testing Folders\\Testing Folders\\MALWARE_PDF_PRE_04-2011_10982_files\\16e17b980a77208eefee651ec9f6710937c15686'"
"16e899c95271aa20165324064749767dfea69ec3","malware","low_risk",40,False,12.63,"[Errno 22] Invalid argument: 'D:\\PDFSafe\\Testing Folders\\Testing Folders\\MALWARE_PDF_PRE_04-2011_10982_files\\16e899c95271aa20165324064749767dfea69ec3'"
"16e99d233cf1a523ddd45d9c05cbe0d6529d0027","malware","low_risk",40,False,34.89,"[Errno 22] Invalid argument: 'D:\\PDFSafe\\Testing Folders\\Testing Folders\\MALWARE_PDF_PRE_04-2011_10982_files\\16e99d233cf1a523ddd45d9c05cbe0d6529d0027'"
"16e9b5769d982b3f6bc7636e10eb74f79a5c1376","malware","low_risk",40,False,31.23,"[Errno 22] Invalid argument: 'D:\\PDFSafe\\Testing Folders\\Testing Folders\\MALWARE_PDF_PRE_04-2011_10982_files\\16e9b5769d982b3f6bc7636e10eb74f79a5c1376'"
"16eed6ddea015d8d62623130f2d6aa5edf00838a","malware","low_risk",40,False,30.85,"[Errno 22] Invalid argument: 'D:\\PDFSafe\\Testing Folders\\Testing Folders\\MALWARE_PDF_PRE_04-2011_10982_files\\16eed6ddea015d8d62623130f2d6aa5edf00838a'"
"16e39e5e9f486de796a1c339c8687ef7f65cf11d","malware","malicious",86,True,70.11,""
"16ffff09a283afa8bbea44efa2f95695217bfe24","malware","low_risk",40,False,27.43,"[Errno 22] Invalid argument: 'D:\\PDFSafe\\Testing Folders\\Testing Folders\\MALWARE_PDF_PRE_04-2011_10982_files\\16ffff09a283afa8bbea44efa2f95695217bfe24'"
"16f80f01263e80112113880d9ad9ec3be8ebd756","malware","low_risk",40,False,30.16,"[Errno 22] Invalid argument: 'D:\\PDFSafe\\Testing Folders\\Testing Folders\\MALWARE_PDF_PRE_04-2011_10982_files\\16f80f01263e80112113880d9ad9ec3be8ebd756'"
"170a85ba1300e69a4e5e2ab63835751e4dee0f67","malware","low_risk",40,False,38.10,"[Errno 22] Invalid argument: 'D:\\PDFSafe\\Testing Folders\\Testing Folders\\MALWARE_PDF_PRE_04-2011_10982_files\\170a85ba1300e69a4e5e2ab63835751e4dee0f67'"
"170ba65340cc9e70cdef7f59bc9e45f336d0dd5c","malware","low_risk",40,False,33.61,"[Errno 22] Invalid argument: 'D:\\PDFSafe\\Testing Folders\\Testing Folders\\MALWARE_PDF_PRE_04-2011_10982_files\\170ba65340cc9e70cdef7f59bc9e45f336d0dd5c'"
"1711c31b0b33c90a1d171003770666d19bbdc986","malware","low_risk",40,False,33.89,"[Errno 22] Invalid argument: 'D:\\PDFSafe\\Testing Folders\\Testing Folders\\MALWARE_PDF_PRE_04-2011_10982_files\\1711c31b0b33c90a1d171003770666d19bbdc986'"
"1712e085fe7c5130201bd5ed16d1c8d758c405b4","malware","low_risk",40,False,32.47,"[Errno 22] Invalid argument: 'D:\\PDFSafe\\Testing Folders\\Testing Folders\\MALWARE_PDF_PRE_04-2011_10982_files\\1712e085fe7c5130201bd5ed16d1c8d758c405b4'"
"1719eb3ccfd454f26807fbe87fded391330b8f0a","malware","low_risk",40,False,30.07,"[Errno 22] Invalid argument: 'D:\\PDFSafe\\Testing Folders\\Testing Folders\\MALWARE_PDF_PRE_04-2011_10982_files\\1719eb3ccfd454f26807fbe87fded391330b8f0a'"
"17256b66d0acadeb382d39793d889c142184136d","malware","low_risk",40,False,32.72,"[Errno 22] Invalid argument: 'D:\\PDFSafe\\Testing Folders\\Testing Folders\\MALWARE_PDF_PRE_04-2011_10982_files\\17256b66d0acadeb382d39793d889c142184136d'"
"17332f7ee66de54c07bcb4787847e1e2bd410fb8","malware","low_risk",40,False,34.14,"[Errno 22] Invalid argument: 'D:\\PDFSafe\\Testing Folders\\Testing Folders\\MALWARE_PDF_PRE_04-2011_10982_files\\17332f7ee66de54c07bcb4787847e1e2bd410fb8'"
"1737b26d7964910dfe38602d9fea87970ddcc668","malware","low_risk",40,False,31.42,"[Errno 22] Invalid argument: 'D:\\PDFSafe\\Testing Folders\\Testing Folders\\MALWARE_PDF_PRE_04-2011_10982_files\\1737b26d7964910dfe38602d9fea87970ddcc668'"
"1745883374182816e0c87ab3fd202eb8e1022c17","malware","low_risk",40,False,51.02,"[Errno 22] Invalid argument: 'D:\\PDFSafe\\Testing Folders\\Testing Folders\\MALWARE_PDF_PRE_04-2011_10982_files\\1745883374182816e0c87ab3fd202eb8e1022c17'"
"174f41a7e701f725692818a7d8f41e8544c98f61","malware","low_risk",40,False,29.72,"[Errno 22] Invalid argument: 'D:\\PDFSafe\\Testing Folders\\Testing Folders\\MALWARE_PDF_PRE_04-2011_10982_files\\174f41a7e701f725692818a7d8f41e8544c98f61'"
"1756f90abc2746113464a393f3b90015bcac71c4","malware","low_risk",40,False,27.34,"[Errno 22] Invalid argument: 'D:\\PDFSafe\\Testing Folders\\Testing Folders\\MALWARE_PDF_PRE_04-2011_10982_files\\1756f90abc2746113464a393f3b90015bcac71c4'"
"17674f77f780816152ca079ba96c71ed9902fbc7","malware","low_risk",40,False,11.60,"[Errno 22] Invalid argument: 'D:\\PDFSafe\\Testing Folders\\Testing Folders\\MALWARE_PDF_PRE_04-2011_10982_files\\17674f77f780816152ca079ba96c71ed9902fbc7'"
"17573c23cd258656ffa4fb273561e461ee003afc","malware","low_risk",40,False,31.20,"[Errno 22] Invalid argument: 'D:\\PDFSafe\\Testing Folders\\Testing Folders\\MALWARE_PDF_PRE_04-2011_10982_files\\17573c23cd258656ffa4fb273561e461ee003afc'"
"1763a030df25c303fee4cde637f131f9d3318aba","malware","low_risk",40,False,51.46,"[Errno 22] Invalid argument: 'D:\\PDFSafe\\Testing Folders\\Testing Folders\\MALWARE_PDF_PRE_04-2011_10982_files\\1763a030df25c303fee4cde637f131f9d3318aba'"
"17684a91855432bbc451f278747f15197ebdbdb8","malware","low_risk",40,False,45.61,"[Errno 22] Invalid argument: 'D:\\PDFSafe\\Testing Folders\\Testing Folders\\MALWARE_PDF_PRE_04-2011_10982_files\\17684a91855432bbc451f278747f15197ebdbdb8'"
"176a154ec04ed8b62f6856cd7331a08c68673ecf","malware","low_risk",40,False,30.84,"[Errno 22] Invalid argument: 'D:\\PDFSafe\\Testing Folders\\Testing Folders\\MALWARE_PDF_PRE_04-2011_10982_files\\176a154ec04ed8b62f6856cd7331a08c68673ecf'"
"17727911569f7aff30ca75f9c7a27a84806d3568","malware","low_risk",40,False,28.46,"[Errno 22] Invalid argument: 'D:\\PDFSafe\\Testing Folders\\Testing Folders\\MALWARE_PDF_PRE_04-2011_10982_files\\17727911569f7aff30ca75f9c7a27a84806d3568'"
"1775b9b9f5efefbaa3d01711edf08e9784a568de","malware","low_risk",40,False,29.52,"[Errno 22] Invalid argument: 'D:\\PDFSafe\\Testing Folders\\Testing Folders\\MALWARE_PDF_PRE_04-2011_10982_files\\1775b9b9f5efefbaa3d01711edf08e9784a568de'"
"178f59d488a40891203739b2cf63311dde208709","malware","low_risk",40,False,39.35,"[Errno 22] Invalid argument: 'D:\\PDFSafe\\Testing Folders\\Testing Folders\\MALWARE_PDF_PRE_04-2011_10982_files\\178f59d488a40891203739b2cf63311dde208709'"
"1798aa2f50089c8b461776098e8ff60f02f55fc1","malware","low_risk",40,False,11.18,"[Errno 22] Invalid argument: 'D:\\PDFSafe\\Testing Folders\\Testing Folders\\MALWARE_PDF_PRE_04-2011_10982_files\\1798aa2f50089c8b461776098e8ff60f02f55fc1'"
"17919a7fc5b31e88ce1f8f07b3629aa358c1c8a6","malware","low_risk",40,False,35.28,"[Errno 22] Invalid argument: 'D:\\PDFSafe\\Testing Folders\\Testing Folders\\MALWARE_PDF_PRE_04-2011_10982_files\\17919a7fc5b31e88ce1f8f07b3629aa358c1c8a6'"
"17a2c186460fa7a7e10d2a3cda22ee2dd3e666c3","malware","low_risk",40,False,11.64,"[Errno 22] Invalid argument: 'D:\\PDFSafe\\Testing Folders\\Testing Folders\\MALWARE_PDF_PRE_04-2011_10982_files\\17a2c186460fa7a7e10d2a3cda22ee2dd3e666c3'"
"1793b5bfc21ee16df89413eca5230200d766ebdc","malware","low_risk",40,False,177.41,"[Errno 22] Invalid argument: 'D:\\PDFSafe\\Testing Folders\\Testing Folders\\MALWARE_PDF_PRE_04-2011_10982_files\\1793b5bfc21ee16df89413eca5230200d766ebdc'"
"16f6501cab7f903d1b1846c4967062ed1bdeb6c6","malware","low_risk",40,False,1431.57,"[Errno 22] Invalid argument: 'D:\\PDFSafe\\Testing Folders\\Testing Folders\\MALWARE_PDF_PRE_04-2011_10982_files\\16f6501cab7f903d1b1846c4967062ed1bdeb6c6'"
